-- phpMyAdmin SQL Dump
-- version 3.4.11.1deb2+deb7u1
-- http://www.phpmyadmin.net
--
-- Servidor: localhost
-- Tiempo de generación: 28-02-2018 a las 14:30:15
-- Versión del servidor: 5.5.43
-- Versión de PHP: 5.4.45-0+deb7u5

SET SQL_MODE="NO_AUTO_VALUE_ON_ZERO";
SET time_zone = "+00:00";


/*!40101 SET @OLD_CHARACTER_SET_CLIENT=@@CHARACTER_SET_CLIENT */;
/*!40101 SET @OLD_CHARACTER_SET_RESULTS=@@CHARACTER_SET_RESULTS */;
/*!40101 SET @OLD_COLLATION_CONNECTION=@@COLLATION_CONNECTION */;
/*!40101 SET NAMES utf8 */;

--
-- Base de datos: `atlas`
--

-- --------------------------------------------------------

--
-- Estructura de tabla para la tabla `actividades_semanales`
--

CREATE TABLE IF NOT EXISTS `actividades_semanales` (
  `id` bigint(20) unsigned NOT NULL AUTO_INCREMENT,
  `descripcion` text NOT NULL,
  `gerencia_id` int(11) NOT NULL,
  `semana` int(11) NOT NULL,
  `annio` int(11) NOT NULL,
  `fecha` varchar(10) NOT NULL,
  UNIQUE KEY `id` (`id`)
) ENGINE=InnoDB  DEFAULT CHARSET=latin1 AUTO_INCREMENT=8 ;

--
-- Volcado de datos para la tabla `actividades_semanales`
--

INSERT INTO `actividades_semanales` (`id`, `descripcion`, `gerencia_id`, `semana`, `annio`, `fecha`) VALUES
(6, 'prueba de barre vehicular', 7, 6, 2018, '05-02-2018'),
(7, 'bote de escombros', 15, 6, 2018, '05-02-2018');

-- --------------------------------------------------------

--
-- Estructura de tabla para la tabla `articulos_compra`
--

CREATE TABLE IF NOT EXISTS `articulos_compra` (
  `id` bigint(20) unsigned NOT NULL AUTO_INCREMENT,
  `articulos_requisiciones_id` int(11) NOT NULL,
  `orden_compra_id` int(11) NOT NULL,
  `precio_unitario` double NOT NULL,
  `cantidad` int(11) NOT NULL,
  `iva` int(11) NOT NULL,
  UNIQUE KEY `id` (`id`)
) ENGINE=InnoDB  DEFAULT CHARSET=latin1 AUTO_INCREMENT=46 ;

--
-- Volcado de datos para la tabla `articulos_compra`
--

INSERT INTO `articulos_compra` (`id`, `articulos_requisiciones_id`, `orden_compra_id`, `precio_unitario`, `cantidad`, `iva`) VALUES
(33, 42, 26, 58000, 2, 2),
(34, 43, 26, 230000, 6, 2),
(35, 42, 27, 63000, 1, 2),
(36, 51, 28, 6500, 22, 2),
(37, 51, 29, 4300, 12, 2),
(38, 78, 30, 0, 2, 0),
(39, 78, 31, 27000, 3, 2),
(40, 80, 32, 6964285.71, 2, 2),
(41, 79, 33, 4687500, 2, 2),
(42, 79, 34, 4696428.57, 3, 2),
(43, 82, 44, 2000000, 6, 0),
(44, 86, 45, 1290000, 1, 2),
(45, 88, 46, 1400000, 1, 2);

-- --------------------------------------------------------

--
-- Estructura de tabla para la tabla `articulos_requisiciones`
--

CREATE TABLE IF NOT EXISTS `articulos_requisiciones` (
  `id` bigint(20) unsigned NOT NULL AUTO_INCREMENT,
  `descripcion` text NOT NULL,
  `unidad` varchar(50) NOT NULL,
  `cantidad_solicitada` varchar(50) NOT NULL,
  `cantidad_adquirida` int(11) NOT NULL DEFAULT '0',
  `requisiciones_id` int(11) NOT NULL,
  `comprado` int(11) NOT NULL DEFAULT '0',
  `partida` varchar(13) NOT NULL,
  UNIQUE KEY `id` (`id`)
) ENGINE=InnoDB  DEFAULT CHARSET=latin1 AUTO_INCREMENT=108 ;

--
-- Volcado de datos para la tabla `articulos_requisiciones`
--

INSERT INTO `articulos_requisiciones` (`id`, `descripcion`, `unidad`, `cantidad_solicitada`, `cantidad_adquirida`, `requisiciones_id`, `comprado`, `partida`) VALUES
(42, 'router', 'unidad', '3', 2, 21, 0, ''),
(43, 'scanner', 'unidad', '6', 6, 21, 0, ''),
(44, 'Router', 'unidad', '2', 0, 22, 0, ''),
(45, 'cable utp cat5', 'metros', '500', 0, 22, 0, ''),
(46, 'ssadasd', '3', '32', 0, 23, 0, '4.02.01.00.01'),
(47, 'ghdfgddg', 'metros', '34', 0, 24, 0, '4.02.08.09.00'),
(48, 'dasdsad', 'litros', '34', 0, 25, 0, '4.02.02.04.00'),
(49, 'adsdasdasd', 'metros', '400', 0, 26, 0, '4.02.01.03.00'),
(50, 'asdasdasd', 'asdasdasd', '23', 0, 27, 0, '4.02.01.00.01'),
(51, '123123', 'sdasdsad', '34', 34, 28, 0, '4.02.01.00.01'),
(52, 'asdasdasd', 'asdasdasd', '34', 0, 29, 0, '4.02.01.00.01'),
(53, 'sdfsdfsdfsdf', 'sdfsdfsd', '50', 0, 30, 0, '4.02.01.00.01'),
(54, 'sdfsdfsdfsdf', 'sdfsdfsd', '50', 0, 30, 0, '4.02.02.05.00'),
(55, 'DETERGENTE', 'BIDON', '4', 0, 31, 0, '4.02.10.02.00'),
(56, 'Flexible de 3"', 'unidad', '1', 0, 32, 0, '4.02.08.10.00'),
(57, 'Hidroyect', 'unidad', '1', 0, 33, 0, '4.02.99.01.00'),
(58, 'Revision y mantenimiento de baterias', 'unidad', '02', 0, 35, 0, ''),
(59, 'Cajetines electricos superficiales para tomas corriente', 'piezas', '4', 0, 36, 0, '4.02.10.11.00'),
(60, 'Pega Pavco y Teflon', 'unidad', '1 c/u', 0, 38, 0, ''),
(61, 'Pintura anticoorosiva y de aceite', 'Galon', '3 c/u', 0, 40, 0, '4.02.08.03.00'),
(62, 'Bisagras', 'Juegos', '8', 0, 44, 0, '4.02.08.03.00'),
(63, 'DESINFECTANTE', 'LITROS', '48', 0, 47, 0, '4.02.10.02.00'),
(64, 'Cloro', 'Litros', '20', 0, 48, 0, '4.02.10.02.00'),
(65, 'Jabón Liquido', 'Litros', '20', 0, 49, 0, '4.02.10.02.00'),
(66, 'Bolsas pequeñas para Basura', 'unidad', '100', 0, 50, 0, '4.02.10.02.00'),
(67, 'Pañitos de Limpieza', 'unidad', '6', 0, 51, 0, '4.02.10.02.00'),
(68, 'Pastillas de Baño', 'unidad', '10', 0, 52, 0, '4.02.10.02.00'),
(69, 'Guantes plasticos para limpienza', 'unidad', '4', 0, 53, 0, '4.02.10.02.00'),
(70, 'Esponjas', 'unidad', '6', 0, 55, 0, '4.02.10.02.00'),
(71, 'Cepillos de Barrer', 'unidad', '5', 0, 57, 0, '4.02.10.02.00'),
(72, 'Cepillos de Barrer', 'unidad', '5', 0, 57, 0, '4.02.10.02.00'),
(73, 'Coletos', 'unidad', '5', 0, 58, 0, '4.02.10.02.00'),
(74, 'Jabon en polvo y Suavisante', 'Litro', '1', 0, 59, 0, '4.02.10.02.00'),
(75, 'CERA', 'unidad', '1', 0, 61, 0, '4.02.10.02.00'),
(76, 'Brochas de 4"', 'unidad', '4', 0, 62, 0, '4.02.08.03.00'),
(77, 'Cheque para aguas blancas', 'unidad', '2', 0, 63, 0, '4.02.08.03.00'),
(78, 'Ceguetas', 'unidad', '4', 3, 64, 0, '4.02.08.03.00'),
(79, 'Pintura Beige Caucho Tipo A', 'Cuñete', '5', 5, 67, 0, '4.02.06.03.00'),
(80, 'Pintura Pistacho de Caucho Tipo A', 'Cuñete', '2', 2, 68, 0, '4.02.06.03.00'),
(81, 'Pila  de 9 V', 'Unidad', '1', 0, 69, 0, '4.02.10.11.00'),
(82, 'Limpienza y calibracion de Inyectores para moor NT 855', 'Unidad', '06', 6, 70, 0, '4.02.08.10.00'),
(83, 'Orin para base de filtro', 'Unidad', '01', 0, 71, 0, '4.02.08.10.00'),
(84, 'Manguera de 1" de radiador', 'Metro', '1/4', 0, 72, 0, '4.02.08.10.00'),
(85, 'Manguera de 1"', 'Metro', '1', 0, 73, 0, '4.02.08.10.00'),
(86, 'Reparación de Neumatico', 'Unidad', '1', 1, 74, 0, '4.02.08.10.00'),
(87, 'Reparacion de alternador', 'Unidad', '1', 0, 75, 0, '4.02.08.10.00'),
(88, 'Impresion e instalacion de vinil', 'und', '1', 1, 76, 0, '4.03.10.99.00'),
(89, 'Lavado de camioneta Ford SuperDuty', 'und', '1', 0, 77, 0, '4.03.10.99.00'),
(90, 'Servicio de chequeo de unidades de acondicionadores de aire', 'sg', '1', 0, 78, 0, '4.04.02.02.00'),
(91, 'Cerradura tipo Pomo', 'Unidad', '2', 0, 79, 0, '4.02.08.03.00'),
(92, 'EXTENSIÓN ADAPTADOR VGA MACHO A RJ45 EMBRA', 'UNIDAD', '2', 0, 80, 0, '4.04.09.02.00'),
(93, 'Discos de corte exacto', 'Unidad', '3', 0, 81, 0, '4.02.08.03.00'),
(94, ' Electrodos', 'Cajas', '6', 0, 82, 0, '4.02.08.03.00'),
(95, 'Pinza positivo para maquina  de soldar', 'Unidad', '1', 0, 83, 0, '4.02.08.03.00'),
(96, 'Pinza de tierra', 'Unidad', '1', 0, 84, 0, '4.02.08.03.00'),
(97, 'Teipe', 'Unidad', '5', 0, 85, 0, '4.02.08.03.00'),
(98, 'Mecha para Concreto', 'Unidad', '2', 0, 86, 0, '4.02.08.03.00'),
(99, 'Candados medianos', 'Unidad', '02', 0, 87, 0, '4.02.08.03.00'),
(100, 'Pega Tanque', 'Unidad', '01', 0, 88, 0, '4.02.08.03.00'),
(101, 'Reparacion de bornes de bateria', 'Unidad', '1', 0, 89, 0, '4.02.08.10.00'),
(102, 'Disco de corte 7"', 'Unidad', '10', 0, 90, 0, '4.02.08.03.00'),
(103, 'Vidrios para Soldar N° 12', 'Unidad', '1', 0, 91, 0, '4.02.08.03.00'),
(104, 'Cables para Amperimetro/Voltimetro', 'Unidad', '1', 0, 92, 0, '4.02.08.03.00'),
(105, 'Recarga de toner 85A', 'UNIDAD', '2', 0, 93, 0, '4.04.09.02.00'),
(106, 'Recarga de toner 78A', 'UNIDAD', '4', 0, 93, 0, '4.04.09.02.00'),
(107, 'Trabajos eléctricos varios', 'sg', '01', 0, 94, 0, '4.04.02.02.00');

-- --------------------------------------------------------

--
-- Estructura de tabla para la tabla `articulos_traslados`
--

CREATE TABLE IF NOT EXISTS `articulos_traslados` (
  `id` bigint(20) unsigned NOT NULL AUTO_INCREMENT,
  `traslados_id` int(11) NOT NULL,
  `bienes_id` int(11) NOT NULL,
  `unidad_origen` int(11) NOT NULL,
  UNIQUE KEY `id` (`id`)
) ENGINE=InnoDB  DEFAULT CHARSET=latin1 AUTO_INCREMENT=38 ;

--
-- Volcado de datos para la tabla `articulos_traslados`
--

INSERT INTO `articulos_traslados` (`id`, `traslados_id`, `bienes_id`, `unidad_origen`) VALUES
(1, 1, 2822, 10),
(2, 1, 3626, 10),
(3, 1, 2819, 10),
(4, 1, 3627, 9),
(6, 2, 2810, 10),
(7, 3, 2823, 10),
(8, 4, 3634, 7),
(9, 4, 3635, 7),
(10, 4, 3636, 7),
(11, 4, 3637, 7),
(12, 4, 3638, 7),
(13, 5, 3643, 9),
(14, 5, 3644, 9),
(15, 5, 3645, 9),
(16, 5, 3646, 9),
(17, 5, 3647, 9),
(18, 6, 3639, 9),
(19, 6, 3640, 9),
(20, 6, 3641, 9),
(21, 6, 3642, 9),
(22, 7, 3648, 9),
(23, 7, 3649, 9),
(24, 7, 3650, 9),
(25, 7, 3651, 9),
(26, 7, 3652, 9),
(27, 8, 3653, 9),
(28, 8, 3654, 9),
(29, 8, 3655, 9),
(30, 8, 3656, 9),
(31, 8, 3657, 9),
(32, 9, 2227, 16),
(33, 10, 2227, 10),
(34, 11, 2840, 41),
(35, 12, 2371, 23),
(36, 12, 2375, 23),
(37, 12, 2374, 23);

-- --------------------------------------------------------

--
-- Estructura de tabla para la tabla `bienes`
--

CREATE TABLE IF NOT EXISTS `bienes` (
  `id` bigint(20) unsigned NOT NULL AUTO_INCREMENT,
  `gerencia_id` int(11) NOT NULL,
  `unidad_id` int(11) NOT NULL,
  `descripcion` text NOT NULL,
  `modelo` text NOT NULL,
  `marca` varchar(200) NOT NULL,
  `serial` text NOT NULL,
  `codigo_general` varchar(100) NOT NULL,
  `observacion` text NOT NULL,
  `fecha` varchar(10) NOT NULL,
  `vida_util` int(11) NOT NULL,
  `eliminado` int(11) NOT NULL,
  `etiqueta` int(11) NOT NULL,
  `monto` double NOT NULL,
  `factura` varchar(50) NOT NULL,
  `nota_entrega` int(11) NOT NULL DEFAULT '0',
  UNIQUE KEY `id` (`id`)
) ENGINE=InnoDB  DEFAULT CHARSET=latin1 AUTO_INCREMENT=3738 ;

--
-- Volcado de datos para la tabla `bienes`
--

INSERT INTO `bienes` (`id`, `gerencia_id`, `unidad_id`, `descripcion`, `modelo`, `marca`, `serial`, `codigo_general`, `observacion`, `fecha`, `vida_util`, `eliminado`, `etiqueta`, `monto`, `factura`, `nota_entrega`) VALUES
(2169, 8, 11, 'ESCRITORIO GRANDE TIPO L EN MADERA CON CUERO EN LA PARTE CENTRAL CONTENTIVO DE 3 GAVETAS ', 'Sin Modelo', 'Sin Marca', 'Sin Serial', 'ZF-ESCRI000001', 'PRESIDENCIA', '30-10-2017', 0, 0, 0, 0, '', 0),
(2170, 8, 11, 'SILLA EJECUTIVA EN CUERO CON BRAZO, RUEDAS Y GIRATORIAS', 'Sin Modelo', 'Sin Marca', 'Sin Serial', 'ZF-SILLA000001', 'PRESIDENCIA', '30-10-2017', 0, 0, 0, 0, '', 0),
(2171, 8, 11, 'SILLA MEDIANA EN CUERO CON BRAZO, GIRATORIAS SIN RUEDAS', 'Sin Modelo', 'Sin Marca', 'Sin Serial', 'ZF-SILLA000002', 'PRESIDENCIA', '30-10-2017', 0, 0, 0, 0, '', 0),
(2172, 8, 11, 'SILLA MEDIANA EN CUERO CON BRAZO, GIRATORIAS SIN RUEDAS', 'Sin Modelo', 'Sin Marca', 'Sin Serial', 'ZF-SILLA000003', 'PRESIDENCIA', '30-10-2017', 0, 0, 0, 0, '', 0),
(2173, 8, 11, 'SILLA MEDIANA EN CUERO CON BRAZO, GIRATORIAS SIN RUEDAS', 'Sin Modelo', 'Sin Marca', 'Sin Serial', 'ZF-SILLA000004', 'PRESIDENCIA', '30-10-2017', 0, 0, 0, 0, '', 0),
(2174, 8, 11, 'MONITOR ', 'VIT3300', 'VIT', 'A010501040403001', 'ZF-MONIT000001', 'PRESIDENCIA', '30-10-2017', 0, 0, 0, 0, '', 0),
(2175, 8, 11, 'TECLADO', 'VITDOKK718W', 'VIT', 'KBD523K10387A', 'ZF-TECLA000001', 'PRESIDENCIA', '30-10-2017', 0, 0, 0, 0, '', 0),
(2176, 8, 11, 'MOUSE', 'VITDOKM158W', 'VIT', 'MSD523K10387A', 'ZF-MOUSE000001', 'PRESIDENCIA', '30-10-2017', 0, 0, 0, 0, '', 0),
(2177, 8, 11, 'SUMADORA PEQUEÑA', 'HR-8TM TAX&exchange', 'CASIO', 'Sin Serial', 'ZF-SUMAD000001', 'PRESIDENCIA', '30-10-2017', 0, 0, 0, 0, '', 0),
(2178, 8, 11, 'RELOJ', 'DC320/37', 'PHILIPS', 'LM1B1035043736', 'ZF-RELOJ000001', 'PRESIDENCIA', '30-10-2017', 0, 0, 0, 0, '', 0),
(2179, 8, 11, 'JUEGO DE MUEBLE ', 'Sin Modelo', 'Sin Marca', 'Sin Serial', 'ZF-JUEGO000001', 'PRESIDENCIA', '30-10-2017', 0, 0, 0, 0, '', 0),
(2180, 8, 11, 'MUEBLE INDIVIDUAL POLTRONA ZANIA', 'MSI002', 'Sin Marca', 'Sin Serial', 'ZF-MUEBL000001', 'PRESIDENCIA', '30-10-2017', 0, 0, 0, 18480, '0006471', 0),
(2181, 8, 11, 'MUEBLE INDIVIDUAL  POLTRONA ZANIA ', 'Sin Modelo', 'Sin Marca', 'Sin Serial', 'ZF-MUEBL000002', 'PRESIDENCIA', '30-10-2017', 0, 0, 0, 18480, '0006471', 0),
(2182, 8, 11, 'MUEBLE INDIVIDUAL  POLTRONA ZANIA ', 'Sin Modelo', 'Sin Marca', 'Sin Serial', 'ZF-MUEBL000003', 'PRESIDENCIA', '30-10-2017', 0, 0, 0, 18480, '0006471', 0),
(2183, 8, 11, 'MUEBLE INDIVIDUAL  POLTRONA ZANIA  ', 'Sin Modelo', 'Sin Marca', 'Sin Serial', 'ZF-MUEBL000004', 'PRESIDENCIA', '30-10-2017', 0, 0, 0, 18480, '0006471', 0),
(2184, 8, 11, 'MESITA  (MESA DE CAFE LUNA COLO)', 'AM03', 'Sin Marca', 'Sin Serial', 'ZF-MESIT000001', 'PRESIDENCIA', '30-10-2017', 0, 0, 0, 29920, '0006471', 0),
(2185, 8, 11, 'JUEGO DE COMEDOR EN MADERA ', 'Sin Modelo', 'Sin Marca', 'Sin Serial', 'ZF-JUEGO000002', 'PRESIDENCIA', '30-10-2017', 0, 0, 0, 39785, '0006471', 0),
(2186, 8, 11, 'SILLA COMPLEMENTO DEL JUEGO DE COMEDOR', 'ks49', 'Sin Marca', 'Sin Serial', 'ZF-SILLA000005', 'PRESIDENCIA', '30-10-2017', 0, 0, 0, 10220, '0006471', 0),
(2187, 8, 11, 'SILLA COMPLEMENTO DEL JUEGO DE COMEDOR', 'ks49', 'Sin Marca', 'Sin Serial', 'ZF-SILLA000006', 'PRESIDENCIA', '30-10-2017', 0, 0, 0, 10220, '0006471', 0),
(2188, 8, 11, 'SILLA COMPLEMENTO DEL JUEGO DE COMEDOR', 'ks49', 'Sin Marca', 'Sin Serial', 'ZF-SILLA000007', 'PRESIDENCIA', '30-10-2017', 0, 0, 0, 10220, '0006471', 0),
(2189, 8, 11, 'SILLA COMPLEMENTO DEL JUEGO DE COMEDOR', 'Sin Modelo', 'Sin Marca', 'Sin Serial', 'ZF-SILLA000008', 'PRESIDENCIA', '30-10-2017', 0, 0, 0, 0, '', 0),
(2190, 8, 11, 'SILLA COMPLEMENTO DEL JUEGO DE COMEDOR', 'Sin Modelo', 'Sin Marca', 'Sin Serial', 'ZF-SILLA000009', 'PRESIDENCIA', '30-10-2017', 0, 0, 0, 0, '', 0),
(2191, 8, 11, 'SILLA COMPLEMENTO DEL JUEGO DE COMEDOR', 'Sin Modelo', 'Sin Marca', 'Sin Serial', 'ZF-SILLA000010', 'PRESIDENCIA', '30-10-2017', 0, 0, 0, 0, '', 0),
(2192, 8, 11, 'NEVERA EJECUTIVA', 'Sin Modelo', 'FRIGILUX', 'Sin Serial', 'ZF-NEVER000001', 'PRESIDENCIA', '30-10-2017', 0, 0, 0, 7290, '00076955', 0),
(2193, 8, 11, 'TELEVISOR PANTALLA PLANA', 'L32E5300', '                                                                                                                                                                                                        ', 'OLE10625410314', 'ZF-TELEV000001', 'PRESIDENCIA', '30-10-2017', 0, 0, 0, 0, '', 0),
(2194, 8, 11, 'CONTROL REMOTO DIRECT TV', 'Sin Modelo', 'Sin Marca', 'Sin Serial', 'ZF-CONTR000001', 'PRESIDENCIA', '30-10-2017', 0, 0, 0, 0, '', 0),
(2195, 8, 11, 'DECODIFICADOR MOVISTAR', 'L140100', 'MOVISTAR', 'T26LAN432TE18K', 'ZF-DECOD000001', 'PRESIDENCIA', '30-10-2017', 0, 0, 0, 0, '', 0),
(2196, 8, 11, 'CARGADOR DIRECT TV', 'Sin Modelo', 'Sin Marca', '1486013B9F43921', 'ZF-CARGA000001', 'PRESIDENCIA', '30-10-2017', 0, 0, 0, 0, '', 0),
(2197, 8, 11, 'UPS', 'NAMEESL761', 'FORZA', '4111700819', 'ZF-UPS000001', 'PRESIDENCIA', '30-10-2017', 0, 0, 0, 0, '', 0),
(2198, 8, 11, 'IMPRESORA MULTIFUNCIONAL', 'HP 3050 VCVRA-1002', 'HP', 'CN14Q3B2DV', 'ZF-IMPRE000001', 'PRESIDENCIA', '30-10-2017', 0, 0, 0, 0, '', 0),
(2199, 8, 12, 'GAVETERO PLASTICO', 'Sin Modelo', 'Sin Marca', 'Sin Serial', 'ZF-GAVET000001', 'ASISTENTE DE PRESIENCIA', '30-10-2017', 0, 0, 0, 0, '', 0),
(2200, 8, 12, 'CAFETERA ELECTRICA', 'RYD7957', 'POLAR', 'S/N', 'ZF-CAFET000001', 'ASISTENTE DE PRESIENCIA', '30-10-2017', 0, 0, 0, 0, '', 0),
(2201, 8, 12, 'AIRE ACONDICIONADO TIPO SPLIT', 'Sin Modelo', 'HYUNDAI', 'Sin Serial', 'ZF-AIRE_000001', 'ASISTENTE DE PRESIENCIA', '30-10-2017', 0, 0, 0, 0, '', 0),
(2202, 8, 12, 'THERMO PARA CAFE', 'Sin Modelo', 'Sin Marca', 'Sin Serial', 'ZF-THERM000001', 'ASISTENTE DE PRESIENCIA', '30-10-2017', 0, 0, 0, 0, '', 0),
(2203, 8, 12, 'MICROONDAS', 'AMW832K', 'SANSUMG', 'Sin Serial', 'ZF-MICRO000001', 'ASISTENTE DE PRESIENCIA', '30-10-2017', 0, 0, 0, 39617.02, '00024447', 0),
(2204, 8, 12, 'MESA EN MADERA DE COMEDOR OVALADA', 'Sin Modelo', 'Sin Marca', 'Sin Serial', 'ZF-MESA_000001', 'ASISTENTE DE PRESIENCIA', '30-10-2017', 0, 0, 0, 0, '', 0),
(2205, 8, 12, 'SILLA SECRETARIAL EN TELA GIRATORIA, CON RUEDAS', 'Sin Modelo', 'Sin Marca', 'Sin Serial', 'ZF-SILLA000011', 'ASISTENTE DE PRESIENCIA', '30-10-2017', 0, 0, 0, 0, '', 0),
(2206, 8, 12, 'SILLA SECRETARIAL EN TELA GIRATORIA, CON RUEDAS', 'Sin Modelo', 'Sin Marca', 'Sin Serial', 'ZF-SILLA000012', 'ASISTENTE DE PRESIENCIA', '30-10-2017', 0, 0, 0, 0, '', 0),
(2207, 8, 12, 'SILLA SECRETARIAL EN TELA GIRATORIA, CON RUEDAS', 'Sin Modelo', 'Sin Marca', 'Sin Serial', 'ZF-SILLA000013', 'ASISTENTE DE PRESIENCIA', '30-10-2017', 0, 0, 0, 0, '', 0),
(2208, 8, 12, 'CAMARA DE SEGURIDAD', 'Sin Modelo', 'Sin Marca', 'Sin Serial', 'ZF-CAMAR000001', 'ASISTENTE DE PRESIENCIA', '30-10-2017', 0, 0, 0, 0, '', 0),
(2209, 8, 12, 'MESA EN MADERA CONTENTIVA DE 2 GAVETAS', 'Sin Modelo', 'Sin Marca', 'Sin Serial', 'ZF-MESA_000002', 'ASISTENTE DE PRESIENCIA', '30-10-2017', 0, 0, 0, 0, '', 0),
(2210, 8, 12, 'MESA EN MADERA CONTENTIVA DE 2 GAVETAS', 'Sin Modelo', 'Sin Marca', 'Sin Serial', 'ZF-MESA_000003', 'ASISTENTE DE PRESIENCIA', '30-10-2017', 0, 0, 0, 0, '', 0),
(2211, 8, 12, 'MESA RECTANGULAR CONTETIVO DE2 GAVETAS', 'Sin Modelo', 'Sin Marca', 'Sin Serial', 'ZF-MESA_000004', 'ASISTENTE DE PRESIENCIA', '30-10-2017', 0, 0, 0, 0, '', 0),
(2212, 8, 12, 'ARCHIVO EN FORMICA CONTETIVO DE 4 GAVETAS', 'Sin Modelo', 'Sin Marca', 'Sin Serial', 'ZF-ARCHI000001', 'ASISTENTE DE PRESIENCIA', '30-10-2017', 0, 0, 0, 0, '', 0),
(2213, 8, 12, 'AIRE ACONDICIONADO TIPO SPLIT', 'JAAOGBB8066202026564', 'FRIGILUX', 'Sin Serial', 'ZF-AIRE_000002', 'ASISTENTE DE PRESIENCIA', '30-10-2017', 0, 0, 0, 0, '', 0),
(2214, 8, 12, 'CONTROL REMOTO PARA AIRE', 'ZH/IT-01', 'FRIGILUX', 'Sin Serial', 'ZF-CONTR000002', 'ASISTENTE DE PRESIENCIA', '30-10-2017', 0, 0, 0, 0, '', 0),
(2215, 8, 12, 'MONITOR', 'VIT 3300', 'VIT', 'A010401040402004', 'ZF-MONIT000002', 'ASISTENTE DE PRESIENCIA', '30-10-2017', 0, 0, 0, 0, '', 0),
(2216, 8, 12, 'TECLADO', 'DOKK7181W', 'VIT', 'KBD523K11227A', 'ZF-TECLA000002', 'ASISTENTE DE PRESIENCIA', '30-10-2017', 0, 0, 0, 0, '', 0),
(2217, 8, 12, 'MOUSE', 'DOKM158W', 'VIT', 'C09520E00040000J', 'ZF-MOUSE000002', 'ASISTENTE DE PRESIENCIA', '30-10-2017', 0, 0, 0, 0, '', 0),
(2218, 8, 12, 'TELEFONO', 'ESPACE6805', 'HUAWEI', '2102160346Q4B00005', 'ZF-TELEF000001', 'ASISTENTE DE PRESIENCIA', '30-10-2017', 0, 0, 0, 0, '', 0),
(2219, 8, 12, 'ESCRITORIO EN FORMICA CONTENTIVO DE 5 GAVETAS LATERALES', 'Sin Modelo', 'Sin Marca', 'Sin Serial', 'ZF-ESCRI000002', 'ASISTENTE DE PRESIENCIA', '30-10-2017', 0, 0, 0, 0, '', 0),
(2220, 8, 12, 'SILLA SECRETARIAL CON RUEDAS BRAZOS, GIRATORIA EN TELA', 'Sin Modelo', 'Sin Marca', 'Sin Serial', 'ZF-SILLA000014', 'ASISTENTE DE PRESIENCIA', '30-10-2017', 0, 0, 0, 0, '', 0),
(2221, 8, 12, 'SILLA SECRETARIAL FIJA', 'Sin Modelo', 'Sin Marca', 'Sin Serial', 'ZF-SILLA000015', 'ASISTENTE DE PRESIENCIA', '30-10-2017', 0, 0, 0, 0, '', 0),
(2222, 8, 12, 'ROUTER', 'Sin Modelo', 'TPLINK', 'Sin Serial', 'ZF-ROUTE000001', 'ASISTENTE DE PRESIENCIA', '30-10-2017', 0, 0, 0, 0, '', 0),
(2223, 8, 12, 'REGLETA', 'Sin Modelo', 'Sin Marca', 'Sin Serial', 'ZF-REGLE000001', 'ASISTENTE DE PRESIENCIA', '30-10-2017', 0, 0, 0, 0, '', 0),
(2224, 10, 16, 'ESCRITORIO EN MADERA TIPOL CONTETIVO DE 3 GAVETAS', 'Sin Modelo', 'Sin Marca', 'Sin Serial', 'ZF-ESCRI000003', 'MARIELA GARCIA', '30-10-2017', 0, 0, 0, 0, '', 0),
(2225, 10, 16, 'AIRE ACONDICIONADO TIPO SPLIT 12000 BTU', 'HEAS12CR3FD5', 'KHALED', 'Sin Serial', 'ZF-AIRE_000003', 'MARIELA GARCIA', '30-10-2017', 0, 0, 0, 0, '', 0),
(2226, 10, 16, 'CONTROL REMOTO PARA AIRE', 'Sin Modelo', 'Sin Marca', 'TYPER51M/CE', 'ZF-CONTR000003', 'MARIELA GARCIA', '30-10-2017', 0, 0, 0, 0, '', 0),
(2227, 15, 38, 'TELEFONO', 'ESPACE6805', 'HAWEI', '2102133465QB00015', 'ZF-TELEF000002', 'MARIELA GARCIA', '30-10-2017', 0, 0, 0, 0, '', 0),
(2228, 10, 16, 'MONITOR', 'T9AKM5NQHAWNNJ', 'VIT', 'TFT16W80PS', 'ZF-MONIT000003', 'MARIELA GARCIA', '30-10-2017', 0, 0, 0, 0, '', 0),
(2229, 10, 16, 'TECLADO', 'KB2971', 'VIT', 'KBB224Q44183A', 'ZF-TECLA000003', 'MARIELA GARCIA', '30-10-2017', 0, 0, 0, 0, '', 0),
(2230, 10, 16, 'MOUSE', 'MSU0718T', 'VIT', 'MSB512Q10046A', 'ZF-MOUSE000003', 'MARIELA GARCIA', '30-10-2017', 0, 0, 0, 0, '', 0),
(2231, 10, 16, 'CPU', 'VIT2710-01', 'VIT', 'A000160980', 'ZF-CPU000001', 'MARIELA GARCIA', '30-10-2017', 0, 0, 0, 0, '', 0),
(2232, 10, 16, 'CPU', 'VIT2810-01', 'VIT', 'A000127680', 'ZF-CPU000002', 'MARIELA GARCIA', '30-10-2017', 0, 0, 0, 0, '', 0),
(2233, 10, 16, 'SILLA EJECUTIVA CON RUEDAS SEMI CUERO', 'Sin Modelo', 'Sin Marca', 'Sin Serial', 'ZF-SILLA000016', 'MARIELA GARCIA', '30-10-2017', 0, 0, 0, 0, '', 0),
(2234, 10, 16, 'SILLA SECRETARIAL EN TELA DE RUEDAS', 'Sin Modelo', 'Sin Marca', 'Sin Serial', 'ZF-SILLA000017', 'MARIELA GARCIA', '30-10-2017', 0, 0, 0, 0, '', 0),
(2235, 10, 16, 'CORNETA', 'SN-01', 'VIT', 'SNI01110235528', 'ZF-CORNE000001', 'MARIELA GARCIA', '30-10-2017', 0, 0, 0, 0, '', 0),
(2236, 11, 17, 'ESCRITORIO MADERA DE 3 GAVETAS', 'Sin Modelo', 'Sin Marca', 'Sin Serial', 'ZF-ESCRI000004', 'YANIRA MARTINEZ', '30-10-2017', 0, 0, 0, 0, '', 0),
(2237, 11, 17, 'SILLA EJECUTIVA CON BRAZO Y RUEDAS, GIRATORIA EN CUERO', 'Sin Modelo', 'Sin Marca', 'Sin Serial', 'ZF-SILLA000018', 'YANIRA MARTINEZ', '30-10-2017', 0, 0, 0, 0, '', 0),
(2238, 11, 17, 'ARTURO EN MADERA CONTENTIVO DE 2 GAVETAS', 'Sin Modelo', 'Sin Marca', 'Sin Serial', 'ZF-ARTUR000001', 'YANIRA MARTINEZ', '30-10-2017', 0, 0, 0, 0, '', 0),
(2239, 11, 17, 'SILLA SECRETARIAL EN SEMI CUERO CON PATAS CROMADAS', 'Sin Modelo', 'Sin Marca', 'Sin Serial', 'ZF-SILLA000019', 'YANIRA MARTINEZ', '30-10-2017', 0, 0, 0, 0, '', 0),
(2240, 11, 17, 'MONITOR', 'A3300', 'VIT', 'A10402040402004', 'ZF-MONIT000004', 'YANIRA MARTINEZ', '30-10-2017', 0, 0, 0, 0, '', 0),
(2241, 11, 17, 'TECLADO', 'KKS-0505', 'RLIP EXTREME', 'KKS61613120500892', 'ZF-TECLA000004', 'YANIRA MARTINEZ', '30-10-2017', 0, 0, 0, 1697.94, '00053221', 0),
(2242, 11, 17, 'MOUSE', 'OP-3D', 'ATECH', 'S/N', 'ZF-MOUSE000004', 'YANIRA MARTINEZ', '30-10-2017', 0, 0, 0, 0, '', 0),
(2243, 11, 17, 'CARGADOR', 'DA150C19', 'VIT', 'YC35513808001527200', 'ZF-CARGA000002', 'YANIRA MARTINEZ', '30-10-2017', 0, 0, 0, 0, '', 0),
(2244, 11, 17, 'IMPRESORA', 'HPDESKJET2050', 'HP', 'CNCCP3P2TK', 'ZF-IMPRE000002', 'YANIRA MARTINEZ', '30-10-2017', 0, 0, 0, 0, '', 0),
(2245, 11, 17, 'PROTECTOR DE AIRE', 'S/N', 'EXCELINE', '3C80073797', 'ZF-PROTE000001', 'YANIRA MARTINEZ', '30-10-2017', 0, 0, 0, 0, '', 0),
(2246, 11, 17, 'SUMADORA DE 14 DIGITOS', 'MP4DHII', 'CANNON', '20010437', 'ZF-SUMAD000002', 'YANIRA MARTINEZ', '30-10-2017', 0, 0, 0, 0, '', 0),
(2247, 11, 17, 'BIBLIOTECA EN MADERA CONTENTIVO DE 3 GAVETAS Y ENTREPAÑOS', 'Sin Modelo', 'Sin Marca', 'Sin Serial', 'ZF-BIBLI000001', 'YANIRA MARTINEZ', '30-10-2017', 0, 0, 0, 0, '', 0),
(2248, 11, 17, 'SILLA FIJA DE 3 PUESTOS', 'TANDEM ATENAS', 'Sin Marca', 'Sin Serial', 'ZF-SILLA000020', 'YANIRA MARTINEZ-AREA DE RECEPCION', '30-10-2017', 0, 0, 0, 0, '', 0),
(2249, 11, 17, 'SILLA FIJA DE 3 PUESTOS', 'Sin Modelo', 'Sin Marca', 'Sin Serial', 'ZF-SILLA000021', 'YANIRA MARTINEZ-AREA DE RECEPCION', '30-10-2017', 0, 0, 0, 0, '', 0),
(2250, 11, 17, 'MESA DE CENTRO CON VIDRIO Y PATAS CROMADAS', 'Sin Modelo', 'Sin Marca', 'Sin Serial', 'ZF-MESA_000005', 'YANIRA MARTINEZ-AREA DE RECEPCION', '30-10-2017', 0, 0, 0, 0, '', 0),
(2251, 11, 17, 'FILTRO DE AGUA ELECTRICO', 'PWC215T', 'PREMIUM', 'WM40047160700', 'ZF-FILTR000001', 'YANIRA MARTINEZ-AREA DE RECEPCION', '30-10-2017', 0, 0, 0, 0, '', 0),
(2252, 11, 17, 'PORTAVASO PLASTICO', 'Sin Modelo', 'Sin Marca', 'Sin Serial', 'ZF-PORTA000001', 'YANIRA MARTINEZ-AREA DE RECEPCION', '30-10-2017', 0, 0, 0, 0, '', 0),
(2253, 11, 17, 'BASE TELEVISOR SATND LAYER', 'MT2773GL', 'Sin Marca', '3080401760111', 'ZF-BASE_000001', 'YANIRA MARTINEZ-AREA DE RECEPCION', '30-10-2017', 0, 0, 0, 0, '', 0),
(2254, 11, 17, 'MESA DE CENTRO CON VIDRIO Y PATAS CROMADAS', 'Sin Modelo', 'Sin Marca', 'Sin Serial', 'ZF-MESA_000006', 'YANIRA MARTINEZ-AREA DE RECEPCION', '30-10-2017', 0, 0, 0, 0, '', 0),
(2255, 11, 17, 'AIRE ACONDICIONADO TIPO SPLIT', 'C122CA', 'LG', 'PENDIENTE MODELO Y SERIAL ', 'ZF-AIRE_000004', 'YANIRA MARTINEZ-AREA DE RECEPCION', '30-10-2017', 0, 0, 0, 0, '', 0),
(2256, 11, 17, 'CONTROL REMOTO PARA AIRE', 'Sin Modelo', 'Sin Marca', 'DAÑADO ENTREGADO A INFRAESTRUCTURA', 'ZF-CONTR000004', 'YANIRA MARTINEZ-AREA DE RECEPCION', '30-10-2017', 0, 0, 0, 0, '', 0),
(2257, 11, 17, 'PROTECTOR DE AIRE', 'S/N', 'EXCELINE', '1380073798', 'ZF-PROTE000002', 'YANIRA MARTINEZ-AREA DE RECEPCION', '30-10-2017', 0, 0, 0, 0, '', 0),
(2258, 11, 17, 'EXTINTOR PQS', 'S/N', 'ECO SUPPLY, C.A.', 'S/N', 'ZF-EXTIN000001', 'YANIRA MARTINEZ-AREA DE RECEPCION', '30-10-2017', 0, 0, 0, 0, '', 0),
(2259, 11, 17, 'MESA PEQUEÑA EN MADERA CON GAVETA', 'Sin Modelo', 'Sin Marca', 'Sin Serial', 'ZF-MESA_000007', 'YANIRA MARTINEZ-AREA DE RECEPCION', '30-10-2017', 0, 0, 0, 0, '', 0),
(2260, 11, 18, 'CAFETERA DE 12 TAZAS', 'DL85120V', 'BLACK&DECKER', 'S/N', 'ZF-CAFET000002', 'INSPECTORES DE OPERACIONES', '30-10-2017', 0, 0, 0, 0, '', 0),
(2261, 11, 18, 'AIRE ACONDICIONADO TIPO SPLIT 24 BTU', 'Sin Modelo', 'LG', 'Sin Serial', 'ZF-AIRE_000005', 'INSPECTORES DE OPERACIONES', '30-10-2017', 0, 0, 0, 0, '', 0),
(2262, 11, 18, 'CONTROL REMOTO PARA AIRE', 'S/N', 'LG', '6711A2011111', 'ZF-CONTR000005', 'INSPECTORES DE OPERACIONES', '30-10-2017', 0, 0, 0, 0, '', 0),
(2263, 11, 18, 'PROTECTOR DE AIRE', 'Sin Modelo', 'Sin Marca', 'Sin Serial', 'ZF-PROTE000003', 'PENDIENTE MODELO Y SERIAL ', '30-10-2017', 0, 0, 0, 0, '', 0),
(2264, 11, 18, 'MONITOR', 'TFT19W80PS', 'VIT', '778ACBA022182', 'ZF-MONIT000005', 'RESP. WILMER LEAL', '30-10-2017', 0, 0, 0, 0, '', 0),
(2265, 11, 18, 'TECLADO', 'KB1971', 'VIT', 'C09150402020A002', 'ZF-TECLA000005', 'RESP. WILMER LEAL', '30-10-2017', 0, 0, 0, 0, '', 0),
(2266, 11, 18, 'CPU', 'VIT2600', 'VIT', 'A000063107', 'ZF-CPU000003', 'RESP. WILMER LEAL', '30-10-2017', 0, 0, 0, 0, '', 0),
(2267, 11, 18, 'MOUSE', 'MSU0718T', 'VIT', 'MSA919Q15426A', 'ZF-MOUSE000005', 'RESP. WILMER LEAL', '30-10-2017', 0, 0, 0, 0, '', 0),
(2268, 11, 18, 'REGULADOR UPS', 'SL761', 'FORZA AT500', '4111700817', 'ZF-REGUL000001', 'RESP. WILMER LEAL', '30-10-2017', 0, 0, 0, 40.2, '30347463', 0),
(2269, 11, 18, 'MESA PARA COMPUTADOR  3 ENTREPAÑOS EN VIDRIO Y ESTRUCTURA METALICA', 'Sin Modelo', 'Sin Marca', 'Sin Serial', 'ZF-MESA_000008', 'RESP. WILMER LEAL', '30-10-2017', 0, 0, 0, 0, '', 0),
(2270, 11, 18, 'SILLA EJECUTIVA CON BRAZO Y RUEDAS, GIRATORIA EN CUERO', 'Sin Modelo', 'Sin Marca', 'Sin Serial', 'ZF-SILLA000022', 'RESP. WILMER LEAL', '30-10-2017', 0, 0, 0, 0, '', 0),
(2271, 11, 18, 'LAPTOP', 'P3300', 'VIT', 'A001114714', 'ZF-LAPTO000001', 'RESP. LUIS MEDINA', '30-10-2017', 0, 0, 0, 0, '', 0),
(2272, 11, 18, 'CARGADOR DE LAPTOP', 'ADAPTER ADP40PH', 'VIT', '39SW4B40314', 'ZF-CARGA000003', 'RESP. LUIS MEDINA', '30-10-2017', 0, 0, 0, 0, '', 0),
(2273, 11, 18, 'BOLSO PORTATIL PARA LAPTOP', 'Sin Modelo', 'Sin Marca', 'Sin Serial', 'ZF-BOLSO000001', 'RESP. LUIS MEDINA', '30-10-2017', 0, 0, 0, 0, '', 0),
(2274, 11, 18, 'MOUSE', 'S/N', 'USR-NET', 'S/N', 'ZF-MOUSE000006', 'RESP. LUIS MEDINA', '30-10-2017', 0, 0, 0, 0, '', 0),
(2275, 11, 18, 'MESA PARA COMPUTADOR 3 ENTREPAÑOS EN VIDRIO Y ESTRUCTURA METALICA', 'Sin Modelo', 'Sin Marca', 'Sin Serial', 'ZF-MESA_000009', 'RESP. LUIS MEDINA', '30-10-2017', 0, 0, 0, 0, '', 0),
(2276, 11, 18, 'SILLA TAPIZADA EN TELA CON RUEDAS', 'Sin Modelo', 'Sin Marca', 'Sin Serial', 'ZF-SILLA000023', 'RESP. LUIS MEDINA', '30-10-2017', 0, 0, 0, 0, '', 0),
(2277, 11, 18, 'BANDEJA Y PORTA CLIP', 'Sin Modelo', 'Sin Marca', 'Sin Serial', 'ZF-BANDE000001', 'RESP. LUIS MEDINA', '30-10-2017', 0, 0, 0, 0, '', 0),
(2278, 11, 18, 'BANDEJA PORTA PAPEL VERTICAL', 'Sin Modelo', 'Sin Marca', 'Sin Serial', 'ZF-BANDE000002', 'RESP. LUIS MEDINA', '30-10-2017', 0, 0, 0, 0, '', 0),
(2279, 11, 18, 'IMPRESORA', 'HPLASERJET P1606DN', 'HP', 'VNB3D69922', 'ZF-IMPRE000003', 'INSPECTORES DE OPERACIONES', '30-10-2017', 0, 0, 0, 0, '', 0),
(2280, 11, 18, 'ARTURO PEQUEÑO EN MADERA CON FORMICA CONTENTIVO DE 3GAVETAS', 'Sin Modelo', 'Sin Marca', 'Sin Serial', 'ZF-ARTUR000002', 'INSPECTORES DE OPERACIONES', '30-10-2017', 0, 0, 0, 0, '', 0),
(2281, 11, 18, 'ARTURO PEQUEÑO EN MADERA CON FORMICA CONTENTIVO DE 3GAVETAS', 'Sin Modelo', 'Sin Marca', 'Sin Serial', 'ZF-ARTUR000003', 'INSPECTORES DE OPERACIONES', '30-10-2017', 0, 0, 0, 0, '', 0),
(2282, 11, 18, 'ARTURO PEQUEÑO EN MADERA CON FORMICA CONTENTIVO DE 3GAVETAS', 'Sin Modelo', 'Sin Marca', 'Sin Serial', 'ZF-ARTUR000004', 'INSPECTORES DE OPERACIONES', '30-10-2017', 0, 0, 0, 0, '', 0),
(2283, 11, 18, 'ARTURO PEQUEÑO EN MADERA CON FORMICA CONTENTIVO DE 3GAVETAS', 'Sin Modelo', 'Sin Marca', 'Sin Serial', 'ZF-ARTUR000005', 'INSPECTORES DE OPERACIONES', '30-10-2017', 0, 0, 0, 0, '', 0),
(2284, 11, 18, 'ARTURO PEQUEÑO EN MADERA CON FORMICA CONTENTIVO DE 2 GAVETAS', 'Sin Modelo', 'Sin Marca', 'Sin Serial', 'ZF-ARTUR000006', 'INSPECTORES DE OPERACIONES', '30-10-2017', 0, 0, 0, 0, '', 0),
(2285, 11, 18, 'MESA PARA COMPUTADOR ESCRITORIO DE 3 ENTREPAÑOS EN VIDRIO Y ESTRUCTURA METALICA', 'Sin Modelo', 'Sin Marca', 'Sin Serial', 'ZF-MESA_000010', 'INSPECTORES DE OPERACIONES', '30-10-2017', 0, 0, 0, 870, '00047795', 0),
(2286, 11, 18, 'MESA PARA COMPUTADOR ESCRITORIO DE 3 ENTREPAÑOS EN VIDRIO Y ESTRUCTURA METALICA', 'Sin Modelo', 'Sin Marca', 'Sin Serial', 'ZF-MESA_000011', 'INSPECTORES DE OPERACIONES', '30-10-2017', 0, 0, 0, 870, '00004717', 0),
(2287, 11, 18, 'SACAPUNTA ELECTRICO', 'KP-35G', 'NATIONAL ELECTRIC PENCIL', 'S/N', 'ZF-SACAP000001', 'INSPECTORES DE OPERACIONES', '30-10-2017', 0, 0, 0, 0, '', 0),
(2288, 11, 18, 'RELOJ DEPARED EN PASTA', 'S/N', 'RADIO KD3805', 'Sin Serial', 'ZF-RELOJ000002', 'INSPECTORES DE OPERACIONES', '30-10-2017', 0, 0, 0, 0, '', 0),
(2289, 11, 18, 'UPS', 'Sin Modelo', 'FORZA AT500', 'Sin Serial', 'ZF-UPS000002', 'INSPECTORES DE OPERACIONES', '30-10-2017', 0, 0, 0, 0, '', 0),
(2290, 11, 19, 'EXTINTOR PQS', 'Sin Modelo', 'ECO SUPPLY, C.A.', '07 175311', 'ZF-EXTIN000002', 'OFICIALES DE SEGURIDAD', '30-10-2017', 0, 0, 0, 0, '', 0),
(2291, 11, 19, 'MESA MODULAR EN MARMOL', 'Sin Modelo', 'Sin Marca', 'Sin Serial', 'ZF-MESA_000012', 'OFICIALES DE SEGURIDAD', '30-10-2017', 0, 0, 0, 0, '', 0),
(2292, 11, 19, 'TELEVISOR 32"', 'LN32D430G3DXZP', 'SANSUMG', 'Z3GG3CFB502305Y', 'ZF-TELEV000002', 'OFICIALES DE SEGURIDAD', '30-10-2017', 0, 0, 0, 0, '', 0),
(2293, 11, 19, 'CONTROL REMOTO TV', 'S/N', 'SANSUMG', 'S/N', 'ZF-CONTR000006', 'OFICIALES DE SEGURIDAD', '30-10-2017', 0, 0, 0, 0, '', 0),
(2294, 11, 19, 'TECLADO', 'KB2971', 'VIT', 'KBB224Q43128A', 'ZF-TECLA000006', 'OFICIALES DE SEGURIDAD', '30-10-2017', 0, 0, 0, 0, '', 0),
(2295, 11, 19, 'MOUSE', 'VC066', 'VIT', 'MS7A25C1498A', 'ZF-MOUSE000007', 'OFICIALES DE SEGURIDAD', '30-10-2017', 0, 0, 0, 0, '', 0),
(2296, 11, 19, 'RELOJ CHEQUEADOR', 'S/N', 'AXESSSTMC', 'S/N', 'ZF-RELOJ000003', ' OFICIALES DE SEGURIDAD DAÑADO', '30-10-2017', 0, 0, 0, 0, '', 0),
(2297, 11, 19, 'TELEFONO', 'F201', 'HUAWEI', 'D3R9K14605002207', 'ZF-TELEF000003', 'OFICIALES DE SEGURIDAD', '30-10-2017', 0, 0, 0, 0, '', 0),
(2298, 11, 19, 'TELEFONO', 'ESPACE6805', 'HAWEI', '4C1FCCAE7509', 'ZF-TELEF000004', 'OFICIALES DE SEGURIDAD', '30-10-2017', 0, 0, 0, 0, '', 0),
(2299, 11, 19, 'CPU', 'VIT 3402', 'VIT', '100083569', 'ZF-CPU000004', 'OFICIALES DE SEGURIDAD', '30-10-2017', 0, 0, 0, 0, '', 0),
(2300, 11, 19, 'MOUSE', 'VC066', 'VIT', 'M57A25C11498A', 'ZF-MOUSE000008', 'OFICIALES DE SEGURIDAD', '30-10-2017', 0, 0, 0, 0, '', 0),
(2301, 11, 19, 'LOCKER DE 4 DIVISIONES', 'Sin Modelo', 'Sin Marca', 'Sin Serial', 'ZF-LOCKE000001', 'OFICIALES DE SEGURIDAD', '30-10-2017', 0, 0, 0, 0, '', 0),
(2302, 11, 19, 'LOCKER DE 4 DIVISIONES', 'Sin Modelo', 'Sin Marca', 'Sin Serial', 'ZF-LOCKE000002', 'OFICIALES DE SEGURIDAD', '30-10-2017', 0, 0, 0, 0, '', 0),
(2303, 11, 19, 'IPTERMINAL PHONE ESPACE 6829', 'ESPACE6805', 'HUAWEI', '21021603465Q4B000023', 'ZF-IPTER000001', 'OFICIALES DE SEGURIDAD', '30-10-2017', 0, 0, 0, 0, '', 0),
(2304, 11, 19, 'MICROONDA', 'GAMM925AME', 'GASCO', '20470024000013', 'ZF-MICRO000002', 'OFICIALES DE SEGURIDAD', '30-10-2017', 0, 0, 0, 0, '', 0),
(2305, 11, 19, 'MESA MODULAR EN MARMOL TIPO L', 'Sin Modelo', 'Sin Marca', 'Sin Serial', 'ZF-MESA_000013', 'OFICIALES DE SEGURIDAD', '30-10-2017', 0, 0, 0, 0, '', 0),
(2306, 11, 19, 'FILTRO DE AGUA ELECTRICO', 'YLR58VN40', 'POLAR', 'WE4THER1YET', 'ZF-FILTR000002', 'OFICIALES DE SEGURIDAD', '30-10-2017', 0, 0, 0, 0, '', 0),
(2307, 11, 19, 'CAJETIN PORTA LLAVES', 'Sin Modelo', 'Sin Marca', 'Sin Serial', 'ZF-CAJET000001', 'OFICIALES DE SEGURIDAD', '30-10-2017', 0, 0, 0, 0, '', 0),
(2308, 11, 19, 'CAJA DE CRUZ ROJA', 'Sin Modelo', 'Sin Marca', 'Sin Serial', 'ZF-CAJA_000001', 'OFICIALES DE SEGURIDAD', '30-10-2017', 0, 0, 0, 0, '', 0),
(2309, 11, 19, 'AIRE ACONDICIONADO TIPLO SPLIT', 'Sin Modelo', 'Sin Marca', 'Sin Serial', 'ZF-AIRE_000006', 'OFICIALES DE SEGURIDAD', '30-10-2017', 0, 0, 0, 0, '', 0),
(2310, 11, 19, 'CAJETIN (TORNIQUETES)', 'Sin Modelo', 'Sin Marca', 'Sin Serial', 'ZF-CAJET000002', 'OFICIALES DE SEGURIDAD', '30-10-2017', 0, 0, 0, 0, '', 0),
(2311, 11, 19, 'CAJETIN (TORNIQUETES)', 'Sin Modelo', 'Sin Marca', 'Sin Serial', 'ZF-CAJET000003', 'OFICIALES DE SEGURIDAD', '30-10-2017', 0, 0, 0, 0, '', 0),
(2312, 11, 19, 'NEVERA EJECUTIVA', 'WC 7225', 'PARKER', 'WC7225TDA100174', 'ZF-NEVER000002', 'OFICIALES DE SEGURIDAD', '30-10-2017', 0, 0, 0, 0, '', 0),
(2313, 11, 19, 'SILLA PRESIDENCIAL MAYA NEGRA', 'Sin Modelo', 'Sin Marca', 'Sin Serial', 'ZF-SILLA000024', 'OFICIALES DE SEGURIDAD EN MALAS CONDICIONES', '30-10-2017', 0, 0, 0, 950, '00047795', 0),
(2314, 11, 19, 'SILLA PRESIDENCIAL MAYA NEGRA', 'Sin Modelo', 'Sin Marca', 'Sin Serial', 'ZF-SILLA000025', 'OFICIALES DE SEGURIDAD EN MALAS CONDICIONES', '30-10-2017', 0, 0, 0, 950, '00047795', 0),
(2315, 11, 19, 'SILLA PRESIDENCIAL MAYA NEGRA', 'Sin Modelo', 'Sin Marca', 'Sin Serial', 'ZF-SILLA000026', 'OFICIALES DE SEGURIDAD EN MALAS CONDICIONES', '30-10-2017', 0, 0, 0, 950, '00047795', 0),
(2316, 11, 19, 'SILLA SECRETARIAL EN SEMI CUERO CON PATAS CROMADAS', 'Sin Modelo', 'Sin Marca', 'Sin Serial', 'ZF-SILLA000027', ' OFICIAL PEATONAL PROVISIONALMENTE', '30-10-2017', 0, 0, 0, 0, '', 0),
(2317, 11, 20, 'ESCRITORIO HORIZONTAL EN MADERA  3 PUESTOS CONTENTIVO DE 9 GAVETAS, DIVIDIDA EN 3 GAVETAS POR PERSONA', 'Sin Modelo', 'Sin Marca', 'Sin Serial', 'ZF-ESCRI000005', 'MAHLY ZAVALA', '30-10-2017', 0, 0, 0, 0, '', 0),
(2318, 11, 20, 'MONITOR LCD', 'TFT19W80PS', 'VIT', '778B4BA008271', 'ZF-MONIT000006', 'MAHLY ZAVALA', '30-10-2017', 0, 0, 0, 0, '', 0),
(2319, 11, 20, 'CPU', 'VIT281002', 'VIT', 'A000165978', 'ZF-CPU000005', 'MAHLY ZAVALA', '30-10-2017', 0, 0, 0, 0, '', 0),
(2320, 11, 20, 'TECLADO', 'KB2971', 'VIT', 'KBBH17Q41053A', 'ZF-TECLA000007', 'MAHLY ZAVALA', '30-10-2017', 0, 0, 0, 0, '', 0),
(2321, 11, 20, 'MOUSE', 'OP-ED', 'VIT', 'A4TECH', 'ZF-MOUSE000009', 'MAHLY ZAVALA', '30-10-2017', 0, 0, 0, 0, '', 0),
(2322, 11, 20, 'REGULADOR', 'SL761', 'FORZA', '4111700810', 'ZF-REGUL000002', 'MAHLY ZAVALA', '30-10-2017', 0, 0, 0, 40.2, '30347463', 0),
(2323, 11, 20, 'IMPRESORA', 'PEBBLE 4', 'EVOLIS', 'P74781080', 'ZF-IMPRE000004', 'MAHLY ZAVALA', '30-10-2017', 0, 0, 0, 0, '', 0),
(2324, 11, 20, 'AIRE ACONDICIONADO TIPO SPLIT', 'KF-32GW', 'DIGITAL ELECTRIC', 'C1013073701113021202A', 'ZF-AIRE_000007', 'MAHLY ZAVALA', '30-10-2017', 0, 0, 0, 0, '', 0),
(2325, 11, 20, 'TELEFONO', 'KXT5500LXW', 'PANASONIC', '9LBMC379665', 'ZF-TELEF000005', 'MAHLY ZAVALA', '30-10-2017', 0, 0, 0, 0, '', 0),
(2326, 11, 20, 'TELEFONO', 'ESPACE6805', 'HAWEI', '21021603465Q4B000019  4C1FCCAE7505', 'ZF-TELEF000006', 'MAHLY ZAVALA', '30-10-2017', 0, 0, 0, 0, '', 0),
(2327, 11, 20, 'MONITOR LCD', 'TFT19W80PS1', 'VIT', '947B8BA000466', 'ZF-MONIT000007', 'MAHLY ZAVALA', '30-10-2017', 0, 0, 0, 0, '', 0),
(2328, 11, 20, 'TECLADO', 'KB-2971', 'VIT', 'KBAA23Q42034A', 'ZF-TECLA000008', 'MAHLY ZAVALA', '30-10-2017', 0, 0, 0, 0, '', 0),
(2329, 11, 20, 'MOUSE', 'VC066', 'VIT', 'M57806C16636A', 'ZF-MOUSE000010', 'MAHLY ZAVALA', '30-10-2017', 0, 0, 0, 0, '', 0),
(2330, 11, 20, 'CPU', 'VIT291001', 'VIT', 'A000248300', 'ZF-CPU000006', 'MAHLY ZAVALA', '30-10-2017', 0, 0, 0, 0, '', 0),
(2331, 11, 20, 'IMPRESORA', 'BASIC', 'EVOLIS', '10000219491', 'ZF-IMPRE000005', 'MAHLY ZAVALA', '30-10-2017', 0, 0, 0, 0, '', 0),
(2332, 11, 20, 'CORNETAS', 'Sin Modelo', 'VIT', '5B5C13A10350A    COK0Q08000404006', 'ZF-CORNE000002', 'MAHLY ZAVALA', '30-10-2017', 0, 0, 0, 0, '', 0),
(2333, 11, 20, 'CAMARA DIGITAL', 'VG-120', 'OLYMPUS IMAGING CORP', 'UDRA23739', 'ZF-CAMAR000002', 'MAHLY ZAVALA', '30-10-2017', 0, 0, 0, 0, '', 0),
(2334, 11, 20, 'CARGADOR', 'TESA5G1', 'KODAK', '501200', 'ZF-CARGA000004', 'MAHLY ZAVALA', '30-10-2017', 0, 0, 0, 0, '', 0),
(2335, 11, 20, 'REGULADOR', 'NT-501', 'FORZA', '121303313677', 'ZF-REGUL000003', 'MAHLY ZAVALA', '30-10-2017', 0, 0, 0, 6750, '00015807', 0),
(2336, 11, 20, 'SILLA SECRETARIAL ALTAS CON RUEDAS GIRATORIA', 'Sin Modelo', 'Sin Marca', 'Sin Serial', 'ZF-SILLA000028', 'MAHLY ZAVALA', '30-10-2017', 0, 0, 0, 0, '', 0),
(2337, 11, 20, 'SILLA SECRETARIAL ALTAS CON RUEDAS GIRATORIA', 'Sin Modelo', 'Sin Marca', 'Sin Serial', 'ZF-SILLA000029', 'MAHLY ZAVALA', '30-10-2017', 0, 0, 0, 0, '', 0),
(2338, 12, 21, 'MONITOR ', 'TFT1780PS', 'VIT', 'Sin Serial', 'ZF-MONIT000008', 'YOSELYN VELAZCO', '30-10-2017', 0, 0, 0, 0, '', 0),
(2339, 12, 21, 'TECLADO', 'KB-2971', 'VIT', 'KB7907Q45529A', 'ZF-TECLA000009', 'YOSELYN VELAZCO', '30-10-2017', 0, 0, 0, 0, '', 0),
(2340, 12, 21, 'CPU', 'VIT-2810-02', 'VIT', 'A00155984', 'ZF-CPU000007', 'YOSELYN VELAZCO', '30-10-2017', 0, 0, 0, 0, '', 0),
(2341, 12, 21, 'CORNETAS', 'SN-01', 'VIT', 'I01110415166', 'ZF-CORNE000003', 'YOSELYN VELAZCO', '30-10-2017', 0, 0, 0, 0, '', 0),
(2342, 12, 21, 'TELEFONO', 'ESPACE 6805', 'Huawei', '21021603465Q4B000003', 'ZF-TELEF000007', 'ERIKA SANCHEZ', '30-10-2017', 0, 0, 0, 0, '', 0),
(2343, 12, 21, 'MOUSE', 'MSU0718T', 'VIT', 'MS8512Q10037A', 'ZF-MOUSE000011', 'ERIKA SANCHEZ', '30-10-2017', 0, 0, 0, 0, '', 0),
(2344, 12, 21, 'REGULADOR', 'AVR600M/600VA', 'Sin Marca', '042109873', 'ZF-REGUL000004', 'ERIKA SANCHEZ', '30-10-2017', 0, 0, 0, 0, '', 0),
(2345, 12, 21, 'MONITOR', '3300', 'VIT', 'N/P: A010401040204 N/C: UP265403469A', 'ZF-MONIT000009', 'ERIKA SANCHEZ', '30-10-2017', 0, 0, 0, 0, '', 0),
(2346, 12, 21, 'TECLADO', 'DOK-KH18IW', 'VIT', 'C09520E00040000J', 'ZF-TECLA000010', 'ERIKA SANCHEZ', '30-10-2017', 0, 0, 0, 0, '', 0),
(2347, 12, 21, 'MOUSE', 'DOK-M158W', 'VIT', 'MSD523K10388A', 'ZF-MOUSE000012', 'ERIKA SANCHEZ', '30-10-2017', 0, 0, 0, 0, '', 0),
(2348, 12, 21, 'PIZARRA MEDIA', 'Sin Modelo', 'Sin Marca', 'Sin Serial', 'ZF-PIZAR000001', 'ERIKA SANCHEZ', '30-10-2017', 0, 0, 0, 0, '', 0),
(2349, 12, 21, 'SILLA EJECUTIVA EN TELA CON BRAZO Y RUEDAS ', 'Sin Modelo', 'Sin Marca', 'Sin Serial', 'ZF-SILLA000030', 'ERIKA SANCHEZ', '30-10-2017', 0, 0, 0, 0, '', 0),
(2350, 12, 21, 'ESCRITORIO TIPO L CONTENTIVO DE 3 Y  2 GAVETAS LATERALES EN FORMICA ', 'Sin Modelo', 'Sin Marca', 'Sin Serial', 'ZF-ESCRI000006', 'ERIKA SANCHEZ', '30-10-2017', 0, 0, 0, 0, '', 0),
(2351, 12, 21, 'SILLA NEGRA GIRATORIA', 'Sin Modelo', 'Sin Marca', 'Sin Serial', 'ZF-SILLA000031', 'ERIKA SANCHEZ', '30-10-2017', 0, 0, 0, 0, '', 0),
(2352, 12, 21, 'SILLA NEGRA VISITANTE SIN RUEDA', 'Sin Modelo', 'Sin Marca', 'Sin Serial', 'ZF-SILLA000032', 'ERIKA SANCHEZ', '30-10-2017', 0, 0, 0, 0, '', 0),
(2353, 12, 21, 'ARCHIVO CONTENTIVO DE 4 GAVETAS EN FORMICA', 'Sin Modelo', 'Sin Marca', 'Sin Serial', 'ZF-ARCHI000002', 'ERIKA SANCHEZ', '30-10-2017', 0, 0, 0, 0, '', 0),
(2354, 13, 22, 'ESCRITORIO MODULAR CURVO 1,60 X 0,70 DE 2 GAVETAS', 'Sin Modelo', 'Sin Marca', 'Sin Serial', 'ZF-ESCRI000007', 'ARMANDINA DI FRANCO', '30-10-2017', 0, 0, 0, 0, '', 0),
(2355, 13, 22, 'MUEBLE EN MADERA DE 6 GAVETAS LATERALES Y 2 GAVETAS CENTRALES', 'Sin Modelo', 'Sin Marca', 'Sin Serial', 'ZF-MUEBL000005', 'ARMANDINA DI FRANCO', '30-10-2017', 0, 0, 0, 0, '', 0),
(2356, 13, 22, 'SILLA EJECUTIVA EN TELA CON BRAZO Y RUEDAS ', 'Sin Modelo', 'Sin Marca', 'Sin Serial', 'ZF-SILLA000033', 'ARMANDINA DI FRANCO', '30-10-2017', 0, 0, 0, 0, '', 0),
(2357, 13, 22, 'SILLA DEKO C/B TELA ROJA', 'Sin Modelo', 'Sin Marca', 'Sin Serial', 'ZF-SILLA000034', 'ARMANDINA DI FRANCO', '30-10-2017', 0, 0, 0, 0, '', 0),
(2358, 13, 22, 'SILLA DEKO C/B TELA ROJA', 'Sin Modelo', 'Sin Marca', 'Sin Serial', 'ZF-SILLA000035', 'ARMANDINA DI FRANCO', '30-10-2017', 0, 0, 0, 0, '', 0),
(2359, 13, 22, 'MONITOR LCD ', 'TFT19W80PS      V19BDLW-B', 'VIT', 'T9AKM5NQ4LUNNJ  778B4BA0003055', 'ZF-MONIT000010', 'ARMANDINA DI FRANCO', '30-10-2017', 0, 0, 0, 0, '', 0),
(2360, 13, 22, 'TECLADO', 'KB-2971', 'VIT', 'KBB222Q43040A', 'ZF-TECLA000011', 'ARMANDINA DI FRANCO', '30-10-2017', 0, 0, 0, 0, '', 0),
(2361, 13, 22, 'CORNETA', 'SN-01', 'VIT', '1110204292', 'ZF-CORNE000004', 'ARMANDINA DI FRANCO', '30-10-2017', 0, 0, 0, 0, '', 0),
(2362, 13, 22, 'IMPRESORA MULTIFUNCIONAL', 'HP DESKJET F4280', 'HP DESKJET', 'CN88C2C2GK       CB656-64002', 'ZF-IMPRE000006', 'ARMANDINA DI FRANCO', '30-10-2017', 0, 0, 0, 384, '30404404', 0),
(2363, 13, 22, 'SUMADORA DE 12 DIGITOS', 'FR-2650DT', 'CASIO', 'Q2073788', 'ZF-SUMAD000003', 'ARMANDINA DI FRANCO', '30-10-2017', 0, 0, 0, 2366, '00011372', 0),
(2364, 13, 22, 'UPS', 'AT-500', 'FORZA', '319C1109', 'ZF-UPS000003', 'ARMANDINA DI FRANCO', '30-10-2017', 0, 0, 0, 0, '', 0),
(2365, 13, 22, 'CPU', 'VIT2710-01', 'VIT', 'A000107372', 'ZF-CPU000008', 'ARMANDINA DI FRANCO', '30-10-2017', 0, 0, 0, 0, '', 0),
(2366, 13, 22, 'MOUSE', 'Sin Modelo', 'Sin Marca', 'Sin Serial', 'ZF-MOUSE000013', 'ARMANDINA DI FRANCO', '30-10-2017', 0, 0, 0, 0, '', 0),
(2367, 13, 22, 'TELEFONO INTERNO', 'ESPACE6805', 'HUAWEI', 'Sin Serial', 'ZF-TELEF000008', 'ARMANDINA DI FRANCO', '30-10-2017', 0, 0, 0, 0, '', 0),
(2368, 13, 22, 'SILLA DE DOS PUESTOS (JUEGO DE RECIBO) EN HIERRO FORJADO Y MADERA', 'Sin Modelo', 'Sin Marca', 'Sin Serial', 'ZF-SILLA000036', 'ARMANDINA DI FRANCO-SALA DE STAR', '30-10-2017', 0, 0, 0, 0, '', 0),
(2369, 13, 22, 'SILLA DE UN PUESTOS (JUEGO DE RECIBO) EN HIERRO FORJADO Y MADERA', 'Sin Modelo', 'Sin Marca', 'Sin Serial', 'ZF-SILLA000037', 'ARMANDINA DI FRANCO-SALA DE STAR', '30-10-2017', 0, 0, 0, 0, '', 0),
(2370, 13, 22, 'SILLA DE UN PUESTOS (JUEGO DE RECIBO) EN HIERRO FORJADO Y MADERA', 'Sin Modelo', 'Sin Marca', 'Sin Serial', 'ZF-SILLA000038', 'ARMANDINA DI FRANCO-SALA DE STAR', '30-10-2017', 0, 0, 0, 0, '', 0),
(2371, 13, 22, 'MONITOR A3300', 'VITA3300', 'VIT', '92725EJ8113H34101597', 'ZF-MONIT000011', 'LISBETH MARTINEZ', '30-10-2017', 0, 0, 0, 0, '', 0),
(2372, 13, 23, 'ARCHIVO DE 4 GAVETAS', 'Sin Modelo', 'Sin Marca', 'Sin Serial', 'ZF-ARCHI000003', 'LISBETH MARTINEZ', '30-10-2017', 0, 0, 0, 0, '', 0),
(2373, 13, 23, 'CUADRO PEQUEÑO ESTELA LUGO', 'Sin Modelo', 'Sin Marca', 'Sin Serial', 'ZF-CUADR000001', 'LISBETH MARTINEZ', '30-10-2017', 0, 0, 0, 0, '', 0),
(2374, 13, 22, 'TECLADO', 'Sin Modelo', 'Sin Marca', 'SIN SERIAL', 'ZF-TECLA000012', 'LISBETH MARTINEZ', '30-10-2017', 0, 0, 0, 0, '', 0),
(2375, 13, 22, 'MOUSE', 'Sin Modelo', 'Sin Marca', 'SIN SERIAL', 'ZF-MOUSE000014', 'LISBETH MARTINEZ', '30-10-2017', 0, 0, 0, 0, '', 0),
(2376, 13, 23, 'ARCHIVADOR LATERAL DE GAVETAS', 'Sin Modelo', 'Sin Marca', 'Sin Serial', 'ZF-ARCHI000004', 'LISBETH MARTINEZ', '30-10-2017', 0, 0, 0, 0, '', 0),
(2377, 13, 23, 'ESCRITORIO DE MADERA CONTENTIVO DE 2 GAVETAS ', 'Sin Modelo', 'Sin Marca', 'Sin Serial', 'ZF-ESCRI000008', 'LISBETH MARTINEZ', '30-10-2017', 0, 0, 0, 0, '', 0),
(2378, 13, 23, 'TELEFONO HUAWEY ESPACE 6805', 'Sin Modelo', 'Sin Marca', 'Sin Serial', 'ZF-TELEF000009', 'LISBETH MARTINEZ', '30-10-2017', 0, 0, 0, 0, '', 0),
(2379, 13, 23, 'SILLA NEGRA GIRATORIA', 'Sin Modelo', 'Sin Marca', 'Sin Serial', 'ZF-SILLA000039', 'LISBETH MARTINEZ', '30-10-2017', 0, 0, 0, 0, '', 0),
(2380, 13, 23, 'SILLA NEGRA GIRATORIA', 'Sin Modelo', 'Sin Marca', 'Sin Serial', 'ZF-SILLA000040', 'LISBETH MARTINEZ', '30-10-2017', 0, 0, 0, 0, '', 0),
(2381, 13, 23, 'PIZARRA CON SU BORRADOR', 'Sin Modelo', 'Sin Marca', 'Sin Serial', 'ZF-PIZAR000002', 'LISBETH MARTINEZ', '30-10-2017', 0, 0, 0, 0, '', 0),
(2382, 13, 24, 'FOTOCOPIADORA', 'IMAGEN 102IJ', 'CANON', '21DQJ02302', 'ZF-FOTOC000001', 'ARMANDO FORCUCCI', '30-10-2017', 0, 0, 0, 0, '', 0),
(2383, 13, 24, 'GUILLOTINA DE 15 CMT', 'S/N ', 'PREMIER', 'S/N', 'ZF-GUILL000001', 'ARMANDO FORCUCCI', '30-10-2017', 0, 0, 0, 1160, '00011372', 0),
(2384, 13, 24, 'PLASTIFICADORA TIPO CARTA', 'LM2007', 'A4 LAMINATOR', 'LM20071206200218', 'ZF-PLAST000001', 'ARMANDO FORCUCCI', '30-10-2017', 0, 0, 0, 0, '', 0),
(2385, 13, 24, 'GILLOTINA 15”', 'Sin Modelo', 'PREMIER', 'Sin Serial', 'ZF-GILLO000001', 'ARMANDO FORCUCCI', '30-10-2017', 0, 0, 0, 0, '', 0),
(2386, 13, 24, 'ENCUADERNADORA BM1228', '100202001', 'OFITECH', '1211110388', 'ZF-ENCUA000001', 'ARMANDO FORCUCCI', '30-10-2017', 0, 0, 0, 0, '', 0),
(2387, 13, 24, 'TELEFONO – FAX', 'PFGT2947ZA', 'PANASONIC', 'USACJA10BKX-FP215', 'ZF-TELEF000010', 'ARMANDO FORCUCCI', '30-10-2017', 0, 0, 0, 312, '00002801589', 0),
(2388, 13, 24, 'SUMADORA DE 12 DIGITOS', 'HR-8TM', 'CASIO', 'SIN SERIAL', 'ZF-SUMAD000004', 'ARMANDO FORCUCCI', '30-10-2017', 0, 0, 0, 0, '', 0),
(2389, 13, 24, 'PLASTIFICADORA TIPO CARNET', 'S/N ', 'POLAROID ID LAMINATOR', 'H2A115V-175W50/60HZ', 'ZF-PLAST000002', 'ARMANDO FORCUCCI', '30-10-2017', 0, 0, 0, 0, '', 0),
(2390, 13, 24, 'SILLA SECRETARIAL SIN RUEDAS', 'Sin Modelo', 'Sin Marca', 'Sin Serial', 'ZF-SILLA000041', 'ARMANDO FORCUCCI', '30-10-2017', 0, 0, 0, 0, '', 0),
(2391, 13, 24, 'ESCRITORIO MODULAR  RECTANGULAR DE 3 GAVETAS EN FORMICA', 'Sin Modelo', 'Sin Marca', 'Sin Serial', 'ZF-ESCRI000009', 'ARMANDO FORCUCCI', '30-10-2017', 0, 0, 0, 0, '', 0),
(2392, 13, 24, 'SACAPUNTAS ELÉCTRIC PENCIL SHASPENER ELMER? PRODUCTS, INC', '19XX CN', 'X-ACTO', '3062576', 'ZF-SACAP000002', 'ARMANDO FORCUCCI', '30-10-2017', 0, 0, 0, 0, '', 0),
(2393, 13, 24, 'MONITOR VIT TFT19W80PS', 'VIT TFT19W80PS', 'VIT', 'T9AKMSNQH4LUNNJ', 'ZF-MONIT000012', 'ARMANDO FORCUCCI', '30-10-2017', 0, 0, 0, 0, '', 0),
(2394, 13, 24, 'TECLADO VIT ', 'KB-2971', 'VIT', 'KB7906Q45977A', 'ZF-TECLA000013', 'ARMANDO FORCUCCI', '30-10-2017', 0, 0, 0, 0, '', 0),
(2395, 13, 24, 'MOUSE VIT', 'MSU0718T', 'VIT', 'MSBA15Q104354', 'ZF-MOUSE000015', 'ARMANDO FORCUCCI', '30-10-2017', 0, 0, 0, 0, '', 0),
(2396, 13, 24, 'IMPRESORA ', 'Hp Jaser Jet ', 'Sin Marca', 'VNB3N49753', 'ZF-IMPRE000007', 'ARMANDO FORCUCCI', '30-10-2017', 0, 0, 0, 0, '', 0),
(2397, 13, 24, 'REGULADOR', 'ERAUR1000', 'Sin Marca', '40186650411', 'ZF-REGUL000005', 'ARMANDO FORCUCCI', '30-10-2017', 0, 0, 0, 0, '', 0),
(2398, 13, 25, 'SUMADORA 14 DIGITOS', 'MP41DH', 'CANON', 'A2134655', 'ZF-SUMAD000005', 'WILMARY PINEDA', '30-10-2017', 0, 0, 0, 0, '', 0),
(2399, 13, 25, 'TELÉFONO', 'ESPACE 6805', 'HUAWEI', '461F6CAE750B', 'ZF-TELÉ000011', 'WILMARY PINEDA', '30-10-2017', 0, 0, 0, 0, '', 0),
(2400, 13, 25, 'CPU', 'VIT 2910-01', 'VIT', 'A000248209', 'ZF-CPU000009', 'WILMARY PINEDA', '30-10-2017', 0, 0, 0, 0, '', 0),
(2401, 13, 25, 'MONITOR LCD', 'TFT19W80PS', 'VIT', 'T9AKM15NQH4LUNNJ', 'ZF-MONIT000013', 'WILMARY PINEDA', '30-10-2017', 0, 0, 0, 0, '', 0),
(2402, 13, 25, 'MOUSE', 'MS5C29L10080A', 'VIT', 'HED55200080', 'ZF-MOUSE000016', 'WILMARY PINEDA', '30-10-2017', 0, 0, 0, 0, '', 0),
(2403, 13, 25, 'TECLADO', 'KB-2971', 'VIT', 'KB5C27Q30274A', 'ZF-TECLA000014', 'WILMARY PINEDA', '30-10-2017', 0, 0, 0, 0, '', 0),
(2404, 13, 25, 'SILLA DE OFICINA CON RUEDAS', 'Sin Modelo', 'Sin Marca', 'Sin Serial', 'ZF-SILLA000042', 'WILMARY PINEDA', '30-10-2017', 0, 0, 0, 0, '', 0),
(2405, 13, 25, 'SILLA DE OFICINA CON RUEDAS', 'Sin Modelo', 'Sin Marca', 'Sin Serial', 'ZF-SILLA000043', 'WILMARY PINEDA', '30-10-2017', 0, 0, 0, 0, '', 0),
(2406, 13, 25, 'ESCRITORIO EN "L" CON 3 GAVETAS', 'Sin Modelo', 'Sin Marca', 'Sin Serial', 'ZF-ESCRI000010', 'WILMARY PINEDA', '30-10-2017', 0, 0, 0, 0, '', 0),
(2407, 13, 25, 'IMPRESORA LX300 II', 'P170B', 'EPSON MATRIZ DE PUNTO', 'NUGY163684', 'ZF-IMPRE000008', 'WILMARY PINEDA', '30-10-2017', 0, 0, 0, 20446.43, '00048381', 0),
(2408, 13, 25, 'CORNETAS', 'COKOQ0888404006', 'VIT', 'SB5C13A10349A', 'ZF-CORNE000005', 'WILMARY PINEDA', '30-10-2017', 0, 0, 0, 0, '', 0),
(2409, 13, 25, 'CAJA FUERTE', 'Sin Modelo', 'FIELD SAFE', 'Sin Serial', 'ZF-CAJA_000002', 'WILMARY PINEDA', '30-10-2017', 0, 0, 0, 0, '', 0),
(2410, 13, 26, 'MONITOR', 'TFT19W80PS', 'VIT', '778BCBA005170', 'ZF-MONIT000014', 'ELIZABETH VARGAS', '30-10-2017', 0, 0, 0, 0, '', 0),
(2411, 13, 26, 'TECLADO', 'VIT KB-2971', 'VIT', 'KBB224Q44184A', 'ZF-TECLA000015', 'ELIZABETH VARGAS', '30-10-2017', 0, 0, 0, 0, '', 0),
(2412, 13, 26, 'TELEFONO', 'ESPACE 6805', 'HUAWEI', '21021603465Q45000027', 'ZF-TELEF000011', 'ELIZABETH VARGAS', '30-10-2017', 0, 0, 0, 0, '', 0),
(2413, 13, 26, 'CPU', 'Sin Modelo', 'Sin Marca', 'Sin Serial', 'ZF-CPU000010', 'ELIZABETH VARGAS', '30-10-2017', 0, 0, 0, 0, '', 0),
(2414, 13, 26, 'ESCRITORIO DE MADERA CONTENTIVA DE 2 GAVETAS ', 'Sin Modelo', 'Sin Marca', 'Sin Serial', 'ZF-ESCRI000011', 'ELIZABETH VARGAS', '30-10-2017', 0, 0, 0, 0, '', 0),
(2415, 13, 27, 'MONITOR', '7006S', 'VIT', '7006S97D2500782', 'ZF-MONIT000015', 'YOHANNA CEDEÑO', '30-10-2017', 0, 0, 0, 0, '', 0),
(2416, 13, 27, 'TECLADO', 'VIT KB-2971', 'VIT', 'KB7817Q43571A', 'ZF-TECLA000016', 'YOHANNA CEDEÑO', '30-10-2017', 0, 0, 0, 0, '', 0),
(2417, 13, 27, 'MOUSE', 'VIT M-SBF96', 'VIT', 'HED55200355', 'ZF-MOUSE000017', 'YOHANNA CEDEÑO', '30-10-2017', 0, 0, 0, 0, '', 0),
(2418, 13, 27, 'UPS', 'AT-500', 'FORZA', '319C11838', 'ZF-UPS000004', 'YOHANNA CEDEÑO', '30-10-2017', 0, 0, 0, 0, '', 0),
(2419, 13, 27, 'CPU', 'VIT3402', 'VIT', '100083541', 'ZF-CPU000001', 'YOHANNA CEDEÑO', '30-10-2017', 0, 0, 0, 0, '', 0),
(2420, 13, 27, 'ARCHIVO DE 4 GAVETAS EN FORMICA', 'Sin Modelo', 'Sin Marca', 'Sin Serial', 'ZF-ARCHI000005', 'YOHANNA CEDEÑO', '30-10-2017', 0, 0, 0, 0, '', 0),
(2421, 13, 27, 'SUMADORA 12 DIGITOS', 'CASIO FR-2650DT', 'CASIO', 'Sin Serial', 'ZF-SUMAD000006', 'YOHANNA CEDEÑO', '30-10-2017', 0, 0, 0, 0, '', 0),
(2422, 13, 27, 'ESCRITORIO DE MADERA CONTENTIVA DE 2 GAVETAS ', 'Sin Modelo', 'Sin Marca', 'Sin Serial', 'ZF-ESCRI000012', 'YOHANNA CEDEÑO', '30-10-2017', 0, 0, 0, 0, '', 0),
(2423, 13, 27, 'SILLA DE OFICINA CON RUEDAS, BRAZO Y GIRATORIA EN TELA', 'Sin Modelo', 'Sin Marca', 'Sin Serial', 'ZF-SILLA000044', 'YOHANNA CEDEÑO', '30-10-2017', 0, 0, 0, 0, '', 0),
(2424, 13, 27, 'PORTA PAPEL DE 3 COMPARTIMIENTOS', 'Sin Modelo', 'Sin Marca', 'Sin Serial', 'ZF-PORTA000002', 'YOHANNA CEDEÑO', '30-10-2017', 0, 0, 0, 0, '', 0),
(2425, 13, 27, 'PORTA SELLO', 'Sin Modelo', 'Sin Marca', 'Sin Serial', 'ZF-PORTA000003', 'YOHANNA CEDEÑO', '30-10-2017', 0, 0, 0, 0, '', 0),
(2426, 13, 28, 'ESCRITORIO DE MADERA CONTENTIVA DE 2 GAVETAS ', 'Sin Modelo', 'Sin Marca', 'Sin Serial', 'ZF-ESCRI000013', 'ANALISTA DE ADMINISTRACION', '30-10-2017', 0, 0, 0, 0, '', 0),
(2427, 13, 28, 'MONITOR', 'TFT19W80PS', 'VIT', '778B5BA011792', 'ZF-MONIT000016', 'ANALISTA DE ADMINISTRACION', '30-10-2017', 0, 0, 1, 0, '', 0),
(2428, 13, 28, 'SILLA SECRETARIAL CON RUEDAS BRAZOS, GIRATORIA EN TELA', 'Sin Modelo', 'Sin Marca', 'Sin Serial', 'ZF-SILLA000045', 'ANALISTA DE ADMINISTRACION', '30-10-2017', 0, 0, 1, 0, '', 0),
(2429, 13, 28, 'CALCULADORA MANUAL DE 12 DIGITOS', 'HR-8TM', 'CASIO', 'Sin Serial', 'ZF-CALCU000001', 'ANALISTA DE ADMINISTRACION', '30-10-2017', 0, 0, 1, 0, '', 0),
(2430, 13, 28, 'ARCHIVO CONTENTIVO DE 4 GAVETAS GRANDE', 'Sin Modelo', 'Sin Marca', 'Sin Serial', 'ZF-ARCHI000006', 'ANALISTA DE ADMINISTRACION', '30-10-2017', 0, 0, 1, 0, '', 0),
(2431, 13, 28, 'ARCHIVO CONTENTIVO DE 4 GAVETAS', 'Sin Modelo', 'Sin Marca', 'Sin Serial', 'ZF-ARCHI000007', 'ANALISTA DE ADMINISTRACION', '30-10-2017', 0, 0, 1, 0, '', 0),
(2432, 13, 30, 'CALENTADOR ELECTRICO PEQUEÑO ', 'S/N', 'S/N', 'S/N', 'ZF-CALEN000001', 'YOIMA GOITIA-CAFETIN CENTRO DE DISTRIBUCION DIRECTA', '30-10-2017', 0, 0, 0, 0, '', 0),
(2433, 13, 30, 'CALENTADOR ELECTRICO PEQUEÑO ', 'Sin Modelo', 'Sin Marca', 'Sin Serial', 'ZF-CALEN000002', 'YOIMA GOITIA-CAFETIN CENTRO DE DISTRIBUCION DIRECTA', '30-10-2017', 0, 0, 0, 0, '', 0),
(2434, 13, 30, 'PLANCHA TOSTADORA', 'S/N', 'S/N', 'S/N', 'ZF-PLANC000001', 'YOIMA GOITIA-CAFETIN CENTRO DE DISTRIBUCION DIRECTA', '30-10-2017', 0, 0, 0, 0, '', 0),
(2435, 13, 30, 'MESON GABINETE CON TOPE TIPO U', 'Sin Modelo', 'Sin Marca', 'Sin Serial', 'ZF-MESON000001', 'YOIMA GOITIA-CAFETIN CENTRO DE DISTRIBUCION DIRECTA', '30-10-2017', 0, 0, 0, 0, '', 0),
(2436, 13, 30, 'SUMADORA DE 12 DIGITOS', 'FR265DDT', 'CASIO', 'Q2089797', 'ZF-SUMAD000007', 'YOIMA GOITIA-CAFETIN CENTRO DE DISTRIBUCION DIRECTA', '30-10-2017', 0, 0, 0, 0, '', 0),
(2437, 13, 30, 'REGLETA', 'Sin Modelo', 'Sin Marca', 'Sin Serial', 'ZF-REGLE000002', 'YOIMA GOITIA-CAFETIN CENTRO DE DISTRIBUCION DIRECTA', '30-10-2017', 0, 0, 0, 0, '', 0),
(2438, 13, 30, 'FILTRO ELECTRICO DE AGUA', 'PWC215T', 'Sin Marca', '715688051960', 'ZF-FILTR000003', 'YOIMA GOITIA-CAFETIN CENTRO DE DISTRIBUCION DIRECTA', '30-10-2017', 0, 0, 0, 0, '', 0),
(2439, 13, 30, 'SILLA ROJA EN TELA', 'Sin Modelo', 'Sin Marca', 'Sin Serial', 'ZF-SILLA000046', 'YOIMA GOITIA-CAFETIN CENTRO DE DISTRIBUCION DIRECTA', '30-10-2017', 0, 0, 0, 0, '', 0),
(2440, 13, 30, 'JUEGO DE BAÑO UN LAVAMANO CON PEDESTAL Y UNA POCETA', 'Sin Modelo', 'Sin Marca', 'Sin Serial', 'ZF-JUEGO000003', 'YOIMA GOITIA-CAFETIN CENTRO DE DISTRIBUCION DIRECTA', '30-10-2017', 0, 0, 0, 0, '', 0),
(2441, 13, 30, 'SILLA GIRATORIA CON BRAZOS, GIRATORIAS Y RUEDAS', 'Sin Modelo', 'Sin Marca', 'Sin Serial', 'ZF-SILLA000047', 'YOIMA GOITIA-CAFETIN CENTRO DE DISTRIBUCION DIRECTA', '30-10-2017', 0, 0, 0, 0, '', 0),
(2442, 14, 32, 'MONITOR VIT ', 'TFT19W8P5', 'Sin Marca', 'T9AKM5NQH4LUNNJ', 'ZF-MONIT000017', 'MARIA MARTINEZ', '30-10-2017', 0, 0, 0, 0, '', 0),
(2443, 14, 32, 'CORNETAS VIT', 'Sin Modelo', 'Sin Marca', '5B5C13A10007A', 'ZF-CORNE000006', 'MARIA MARTINEZ', '30-10-2017', 0, 0, 0, 0, '', 0),
(2444, 14, 32, 'TECLADO VIT ', 'KB-2971', 'Sin Marca', 'KB5C27Q302724', 'ZF-TECLA000017', 'MARIA MARTINEZ', '30-10-2017', 0, 0, 0, 0, '', 0),
(2445, 14, 32, 'CPU', '2810-02', 'Sin Marca', 'A000166982', 'ZF-CPU000002', 'MARIA MARTINEZ', '30-10-2017', 0, 0, 0, 0, '', 0),
(2446, 14, 32, 'TELEFONO ', 'eSpace 7950', 'Huawei', '2150081737BTE9000759', 'ZF-TELEF000012', 'MARIA MARTINEZ', '30-10-2017', 0, 0, 0, 0, '', 0),
(2447, 14, 32, 'MOUSE HP', 'Sin Modelo', 'HP', 'FBBKV0DW23H2B0', 'ZF-MOUSE000018', 'MARIA MARTINEZ', '30-10-2017', 0, 0, 0, 0, '', 0),
(2448, 14, 32, 'ESCRITORIO TIPO L MADERA 2 GAVETAS', 'Sin Modelo', 'Sin Marca', 'Sin Serial', 'ZF-ESCRI000014', 'MARIA MARTINEZ', '30-10-2017', 0, 0, 0, 0, '', 0),
(2449, 14, 32, 'BANDERA VENEZUELA', 'Sin Modelo', 'Sin Marca', 'Sin Serial', 'ZF-BANDE000003', 'MARIA MARTINEZ', '30-10-2017', 0, 0, 0, 0, '', 0),
(2450, 14, 32, 'BANDERA DEL ESTADO FALCÓN', 'Sin Modelo', 'Sin Marca', 'Sin Serial', 'ZF-BANDE000004', 'MARIA MARTINEZ', '30-10-2017', 0, 0, 0, 0, '', 0),
(2451, 14, 32, 'JUEGO DE MUEBLES EN CUERO CON COJINES (1 DE DOS PUESTOS Y 2 DE UNO)', 'Sin Modelo', 'Sin Marca', 'Sin Serial', 'ZF-JUEGO000004', 'MARIA MARTINEZ', '30-10-2017', 0, 0, 0, 0, '', 0),
(2452, 14, 32, 'ACRILICO CON LOGO DE ZONFIPCA Y LOGOS DE EMPRESAS INSTALADAS DEL PARQUE INDUSTRIAL', 'Sin Modelo', 'Sin Marca', 'Sin Serial', 'ZF-ACRIL000001', 'MARIA MARTINEZ', '30-10-2017', 0, 0, 0, 0, '', 0),
(2453, 14, 32, 'MESA CUADRADA', 'Sin Modelo', 'Sin Marca', 'Sin Serial', 'ZF-MESA_000014', 'MARIA MARTINEZ', '30-10-2017', 0, 0, 0, 0, '', 0),
(2454, 14, 33, 'MONITOR ', 'TFT19W80PS', 'VIT', 'T9AKM5NQH4LUNNJ', 'ZF-MONIT000018', 'JOSE CHIRINOS', '30-10-2017', 0, 0, 0, 0, '', 0),
(2455, 14, 33, 'TECLADO', 'KB2971', 'VIT', 'KBB224Q44592A', 'ZF-TECLA000018', 'JOSE CHIRINOS', '30-10-2017', 0, 0, 0, 0, '', 0),
(2456, 14, 33, 'MOUSE', 'MSU0F1BT', 'VIT', 'MSB512Q10435A', 'ZF-MOUSE000019', 'JOSE CHIRINOS', '30-10-2017', 0, 0, 0, 0, '', 0),
(2457, 14, 33, 'REGULADOR', 'AT500', 'FORZA', '319C11108', 'ZF-REGUL000006', 'JOSE CHIRINOS', '30-10-2017', 0, 0, 0, 0, '', 0),
(2458, 14, 33, 'CPU', 'E00VIT2910-01-01', 'VIT', 'A0002482293', 'ZF-CPU000003', 'JOSE CHIRINOS', '30-10-2017', 0, 0, 0, 0, '', 0),
(2459, 14, 33, 'SILLA FIJA EN TELA SIN BRAZOS', 'Sin Modelo', 'Sin Marca', 'Sin Serial', 'ZF-SILLA000048', 'JOSE CHIRINOS', '30-10-2017', 0, 0, 0, 0, '', 0),
(2460, 14, 33, 'CAMARA FOTOGRAFICA DE 14 MEGAPIXEL', 'VG120', 'OLYMPUS', 'UDXCO1496', 'ZF-CAMAR000003', 'JOSE CHIRINOS', '30-10-2017', 0, 0, 0, 0, '', 0),
(2461, 14, 33, 'VITRINA CON LLAVES, CONTENTIVO DE DOS NIVELES', 'Sin Modelo', 'Sin Marca', 'Sin Serial', 'ZF-VITRI000001', 'JOSE CHIRINOS', '30-10-2017', 0, 0, 0, 0, '', 0),
(2462, 14, 33, 'AIRE ACONDICIONADO TIPO SPLIT DE 12.000 BTU', 'Sin Modelo', 'HAIER', 'Sin Serial', 'ZF-AIRE_000008', 'JOSE CHIRINOS', '30-10-2017', 0, 0, 0, 0, '', 0),
(2463, 14, 33, 'TELEFONO', 'ESPACE 6805', 'HUAWEI', 'Sin Serial', 'ZF-TELEF000013', 'JOSE CHIRINOS', '30-10-2017', 0, 0, 0, 0, '', 0),
(2464, 14, 33, 'ESCRITORIO CONTENTIVO DE 2 GAVETAS', 'Sin Modelo', 'Sin Marca', 'Sin Serial', 'ZF-ESCRI000015', 'JOSE CHIRINOS', '30-10-2017', 0, 0, 0, 0, '', 0),
(2465, 14, 33, 'EXTINTOR PLANTA BAJA EDIFICIO ADMINISTRATIVO', 'PQS', 'Sin Marca', 'Sin Serial', 'ZF-EXTIN000003', 'JOSE CHIRINOS', '30-10-2017', 0, 0, 0, 0, '', 0),
(2466, 14, 33, 'EXTINTOR PLANTA BAJA EDIFICIO ADMINISTRATIVO', 'C02', 'Sin Marca', 'Sin Serial', 'ZF-EXTIN000004', 'JOSE CHIRINOS', '30-10-2017', 0, 0, 0, 0, '', 0),
(2467, 14, 33, 'EXTINTOR COCINA EDIFICIO ADMINISTRATIVO', 'PQS', 'Sin Marca', 'Sin Serial', 'ZF-EXTIN000005', 'JOSE CHIRINOS', '30-10-2017', 0, 0, 0, 0, '', 0),
(2468, 14, 33, 'EXTINTOR OFICINAS NUEVAS EDIFICIO ADMINISTRATIVO', 'PQS', 'Sin Marca', 'Sin Serial', 'ZF-EXTIN000006', 'JOSE CHIRINOS', '30-10-2017', 0, 0, 0, 0, '', 0),
(2469, 14, 33, 'EXTINTOR PLANTA ALTA EDIFICIO ADMINISTRATIVO (JURIDICO)', 'PQS', 'Sin Marca', 'Sin Serial', 'ZF-EXTIN000007', 'JOSE CHIRINOS', '30-10-2017', 0, 0, 0, 0, '', 0),
(2470, 14, 33, 'EXTINTOR PLANTA ALTA  EDIFICIO ADMINISTRATIVO (EMISORA)', 'PQS', 'Sin Marca', 'Sin Serial', 'ZF-EXTIN000008', 'JOSE CHIRINOS', '30-10-2017', 0, 0, 0, 0, '', 0),
(2471, 14, 33, 'EXTINTOR PLANTA ALTA EDIFICIO ADMINISTRATIVO (ESCALERA)', 'PQS', 'Sin Marca', 'Sin Serial', 'ZF-EXTIN000009', 'JOSE CHIRINOS', '30-10-2017', 0, 0, 0, 0, '', 0),
(2472, 14, 33, 'EXTINTOR PUNTO DE CONTROL', 'PQS', 'Sin Marca', 'Sin Serial', 'ZF-EXTIN000010', 'JOSE CHIRINOS', '30-10-2017', 0, 0, 0, 0, '', 0),
(2473, 14, 33, 'EXTINTOR COORDINACION DE OPERACIONES', 'PQS', 'Sin Marca', 'Sin Serial', 'ZF-EXTIN000011', 'JOSE CHIRINOS', '30-10-2017', 0, 0, 0, 0, '', 0),
(2474, 14, 33, 'EXTINTOR SERVICIOS DE COMIDA CHEMA SAHER', 'PQS 10 lbs', 'Sin Marca', 'Sin Serial', 'ZF-EXTIN000012', 'JOSE CHIRINOS', '30-10-2017', 0, 0, 0, 285, '11006', 0),
(2475, 14, 33, 'EXTINTOR PANADERIA CHEMA SAHER', 'PQS 20 lbs', 'Sin Marca', 'Sin Serial', 'ZF-EXTIN000013', 'JOSE CHIRINOS', '30-10-2017', 0, 0, 0, 400, '11006', 0),
(2476, 14, 33, 'EXTINTOR CHEMA SAHER (COCINA LADO SUR)', 'PQS 20 lbs', 'Sin Marca', 'Sin Serial', 'ZF-EXTIN000014', 'JOSE CHIRINOS', '30-10-2017', 0, 0, 0, 400, '11006', 0),
(2477, 14, 33, 'EXTINTOR CHEMA SAHER (COCINA LADO NORTE)', 'PQS 20 lbs', 'Sin Marca', 'Sin Serial', 'ZF-EXTIN000015', 'JOSE CHIRINOS', '30-10-2017', 0, 0, 0, 400, '11006', 0),
(2478, 14, 33, 'EXTINTOR SERVICIOS DE COMIDA CHEMA SAHER', 'PQS 10 lbs', 'Sin Marca', 'Sin Serial', 'ZF-EXTIN000016', 'JOSE CHIRINOS', '30-10-2017', 0, 0, 0, 285, '11006', 0),
(2479, 14, 33, 'EXTINTOR AUTOBUS BLANCO', 'PQS', 'Sin Marca', 'Sin Serial', 'ZF-EXTIN000017', 'JOSE CHIRINOS', '30-10-2017', 0, 0, 0, 0, '', 0),
(2481, 14, 34, 'TECLADO', 'KB2971', 'VIT', 'KBB515Q43879A', 'ZF-TECLA000019', 'YENIRE LUGO', '30-10-2017', 0, 0, 0, 0, '', 0),
(2482, 14, 34, 'MOUSE', 'MSU0718T', 'VIT', 'MSB514Q14525A', 'ZF-MOUSE000020', 'YENIRE LUGO', '30-10-2017', 0, 0, 0, 0, '', 0),
(2483, 14, 34, 'CORNETA', 'SN-I01', 'VIT', 'SNI01110410467', 'ZF-CORNE000007', 'YENIRE LUGO', '30-10-2017', 0, 0, 0, 0, '', 0),
(2484, 14, 34, 'SUMADORA DE 12 DIGITOS', 'P200-DHIII', 'CANNON', '2438559', 'ZF-SUMAD000008', 'YENIRE LUGO', '30-10-2017', 0, 0, 0, 0, '', 0),
(2485, 14, 34, 'SACAPUNTA ELECTRICO', 'Sin Modelo', 'XACTO', 'Sin Serial', 'ZF-SACAP000003', 'YENIRE LUGO', '30-10-2017', 0, 0, 0, 0, '', 0),
(2486, 14, 34, 'SILLA GIRATORIA, CON BRAZO', 'Sin Modelo', 'Sin Marca', 'Sin Serial', 'ZF-SILLA000049', 'YENIRE LUGO', '30-10-2017', 0, 0, 0, 0, '', 0);
INSERT INTO `bienes` (`id`, `gerencia_id`, `unidad_id`, `descripcion`, `modelo`, `marca`, `serial`, `codigo_general`, `observacion`, `fecha`, `vida_util`, `eliminado`, `etiqueta`, `monto`, `factura`, `nota_entrega`) VALUES
(2487, 14, 34, 'ESCRITORIO CONTENTIVO DE 2 GAVETAS EN FORMICA', 'Sin Modelo', 'Sin Marca', 'Sin Serial', 'ZF-ESCRI000016', 'YENIRE LUGO', '30-10-2017', 0, 0, 0, 0, '', 0),
(2488, 14, 34, 'CPU', 'Sin Modelo', 'Sin Marca', 'Sin Serial', 'ZF-CPU000004', 'YENIRE LUGO', '30-10-2017', 0, 0, 0, 0, '', 0),
(2489, 14, 34, 'UPS', 'Sin Modelo', 'Sin Marca', 'Sin Serial', 'ZF-UPS000005', 'YENIRE LUGO', '30-10-2017', 0, 0, 0, 0, '', 0),
(2490, 14, 35, 'MONITOR ', 'TFT19W80PS', 'VIT', '947B8BA000751', 'ZF-MONIT000020', 'MARTHA ALVAREZ', '30-10-2017', 0, 0, 0, 0, '', 0),
(2491, 14, 35, 'TECLADO', 'KB2971', 'VIT', 'KBB515Q43668A', 'ZF-TECLA000020', 'MARTHA ALVAREZ', '30-10-2017', 0, 0, 0, 0, '', 0),
(2492, 14, 35, 'MOUSE', 'MSU0718T', 'VIT', 'MSB514Q14560A', 'ZF-MOUSE000021', 'MARTHA ALVAREZ', '30-10-2017', 0, 0, 0, 0, '', 0),
(2493, 14, 35, 'CORNETA', 'SN-I01', 'VIT', 'SNI01110405565', 'ZF-CORNE000008', 'MARTHA ALVAREZ', '30-10-2017', 0, 0, 0, 0, '', 0),
(2494, 14, 35, 'SUMADORA DE 12 DIGITOS', 'P200-DHIII', 'CASIO', 'Q2099170', 'ZF-SUMAD000009', 'MARTHA ALVAREZ', '30-10-2017', 0, 0, 0, 0, '', 0),
(2495, 14, 35, 'SILLA GIRATORIA, CON BRAZO', 'Sin Modelo', 'Sin Marca', 'Sin Serial', 'ZF-SILLA000050', 'MARTHA ALVAREZ', '30-10-2017', 0, 0, 0, 0, '', 0),
(2496, 14, 35, 'ESCRITORIO CONTENTIVO DE 2 GAVETAS EN FORMICA', 'Sin Modelo', 'Sin Marca', 'Sin Serial', 'ZF-ESCRI000017', 'MARTHA ALVAREZ', '30-10-2017', 0, 0, 0, 0, '', 0),
(2497, 14, 35, 'CPU', 'Sin Modelo', 'Sin Marca', 'Sin Serial', 'ZF-CPU000005', 'MARTHA ALVAREZ', '30-10-2017', 0, 0, 0, 0, '', 0),
(2498, 14, 35, 'UPS', 'Sin Modelo', 'Sin Marca', 'Sin Serial', 'ZF-UPS000006', 'MARTHA ALVAREZ', '30-10-2017', 0, 0, 0, 0, '', 0),
(2499, 14, 35, 'IMPRESORA MULTIFUNCIONAL', 'F156602', 'CANON', 'HZY13912', 'ZF-IMPRE000009', 'MARTHA ALVAREZ', '30-10-2017', 0, 0, 0, 0, '', 0),
(2500, 14, 35, 'ARTURITO ARCHIVO  DOS GAVETAS', 'Sin Modelo', 'Sin Marca', 'Sin Serial', 'ZF-ARTUR000007', 'MARTHA ALVAREZ', '30-10-2017', 0, 0, 0, 3200, '00167902', 0),
(2501, 14, 35, 'TELEFONO INTERNO', 'ESPACE 6805', 'HUAWEI', '21021603465Q4B000013', 'ZF-TELEF000014', 'MARTHA ALVAREZ', '30-10-2017', 0, 0, 0, 0, '', 0),
(2502, 14, 36, 'MONITOR ', 'TFT19W80PS', 'VIT', '778B4BA008264', 'ZF-MONIT000021', 'ANALISTA RECURSOS HUMANOS', '30-10-2017', 0, 0, 0, 0, '', 0),
(2503, 14, 36, 'TECLADO', 'KB2971', 'VIT', 'KBB224Q40218A', 'ZF-TECLA000021', 'ANALISTA RECURSOS HUMANOS', '30-10-2017', 0, 0, 0, 0, '', 0),
(2504, 14, 36, 'MOUSE', 'MSU0718T', 'VIT', 'MSB512Q10180A', 'ZF-MOUSE000022', 'ANALISTA RECURSOS HUMANOS', '30-10-2017', 0, 0, 0, 0, '', 0),
(2505, 14, 36, 'SUMADORA DE 12 DIGITOS', 'P200-DHIII', 'CASIO', 'Q2099170', 'ZF-SUMAD000010', 'ANALISTA RECURSOS HUMANOS', '30-10-2017', 0, 0, 0, 0, '', 0),
(2506, 14, 36, 'SILLA GIRATORIA, CON BRAZO', 'Sin Modelo', 'Sin Marca', 'Sin Serial', 'ZF-SILLA000051', 'ANALISTA RECURSOS HUMANOS', '30-10-2017', 0, 0, 0, 0, '', 0),
(2507, 14, 36, 'ESCRITORIO CONTENTIVO DE 2 GAVETAS EN FORMICA', 'Sin Modelo', 'Sin Marca', 'Sin Serial', 'ZF-ESCRI000018', 'ANALISTA RECURSOS HUMANOS', '30-10-2017', 0, 0, 0, 0, '', 0),
(2508, 14, 36, 'CPU', 'A1600D', 'VIT', '100028379', 'ZF-CPU000006', 'ANALISTA RECURSOS HUMANOS', '30-10-2017', 0, 0, 0, 0, '', 0),
(2509, 13, 37, 'CAFETERA ELECTRICA', '48524RY', 'PROCTOR SILEX', 'C25J1DI', 'ZF-CAFET000003', 'NINOSKA  GOMEZ', '30-10-2017', 0, 0, 0, 0, '', 0),
(2510, 13, 37, 'CALENTADOR', 'S/N', 'S/N', 'S/N', 'ZF-CALEN000003', 'NINOSKA  GOMEZ', '30-10-2017', 0, 0, 0, 0, '', 0),
(2511, 13, 37, 'TELEFONO INTERNO', 'ESPACE 6805', 'HUAWEI', '21021603465Q4B00024', 'ZF-TELEF000015', 'NINOSKA  GOMEZ', '30-10-2017', 0, 0, 0, 0, '', 0),
(2512, 13, 37, 'MONITOR CAJA NUMERO 5', 'Sin Modelo', 'ADVANCED', 'Sin Serial', 'ZF-MONIT000022', 'NINOSKA  GOMEZ', '30-10-2017', 0, 0, 0, 0, '', 0),
(2513, 13, 37, 'CAJA REGISTRADORA', 'MNF 13313C212E5', 'Sin Marca', '2012803267', 'ZF-CAJA_000003', 'NINOSKA  GOMEZ', '30-10-2017', 0, 0, 0, 0, '', 0),
(2514, 13, 37, 'REGULADOR', 'AT500', 'FORZA', '319C11867', 'ZF-REGUL000007', 'NINOSKA  GOMEZ', '30-10-2017', 0, 0, 0, 0, '', 0),
(2515, 13, 37, 'IMPRESORA ', 'SRP350 PLUSCOG', 'BIXOLON', 'HKMVBA12110091', 'ZF-IMPRE000010', 'NINOSKA  GOMEZ', '30-10-2017', 0, 0, 0, 0, '', 0),
(2516, 13, 37, 'CALCULADORA DE 12 DIGITOS', 'AX120TV', 'CASIO', 'S/N', 'ZF-CALCU000002', 'NINOSKA  GOMEZ', '30-10-2017', 0, 0, 0, 0, '', 0),
(2517, 13, 37, 'MESON ACERO INOXIDABLE CONTENTIVO DE 1 GAVETA', 'Sin Modelo', 'Sin Marca', 'Sin Serial', 'ZF-MESON000002', 'NINOSKA  GOMEZ', '30-10-2017', 0, 0, 0, 0, '', 0),
(2518, 13, 37, 'VITRINA EN VIDRIO  CONTENTIVO DE 3 DIVISIONES', 'Sin Modelo', 'Sin Marca', 'Sin Serial', 'ZF-VITRI000002', 'NINOSKA  GOMEZ', '30-10-2017', 0, 0, 0, 0, '', 0),
(2519, 13, 37, 'LAVAPLATOS ', 'Sin Modelo', 'Sin Marca', 'Sin Serial', 'ZF-LAVAP000001', 'NINOSKA  GOMEZ', '30-10-2017', 0, 0, 0, 0, '', 0),
(2520, 13, 37, 'TOSTADORA', 'S/N', 'S/N', 'S/N', 'ZF-TOSTA000001', 'NINOSKA  GOMEZ', '30-10-2017', 0, 0, 0, 0, '', 0),
(2521, 13, 37, 'CARTELERA DE CORCHO', 'Sin Modelo', 'Sin Marca', 'Sin Serial', 'ZF-CARTE000001', 'NINOSKA  GOMEZ', '30-10-2017', 0, 0, 0, 0, '', 0),
(2522, 13, 37, 'SILLA CON RUEDAS GIRATORIAS EN SEMI CUERO', 'Sin Modelo', 'Sin Marca', 'Sin Serial', 'ZF-SILLA000052', 'NINOSKA  GOMEZ', '30-10-2017', 0, 0, 0, 0, '', 0),
(2523, 13, 37, 'MESAS CON TOPE DE GRANITO NATURAL CON BASE EN ESTRUCTURA DE HIERRO Y ACABADO  EN COLOR NEGRO CON DIMES', 'Sin Modelo', 'Sin Marca', 'Sin Serial', 'ZF-MESAS000001', 'NINOSKA  GOMEZ', '30-10-2017', 0, 0, 0, 0, '', 0),
(2524, 13, 37, 'MESAS CON TOPE DE GRANITO NATURAL CON BASE EN ESTRUCTURA DE HIERRO Y ACABADO  EN COLOR NEGRO CON DIMES', 'Sin Modelo', 'Sin Marca', 'Sin Serial', 'ZF-MESAS000002', 'NINOSKA  GOMEZ', '30-10-2017', 0, 0, 0, 0, '', 0),
(2525, 13, 37, 'MESAS CON TOPE DE GRANITO NATURAL CON BASE EN ESTRUCTURA DE HIERRO Y ACABADO  EN COLOR NEGRO CON DIMES', 'Sin Modelo', 'Sin Marca', 'Sin Serial', 'ZF-MESAS000003', 'NINOSKA  GOMEZ', '30-10-2017', 0, 0, 0, 0, '', 0),
(2526, 13, 37, 'MESAS CON TOPE DE GRANITO NATURAL CON BASE EN ESTRUCTURA DE HIERRO Y ACABADO  EN COLOR NEGRO CON DIMES', 'Sin Modelo', 'Sin Marca', 'Sin Serial', 'ZF-MESAS000004', 'NINOSKA  GOMEZ', '30-10-2017', 0, 0, 0, 0, '', 0),
(2527, 13, 37, 'MESAS CON TOPE DE GRANITO NATURAL CON BASE EN ESTRUCTURA DE HIERRO Y ACABADO  EN COLOR NEGRO CON DIMES', 'Sin Modelo', 'Sin Marca', 'Sin Serial', 'ZF-MESAS000005', 'NINOSKA  GOMEZ', '30-10-2017', 0, 0, 0, 0, '', 0),
(2528, 13, 37, 'MESAS CON TOPE DE GRANITO NATURAL CON BASE EN ESTRUCTURA DE HIERRO Y ACABADO  EN COLOR NEGRO CON DIMES', 'Sin Modelo', 'Sin Marca', 'Sin Serial', 'ZF-MESAS000006', 'NINOSKA  GOMEZ', '30-10-2017', 0, 0, 0, 0, '', 0),
(2529, 13, 37, 'MESAS CON TOPE DE GRANITO NATURAL CON BASE EN ESTRUCTURA DE HIERRO Y ACABADO  EN COLOR NEGRO CON DIMES', 'Sin Modelo', 'Sin Marca', 'Sin Serial', 'ZF-MESAS000007', 'NINOSKA  GOMEZ', '30-10-2017', 0, 0, 0, 0, '', 0),
(2530, 13, 37, 'MESAS CON TOPE DE GRANITO NATURAL CON BASE EN ESTRUCTURA DE HIERRO Y ACABADO  EN COLOR NEGRO CON DIMES', 'Sin Modelo', 'Sin Marca', 'Sin Serial', 'ZF-MESAS000008', 'NINOSKA  GOMEZ', '30-10-2017', 0, 0, 0, 0, '', 0),
(2531, 13, 37, 'MESAS CON TOPE DE GRANITO NATURAL CON BASE EN ESTRUCTURA DE HIERRO Y ACABADO  EN COLOR NEGRO CON DIMES', 'Sin Modelo', 'Sin Marca', 'Sin Serial', 'ZF-MESAS000009', 'NINOSKA  GOMEZ', '30-10-2017', 0, 0, 0, 0, '', 0),
(2532, 13, 37, 'MESAS CON TOPE DE GRANITO NATURAL CON BASE EN ESTRUCTURA DE HIERRO Y ACABADO  EN COLOR NEGRO CON DIMES', 'Sin Modelo', 'Sin Marca', 'Sin Serial', 'ZF-MESAS000010', 'NINOSKA  GOMEZ', '30-10-2017', 0, 0, 0, 0, '', 0),
(2533, 13, 37, 'MESAS CON TOPE DE GRANITO NATURAL CON BASE EN ESTRUCTURA DE HIERRO Y ACABADO  EN COLOR NEGRO CON DIMES', 'Sin Modelo', 'Sin Marca', 'Sin Serial', 'ZF-MESAS000011', 'NINOSKA  GOMEZ', '30-10-2017', 0, 0, 0, 0, '', 0),
(2534, 13, 37, ' SILLA PLASTICAS ROJAS', 'LENNO', 'Sin Marca', 'Sin Serial', 'ZF-_SILL000053', 'NINOSKA  GOMEZ', '30-10-2017', 0, 0, 0, 0, '', 0),
(2535, 13, 37, ' SILLA PLASTICAS ROJAS', 'LENNO', 'Sin Marca', 'Sin Serial', 'ZF-_SILL000054', 'NINOSKA  GOMEZ', '30-10-2017', 0, 0, 0, 0, '', 0),
(2536, 13, 37, ' SILLA PLASTICAS ROJAS', 'LENNO', 'Sin Marca', 'Sin Serial', 'ZF-_SILL000055', 'NINOSKA  GOMEZ', '30-10-2017', 0, 0, 0, 0, '', 0),
(2537, 13, 37, ' SILLA PLASTICAS ROJAS', 'LENNO', 'Sin Marca', 'Sin Serial', 'ZF-_SILL000056', 'NINOSKA  GOMEZ', '30-10-2017', 0, 0, 0, 0, '', 0),
(2538, 13, 37, ' SILLA PLASTICAS ROJAS', 'LENNO', 'Sin Marca', 'Sin Serial', 'ZF-_SILL000057', 'NINOSKA  GOMEZ', '30-10-2017', 0, 0, 0, 0, '', 0),
(2539, 13, 37, ' SILLA PLASTICAS ROJAS', 'LENNO', 'Sin Marca', 'Sin Serial', 'ZF-_SILL000058', 'NINOSKA  GOMEZ', '30-10-2017', 0, 0, 0, 0, '', 0),
(2540, 13, 37, ' SILLA PLASTICAS ROJAS', 'LENNO', 'Sin Marca', 'Sin Serial', 'ZF-_SILL000059', 'NINOSKA  GOMEZ', '30-10-2017', 0, 0, 0, 0, '', 0),
(2541, 13, 37, ' SILLA PLASTICAS ROJAS', 'LENNO', 'Sin Marca', 'Sin Serial', 'ZF-_SILL000060', 'NINOSKA  GOMEZ', '30-10-2017', 0, 0, 0, 0, '', 0),
(2542, 13, 37, ' SILLA PLASTICAS ROJAS', 'LENNO', 'Sin Marca', 'Sin Serial', 'ZF-_SILL000061', 'NINOSKA  GOMEZ', '30-10-2017', 0, 0, 0, 0, '', 0),
(2543, 13, 37, ' SILLA PLASTICAS ROJAS', 'LENNO', 'Sin Marca', 'Sin Serial', 'ZF-_SILL000062', 'NINOSKA  GOMEZ', '30-10-2017', 0, 0, 0, 0, '', 0),
(2544, 13, 37, ' SILLA PLASTICAS ROJAS', 'LENNO', 'Sin Marca', 'Sin Serial', 'ZF-_SILL000063', 'NINOSKA  GOMEZ', '30-10-2017', 0, 0, 0, 0, '', 0),
(2545, 13, 37, ' SILLA PLASTICAS ROJAS', 'LENNO', 'Sin Marca', 'Sin Serial', 'ZF-_SILL000064', 'NINOSKA  GOMEZ', '30-10-2017', 0, 0, 0, 0, '', 0),
(2546, 13, 37, ' SILLA PLASTICAS ROJAS', 'LENNO', 'Sin Marca', 'Sin Serial', 'ZF-_SILL000065', 'NINOSKA  GOMEZ', '30-10-2017', 0, 0, 0, 0, '', 0),
(2547, 13, 37, ' SILLA PLASTICAS ROJAS', 'LENNO', 'Sin Marca', 'Sin Serial', 'ZF-_SILL000066', 'NINOSKA  GOMEZ', '30-10-2017', 0, 0, 0, 0, '', 0),
(2548, 13, 37, ' SILLA PLASTICAS ROJAS', 'LENNO', 'Sin Marca', 'Sin Serial', 'ZF-_SILL000067', 'NINOSKA  GOMEZ', '30-10-2017', 0, 0, 0, 0, '', 0),
(2549, 13, 37, ' SILLA PLASTICAS ROJAS', 'LENNO', 'Sin Marca', 'Sin Serial', 'ZF-_SILL000068', 'NINOSKA  GOMEZ', '30-10-2017', 0, 0, 0, 0, '', 0),
(2550, 13, 37, ' SILLA PLASTICAS ROJAS', 'LENNO', 'Sin Marca', 'Sin Serial', 'ZF-_SILL000069', 'NINOSKA  GOMEZ', '30-10-2017', 0, 0, 0, 0, '', 0),
(2551, 13, 37, ' SILLA PLASTICAS ROJAS', 'LENNO', 'Sin Marca', 'Sin Serial', 'ZF-_SILL000070', 'NINOSKA  GOMEZ', '30-10-2017', 0, 0, 0, 0, '', 0),
(2552, 13, 37, ' SILLA PLASTICAS ROJAS', 'LENNO', 'Sin Marca', 'Sin Serial', 'ZF-_SILL000071', 'NINOSKA  GOMEZ', '30-10-2017', 0, 0, 0, 0, '', 0),
(2553, 13, 37, ' SILLA PLASTICAS ROJAS', 'LENNO', 'Sin Marca', 'Sin Serial', 'ZF-_SILL000072', 'NINOSKA  GOMEZ', '30-10-2017', 0, 0, 0, 0, '', 0),
(2554, 13, 37, ' SILLA PLASTICAS ROJAS', 'LENNO', 'Sin Marca', 'Sin Serial', 'ZF-_SILL000073', 'NINOSKA  GOMEZ', '30-10-2017', 0, 0, 0, 0, '', 0),
(2555, 13, 37, ' SILLA PLASTICAS ROJAS', 'LENNO', 'Sin Marca', 'Sin Serial', 'ZF-_SILL000074', 'NINOSKA  GOMEZ', '30-10-2017', 0, 0, 0, 0, '', 0),
(2556, 13, 37, ' SILLA PLASTICAS ROJAS', 'LENNO', 'Sin Marca', 'Sin Serial', 'ZF-_SILL000075', 'NINOSKA  GOMEZ', '30-10-2017', 0, 0, 0, 0, '', 0),
(2557, 13, 37, ' SILLA PLASTICAS ROJAS', 'LENNO', 'Sin Marca', 'Sin Serial', 'ZF-_SILL000076', 'NINOSKA  GOMEZ', '30-10-2017', 0, 0, 0, 0, '', 0),
(2558, 13, 37, ' SILLA PLASTICAS ROJAS', 'LENNO', 'Sin Marca', 'Sin Serial', 'ZF-_SILL000077', 'NINOSKA  GOMEZ', '30-10-2017', 0, 0, 0, 0, '', 0),
(2559, 13, 37, ' SILLA PLASTICAS ROJAS', 'LENNO', 'Sin Marca', 'Sin Serial', 'ZF-_SILL000078', 'NINOSKA  GOMEZ', '30-10-2017', 0, 0, 0, 0, '', 0),
(2560, 13, 37, ' SILLA PLASTICAS ROJAS', 'LENNO', 'Sin Marca', 'Sin Serial', 'ZF-_SILL000079', 'NINOSKA  GOMEZ', '30-10-2017', 0, 0, 0, 0, '', 0),
(2561, 13, 37, ' SILLA PLASTICAS ROJAS', 'LENNO', 'Sin Marca', 'Sin Serial', 'ZF-_SILL000080', 'NINOSKA  GOMEZ', '30-10-2017', 0, 0, 0, 0, '', 0),
(2562, 13, 37, ' SILLA PLASTICAS ROJAS', 'LENNO', 'Sin Marca', 'Sin Serial', 'ZF-_SILL000081', 'NINOSKA  GOMEZ', '30-10-2017', 0, 0, 0, 0, '', 0),
(2563, 13, 37, ' SILLA PLASTICAS ROJAS', 'LENNO', 'Sin Marca', 'Sin Serial', 'ZF-_SILL000082', 'NINOSKA  GOMEZ', '30-10-2017', 0, 0, 0, 0, '', 0),
(2564, 13, 37, ' SILLA PLASTICAS ROJAS', 'LENNO', 'Sin Marca', 'Sin Serial', 'ZF-_SILL000083', 'NINOSKA  GOMEZ', '30-10-2017', 0, 0, 0, 0, '', 0),
(2565, 13, 37, ' SILLA PLASTICAS ROJAS', 'LENNO', 'Sin Marca', 'Sin Serial', 'ZF-_SILL000084', 'NINOSKA  GOMEZ', '30-10-2017', 0, 0, 0, 0, '', 0),
(2566, 13, 37, ' SILLA PLASTICAS ROJAS', 'LENNO', 'Sin Marca', 'Sin Serial', 'ZF-_SILL000085', 'NINOSKA  GOMEZ', '30-10-2017', 0, 0, 0, 0, '', 0),
(2567, 13, 37, ' SILLA PLASTICAS ROJAS', 'LENNO', 'Sin Marca', 'Sin Serial', 'ZF-_SILL000086', 'NINOSKA  GOMEZ', '30-10-2017', 0, 0, 0, 0, '', 0),
(2568, 13, 37, ' SILLA PLASTICAS ROJAS', 'LENNO', 'Sin Marca', 'Sin Serial', 'ZF-_SILL000087', 'NINOSKA  GOMEZ', '30-10-2017', 0, 0, 0, 0, '', 0),
(2569, 13, 37, ' SILLA PLASTICAS ROJAS', 'LENNO', 'Sin Marca', 'Sin Serial', 'ZF-_SILL000088', 'NINOSKA  GOMEZ', '30-10-2017', 0, 0, 0, 0, '', 0),
(2570, 13, 37, ' SILLA PLASTICAS ROJAS', 'LENNO', 'Sin Marca', 'Sin Serial', 'ZF-_SILL000089', 'NINOSKA  GOMEZ', '30-10-2017', 0, 0, 0, 0, '', 0),
(2571, 13, 37, ' SILLA PLASTICAS ROJAS', 'LENNO', 'Sin Marca', 'Sin Serial', 'ZF-_SILL000090', 'NINOSKA  GOMEZ', '30-10-2017', 0, 0, 0, 0, '', 0),
(2572, 13, 37, ' SILLA PLASTICAS ROJAS', 'LENNO', 'Sin Marca', 'Sin Serial', 'ZF-_SILL000091', 'NINOSKA  GOMEZ', '30-10-2017', 0, 0, 0, 0, '', 0),
(2573, 13, 37, ' SILLA PLASTICAS ROJAS', 'LENNO', 'Sin Marca', 'Sin Serial', 'ZF-_SILL000092', 'NINOSKA  GOMEZ', '30-10-2017', 0, 0, 0, 0, '', 0),
(2574, 13, 37, ' SILLA PLASTICAS ROJAS', 'LENNO', 'Sin Marca', 'Sin Serial', 'ZF-_SILL000093', 'NINOSKA  GOMEZ', '30-10-2017', 0, 0, 0, 0, '', 0),
(2575, 13, 37, ' SILLA PLASTICAS ROJAS', 'LENNO', 'Sin Marca', 'Sin Serial', 'ZF-_SILL000094', 'NINOSKA  GOMEZ', '30-10-2017', 0, 0, 0, 0, '', 0),
(2576, 13, 37, ' SILLA PLASTICAS ROJAS', 'LENNO', 'Sin Marca', 'Sin Serial', 'ZF-_SILL000095', 'NINOSKA  GOMEZ', '30-10-2017', 0, 0, 0, 0, '', 0),
(2577, 13, 37, ' SILLA PLASTICAS ROJAS', 'LENNO', 'Sin Marca', 'Sin Serial', 'ZF-_SILL000096', 'NINOSKA  GOMEZ', '30-10-2017', 0, 0, 0, 0, '', 0),
(2578, 13, 37, ' SILLA PLASTICAS ROJAS', 'LENNO', 'Sin Marca', 'Sin Serial', 'ZF-_SILL000097', 'NINOSKA  GOMEZ', '30-10-2017', 0, 0, 0, 0, '', 0),
(2579, 13, 37, ' SILLA PLASTICAS ROJAS', 'LENNO', 'Sin Marca', 'Sin Serial', 'ZF-_SILL000098', 'NINOSKA  GOMEZ', '30-10-2017', 0, 0, 0, 0, '', 0),
(2580, 15, 39, 'AIRE ACONDICIONADO TIPO SPLIT 12000 BTU', 'Sin Modelo', 'ELECTROLUX', 'Sin Serial', 'ZF-AIRE_000009', 'BARBERIA', '30-10-2017', 0, 0, 0, 0, '', 0),
(2581, 15, 39, 'LAMPARAS DE PARED ', 'Sin Modelo', 'Sin Marca', 'Sin Serial', 'ZF-LAMPA000001', 'BARBERIA', '30-10-2017', 0, 0, 0, 0, '', 0),
(2582, 15, 39, 'JUEGO DE SILLA DE TRES UNIDADES EN SEMICUERO', 'Sin Modelo', 'Sin Marca', 'Sin Serial', 'ZF-JUEGO000005', 'BARBERIA', '30-10-2017', 0, 0, 0, 0, '', 0),
(2583, 15, 39, 'SILLA TIPO BARBERIA', 'Sin Modelo', 'Sin Marca', 'Sin Serial', 'ZF-SILLA000053', 'BARBERIA', '30-10-2017', 0, 0, 0, 0, '', 0),
(2584, 15, 39, 'ARTURITO EN FORMICA CONTENTIVO DE 3 GAVETAS', 'Sin Modelo', 'Sin Marca', 'Sin Serial', 'ZF-ARTUR000008', 'BARBERIA', '30-10-2017', 0, 0, 0, 0, '', 0),
(2585, 15, 39, 'ARTURITO EN FORMICA CONTENTIVO DE 3 GAVETAS', 'Sin Modelo', 'Sin Marca', 'Sin Serial', 'ZF-ARTUR000009', 'BARBERIA', '30-10-2017', 0, 0, 0, 0, '', 0),
(2586, 15, 39, 'CONTROL DE AIRE ACONDICIONADO ', 'S/N', 'ELECTROLUX', 'S/N', 'ZF-CONTR000007', 'BARBERIA', '30-10-2017', 0, 0, 0, 0, '', 0),
(2587, 15, 39, 'MESON EN FORMICA', 'Sin Modelo', 'Sin Marca', 'Sin Serial', 'ZF-MESON000003', 'BARBERIA', '30-10-2017', 0, 0, 0, 0, '', 0),
(2613, 14, 40, 'AIRE ACONDICIONADO TIPO SPLIT', 'C2G91021501', 'HYUNDAI', 'Sin Serial', 'ZF-AIRE_000010', 'YUNIER RONDON Y ALDRIN VELAZCO-OFICINA', '30-10-2017', 0, 0, 0, 0, '', 0),
(2614, 14, 40, 'ESCRITORIO CONTENTIVO DE 2 GAVETAS PEQUEÑAS', 'Sin Modelo', 'Sin Marca', 'Sin Serial', 'ZF-ESCRI000019', 'YUNIER RONDON Y ALDRIN VELAZCO', '30-10-2017', 0, 0, 0, 0, '', 0),
(2615, 14, 40, 'ESCRITORIO PEQUEÑO CONTENTIVO DE DOS GAVETAS 1 PEQUEÑA Y 1 MEDIANA', 'Sin Modelo', 'Sin Marca', 'Sin Serial', 'ZF-ESCRI000020', 'YUNIER RONDON Y ALDRIN VELAZCO', '30-10-2017', 0, 0, 0, 0, '', 0),
(2616, 14, 40, 'ARTURITO DE FORMICA DE TRES GAVETAS', 'Sin Modelo', 'Sin Marca', 'Sin Serial', 'ZF-ARTUR000010', 'YUNIER RONDON Y ALDRIN VELAZCO', '30-10-2017', 0, 0, 0, 0, '', 0),
(2617, 14, 40, 'TELEFONO INTERNO', 'ESPACE 6805', 'HYUNDAI', '21021603465QB00012', 'ZF-TELEF000016', 'YUNIER RONDON Y ALDRIN VELAZCO', '30-10-2017', 0, 0, 0, 0, '', 0),
(2618, 14, 40, 'MONITOR ', 'VIT19EWB', 'VIT', 'T9DST62QAMLUNNZ  C19D9BA006724', 'ZF-MONIT000023', 'YUNIER RONDON Y ALDRIN VELAZCO', '30-10-2017', 0, 0, 0, 0, '', 0),
(2619, 14, 40, 'TECLADO', 'DOKK5313', 'VIT', 'KBD925K14102A', 'ZF-TECLA000022', 'YUNIER RONDON Y ALDRIN VELAZCO - DESINCORPORAR', '30-10-2017', 0, 0, 0, 0, '', 0),
(2620, 14, 40, 'MOUSE', 'DOKM696', 'VIT', 'MSDA09K11802A', 'ZF-MOUSE000023', 'YUNIER RONDON Y ALDRIN VELAZCO', '30-10-2017', 0, 0, 0, 0, '', 0),
(2621, 14, 40, 'CORNETA', 'LCB118', 'VIT', '20131025014872', 'ZF-CORNE000009', 'YUNIER RONDON Y ALDRIN VELAZCO', '30-10-2017', 0, 0, 0, 0, '', 0),
(2622, 14, 40, 'ROUTER', 'TLWR40N', 'TP LINK', '940C6DEC10DC', 'ZF-ROUTE000002', 'YUNIER RONDON Y ALDRIN VELAZCO', '30-10-2017', 0, 0, 0, 0, '', 0),
(2623, 14, 40, 'CPU', 'E1210-01', 'VIT', 'A0008600038', 'ZF-CPU000007', 'YUNIER RONDON Y ALDRIN VELAZCO', '30-10-2017', 0, 0, 0, 0, '', 0),
(2624, 14, 40, 'NEVERA (VITRINA SENCILLA DE 4 PUERTAS CON UNIDAD)', '90203001', 'INVITREL', 'QUR1-40CU', 'ZF-NEVER000003', 'YUNIER RONDON-CENTAUROS', '30-10-2017', 0, 0, 0, 0, '', 0),
(2625, 14, 40, 'LAVAPLATOS CON MESON', 'Sin Modelo', 'Sin Marca', 'Sin Serial', 'ZF-LAVAP000002', 'YUNIER RONDON-CENTAUROS', '30-10-2017', 0, 0, 0, 0, '', 0),
(2626, 14, 40, 'MESA CON TOPE DE 4 SILLAS  (COMEDOR INDUSTRIAL)', 'Sin Modelo', 'Sin Marca', 'Sin Serial', 'ZF-MESA_000012', 'YUNIER RONDON-CENTAUROS', '30-10-2017', 0, 0, 0, 0, '', 0),
(2627, 14, 40, 'SILLA (COMEDOR INDUSTRIAL)', 'Sin Modelo', 'Sin Marca', 'Sin Serial', 'ZF-SILLA000054', 'YUNIER RONDON-CENTAUROS', '30-10-2017', 0, 0, 0, 0, '', 0),
(2628, 14, 40, 'FABRICACION DE ARQUERIA DE METAL PARA CANCHA DE FUTBOL SALA, MEDIDA 3 MTS X 2 MTS', 'Sin Modelo', 'Sin Marca', 'Sin Serial', 'ZF-FABRI000001', 'YUNIER RONDON Y ALDRIN VELAZCO/COMPLEJO DEPORTIVO', '30-10-2017', 0, 0, 0, 0, '', 0),
(2629, 14, 40, 'FABRICACION DE ARQUERIA DE METAL PARA CANCHA DE FUTBOL SALA, MEDIDA 3 MTS X 2 MTS', 'Sin Modelo', 'Sin Marca', 'Sin Serial', 'ZF-FABRI000002', 'YUNIER RONDON Y ALDRIN VELAZCO/COMPLEJO DEPORTIVO', '30-10-2017', 0, 0, 0, 0, '', 0),
(2630, 14, 40, 'FABRICACION DE ARQUERIA DE METAL PARA CANCHA DE FUTBOL SALA, MEDIDA 3 MTS X 2 MTS', 'Sin Modelo', 'Sin Marca', 'Sin Serial', 'ZF-FABRI000003', 'YUNIER RONDON Y ALDRIN VELAZCO/COMPLEJO DEPORTIVO', '30-10-2017', 0, 0, 0, 0, '', 0),
(2631, 14, 40, 'FABRICACION DE ARQUERIA DE METAL PARA CANCHA DE FUTBOL SALA, MEDIDA 3 MTS X 2 MTS', 'Sin Modelo', 'Sin Marca', 'Sin Serial', 'ZF-FABRI000004', 'YUNIER RONDON Y ALDRIN VELAZCO/COMPLEJO DEPORTIVO', '30-10-2017', 0, 0, 0, 0, '', 0),
(2632, 14, 40, 'FABRICACION DE ARQUERIA DE FUTBOL DE CAMPO DE MEDIDAS DE 6MTS X 2MTS', 'Sin Modelo', 'Sin Marca', 'Sin Serial', 'ZF-FABRI000005', 'YUNIER RONDON Y ALDRIN VELAZCO/COMPLEJO DEPORTIVO', '30-10-2017', 0, 0, 0, 0, '', 0),
(2633, 14, 40, 'FABRICACION DE ARQUERIA DE FUTBOL DE CAMPO DE MEDIDAS DE 6MTS X 2MTS', 'Sin Modelo', 'Sin Marca', 'Sin Serial', 'ZF-FABRI000006', 'YUNIER RONDON Y ALDRIN VELAZCO/COMPLEJO DEPORTIVO', '30-10-2017', 0, 0, 0, 0, '', 0),
(2634, 14, 40, 'FABRICACION Y MONTAJE DE ESCTRUCTURAS PARA CANCHA DE BASKET INCLUYE COLOCACION DE TABLEROS ', 'Sin Modelo', 'Sin Marca', 'Sin Serial', 'ZF-FABRI000007', 'YUNIER RONDON Y ALDRIN VELAZCO/COMPLEJO DEPORTIVO', '30-10-2017', 0, 0, 0, 0, '', 0),
(2635, 14, 40, 'FABRICACION Y MONTAJE DE ESCTRUCTURAS PARA CANCHA DE BASKET INCLUYE COLOCACION DE TABLEROS ', 'Sin Modelo', 'Sin Marca', 'Sin Serial', 'ZF-FABRI000008', 'YUNIER RONDON Y ALDRIN VELAZCO/COMPLEJO DEPORTIVO', '30-10-2017', 0, 0, 0, 0, '', 0),
(2636, 14, 40, 'FABRICACION Y MONTAJE DE ESCTRUCTURAS PARA CANCHA DE BASKET INCLUYE COLOCACION DE TABLEROS ', 'Sin Modelo', 'Sin Marca', 'Sin Serial', 'ZF-FABRI000009', 'YUNIER RONDON Y ALDRIN VELAZCO/COMPLEJO DEPORTIVO', '30-10-2017', 0, 0, 0, 0, '', 0),
(2637, 14, 40, 'FABRICACION Y MONTAJE DE ESCTRUCTURAS PARA CANCHA DE BASKET INCLUYE COLOCACION DE TABLEROS ', 'Sin Modelo', 'Sin Marca', 'Sin Serial', 'ZF-FABRI000010', 'YUNIER RONDON Y ALDRIN VELAZCO/COMPLEJO DEPORTIVO', '30-10-2017', 0, 0, 0, 0, '', 0),
(2638, 14, 40, 'FABRICACION, DISEÑO  E INSTALACION DE 4 VALLAS DE MEDIDA DE 3,85 X 1,5 MTS CON SOPORTES PARA LA CERCA DEL COMPLEJO POLIDEPORTIVO HECTOR INFANTE, LOGOS VIT, VTELCA, PLANIMARA Y ORINOQUIA', 'Sin Modelo', 'Sin Marca', 'Sin Serial', 'ZF-FABRI000011', 'YUNIER RONDON Y ALDRIN VELAZCO/COMPLEJO DEPORTIVO', '30-10-2017', 0, 0, 0, 0, '', 0),
(2639, 14, 40, 'FABRICACION, DISEÑO E INSTALACION DE 4 VALLAS DE MEDIDA DE 3,85 X 1,5 MTS CON SOPORTES PARA LA CERCA DEL COMPLEJO POLIDEPORTIVO HECTOR INFANTE, LOGOS VIT, VTELCA, PLANIMARA Y ORINOQUIA', 'Sin Modelo', 'Sin Marca', 'Sin Serial', 'ZF-FABRI000012', 'YUNIER RONDON Y ALDRIN VELAZCO/COMPLEJO DEPORTIVO', '30-10-2017', 0, 0, 0, 0, '', 0),
(2640, 14, 40, 'FABRICACION, DISEÑO E INSTALACION DE 4 VALLAS DE MEDIDA DE 3,85 X 1,5 MTS CON SOPORTES PARA LA CERCA DEL COMPLEJO POLIDEPORTIVO HECTOR INFANTE, LOGOS VIT, VTELCA, PLANIMARA Y ORINOQUIA', 'Sin Modelo', 'Sin Marca', 'Sin Serial', 'ZF-FABRI000013', 'YUNIER RONDON Y ALDRIN VELAZCO/COMPLEJO DEPORTIVO', '30-10-2017', 0, 0, 0, 0, '', 0),
(2641, 14, 40, 'FABRICACION, DISEÑO E INSTALACION DE 4 VALLAS DE MEDIDA DE 3,85 X 1,5 MTS CON SOPORTES PARA LA CERCA DEL COMPLEJO POLIDEPORTIVO HECTOR INFANTE, LOGOS VIT, VTELCA, PLANIMARA Y ORINOQUIA', 'Sin Modelo', 'Sin Marca', 'Sin Serial', 'ZF-FABRI000014', 'YUNIER RONDON Y ALDRIN VELAZCO/COMPLEJO DEPORTIVO', '30-10-2017', 0, 0, 0, 0, '', 0),
(2642, 9, 14, 'CONSOLA DE RADIO PRINCIPAL', 'S-500', 'SOLIDYNE', 'Sin Serial', 'ZF-CONSO000001', 'RADIO', '31-10-2017', 0, 0, 0, 0, '', 0),
(2643, 9, 14, 'CONSOLA DE GRABACION', 'MX-FX', 'top-pro', '6120202435', 'ZF-CONSO000002', 'RADIO', '31-10-2017', 0, 0, 0, 20405, '00011748', 0),
(2644, 9, 14, 'CONSOLA DE RADIO SEGUNDARIA', 'XENYX x2222', 'behringer', 's1112593aol', 'ZF-CONSO000003', 'RADIO', '31-10-2017', 0, 0, 0, 0, '', 0),
(2645, 9, 14, 'CONSOLA PARA EVENTOS', 'XENYX 1202FX', 'behringer', 's1225581571', 'ZF-CONSO000004', 'RADIO', '31-10-2017', 0, 0, 0, 0, '', 0),
(2646, 9, 14, 'AMPLIFICADOR', 'VLP-1500', 'American Audio', '41260280', 'ZF-AMPLI000001', 'RADIO', '31-10-2017', 0, 0, 0, 1790000, '00177089', 0),
(2647, 9, 14, 'AMPLIFICADOR', 'EPQ450', 'Behringer', 'Sin Serial', 'ZF-AMPLI000002', 'RADIO', '31-10-2017', 0, 0, 0, 3354, '00011748', 0),
(2648, 9, 14, 'CORNETAS PASIVAS', 'PV 115', 'Perkey', 'OLBCC061130', 'ZF-CORNE000010', 'RADIO', '31-10-2017', 0, 0, 0, 0, '', 0),
(2649, 9, 14, 'CORNETAS PASIVAS', 'PV 115', 'Perkey', 'OLBCC061140', 'ZF-CORNE000011', 'RADIO', '31-10-2017', 0, 0, 0, 0, '', 0),
(2650, 9, 14, ' CORNETAS MONITOR ACTIVOS ', 'PSM6P', 'Grate Audio', 'Sin Serial', 'ZF-_CORN000012', 'RADIO', '31-10-2017', 0, 0, 0, 0, '', 0),
(2651, 9, 14, ' CORNETAS MONITOR ACTIVOS ', 'PSM6P', 'Grate Audio', 'Sin Serial', 'ZF-_CORN000013', 'RADIO', '31-10-2017', 0, 0, 0, 0, '', 0),
(2652, 9, 14, ' CORNETAS MONITOR ACTIVOS ', 'TruthB2030A', 'Behringer', 'N10033640135', 'ZF-_CORN000014', 'RADIO', '31-10-2017', 0, 0, 0, 0, '', 0),
(2653, 9, 14, ' CORNETAS MONITOR ACTIVOS ', 'MR-5501W', 'Soundbarrier', 'Sin Serial', 'ZF-_CORN000015', 'RADIO', '31-10-2017', 0, 0, 0, 2543.5, '00011748', 0),
(2654, 9, 14, ' CORNETAS MONITOR ACTIVOS ', 'MR-5501W', 'Soundbarrier', 'Sin Serial', 'ZF-_CORN000016', 'RADIO', '31-10-2017', 0, 0, 0, 0, '', 0),
(2655, 9, 14, 'LAPTO Y CARGADOR', 'P3300', 'VIT', 'A001114667 Y NP101402140303010', 'ZF-LAPTO000002', 'RADIO', '31-10-2017', 0, 0, 0, 0, '', 0),
(2656, 9, 14, 'LAPTO', 'P2402', 'VIT', 'A000708292', 'ZF-LAPTO000003', 'RADIO', '31-10-2017', 0, 0, 0, 0, '', 0),
(2657, 9, 14, 'AUDIFONO', 'DENON DJ', 'Sin Marca', 'Sin Serial', 'ZF-AUDIF000001', 'RADIO', '31-10-2017', 0, 0, 0, 20700, '00022473', 0),
(2658, 9, 14, 'AUDIFONO', 'DNH500', 'DENON DJ', 'Sin Serial', 'ZF-AUDIF000002', 'RADIO', '31-10-2017', 0, 0, 0, 20700, '00022473', 0),
(2659, 9, 14, 'AUDIFONO', 'DNH500', 'DENON DJ', 'Sin Serial', 'ZF-AUDIF000003', 'RADIO', '31-10-2017', 0, 0, 0, 20700, '00022473', 0),
(2660, 9, 14, 'AUDIFONO', 'DNH500', 'DENON DJ', 'Sin Serial', 'ZF-AUDIF000004', 'RADIO', '31-10-2017', 0, 0, 0, 20700, '00022473', 0),
(2661, 9, 14, 'MICROFONO CONDENSADOR', 'C-1', 'Behringer', 'Sin Serial', 'ZF-MICRO000003', 'DERBYS MOLINA', '31-10-2017', 0, 0, 0, 0, '', 0),
(2662, 9, 14, 'MICROFONO DINAMICO', 'SM58', 'Shure', 'Sin Serial', 'ZF-MICRO000004', 'RADIO', '31-10-2017', 0, 0, 0, 3214.29, '0752', 0),
(2663, 9, 14, 'MICROFONO DINAMICO', 'SM58', 'Shure', 'Sin Serial', 'ZF-MICRO000005', 'RADIO', '31-10-2017', 0, 0, 0, 0, '', 0),
(2664, 9, 14, 'MICROFONO DINAMICO', 'E835', 'Sennheiser', 'Sin Serial', 'ZF-MICRO000006', 'RADIO', '31-10-2017', 0, 0, 0, 0, '', 0),
(2665, 9, 14, 'TELEVISOR', 'CLCD3260', 'SANKEY', 'Sin Serial', 'ZF-TELEV000003', 'RADIO', '31-10-2017', 0, 0, 0, 0, '', 0),
(2666, 9, 14, 'DECODIFICADOR', 'L12L-V-700', 'Directv', 'P24GbM142', 'ZF-DECOD000002', 'RADIO', '31-10-2017', 0, 0, 0, 0, '', 0),
(2667, 9, 14, 'TUNEL RADIO', 'TU-1500RD', 'Denon', 'B121515732', 'ZF-TUNEL000001', 'RADIO', '31-10-2017', 0, 0, 0, 0, '', 0),
(2668, 9, 14, 'DIGITAL STEREO CODER Y 7 STAGES FM AUDIO PROCESSA', '362', 'Solidyne', '2248', 'ZF-DIGIT000001', 'RADIO DAÑADO', '31-10-2017', 0, 0, 0, 0, '', 0),
(2669, 9, 14, 'TRANSMISOR', 'ETG1000', 'Elenos', '11IS4517', 'ZF-TRANS000001', 'RADIO', '31-10-2017', 0, 0, 0, 0, '', 0),
(2670, 9, 14, 'ESCRITORIO EN FORMICA SIN GAVETAS', 'Sin Modelo', 'Sin Marca', 'Sin Serial', 'ZF-ESCRI000021', 'RADIO', '31-10-2017', 0, 0, 0, 0, '', 0),
(2671, 9, 14, 'ESCRITORIO EN FORMICA SIN GAVETAS', 'Sin Modelo', 'Sin Marca', 'Sin Serial', 'ZF-ESCRI000022', 'RADIO', '31-10-2017', 0, 0, 0, 0, '', 0),
(2672, 9, 14, 'ESCRITORIO EN FORMICA CONTENTIVO DE 2 GAVETAS', 'Sin Modelo', 'Sin Marca', 'Sin Serial', 'ZF-ESCRI000023', 'RADIO', '31-10-2017', 0, 0, 0, 0, '', 0),
(2673, 9, 14, 'ESCRITORIO EN FORMICA CONTENTIVO DE 2 GAVETAS', 'Sin Modelo', 'Sin Marca', 'Sin Serial', 'ZF-ESCRI000024', 'RADIO', '31-10-2017', 0, 0, 0, 0, '', 0),
(2674, 9, 14, 'MONITOR', 'TFT19W80PS', 'VIT', '778BBBA00609', 'ZF-MONIT000024', 'RADIO', '31-10-2017', 0, 0, 0, 0, '', 0),
(2675, 9, 14, 'CPU', 'VIT2600', 'VIT', 'A000063069', 'ZF-CPU000008', 'RADIO', '31-10-2017', 0, 0, 0, 0, '', 0),
(2676, 9, 14, 'SILLA SECREATRIAL CON BRAZO, GIRATORIA EN SEMICUERO', 'Sin Modelo', 'Sin Marca', 'Sin Serial', 'ZF-SILLA000055', 'RADIO', '31-10-2017', 0, 0, 0, 7866, '00013661', 0),
(2677, 9, 14, 'SILLA SECREATRIAL CON BRAZO, GIRATORIA EN SEMICUERO', 'Sin Modelo', 'Sin Marca', 'Sin Serial', 'ZF-SILLA000056', 'RADIO', '31-10-2017', 0, 0, 0, 7866, '00013661', 0),
(2678, 9, 14, 'SILLA SECREATRIAL CON BRAZO, GIRATORIA EN SEMICUERO', 'Sin Modelo', 'Sin Marca', 'Sin Serial', 'ZF-SILLA000057', 'RADIO', '31-10-2017', 0, 0, 0, 7866, '00013661', 0),
(2679, 9, 14, 'SILLA SECREATRIAL CON BRAZO, GIRATORIA EN SEMICUERO', 'Sin Modelo', 'Sin Marca', 'Sin Serial', 'ZF-SILLA000058', 'RADIO', '31-10-2017', 0, 0, 0, 7866, '00013661', 0),
(2680, 9, 14, 'ARTURO EN FORMICA CONTENTIVO DE 2 GAVETAS', 'Sin Modelo', 'Sin Marca', 'Sin Serial', 'ZF-ARTUR000011', 'RADIO', '31-10-2017', 0, 0, 0, 0, '', 0),
(2681, 9, 14, 'MOUSE ', 'MSU0718T', 'VIT', 'MSBA15Q10449A', 'ZF-MOUSE000024', 'RADIO', '31-10-2017', 0, 0, 0, 0, '', 0),
(2682, 9, 14, 'TECLADO', 'VIT2971', 'VIT', 'KBB224Q43123A', 'ZF-TECLA000023', 'RADIO', '31-10-2017', 0, 0, 0, 0, '', 0),
(2683, 9, 14, 'TELEFONO', 'ESPACE 6805', 'HUAWEI', '21021603465Q4B000008', 'ZF-TELEF000017', 'RADIO', '31-10-2017', 0, 0, 0, 0, '', 0),
(2684, 9, 14, 'RADIO PEQUEÑO', 'CFD-RS60GP', 'SONY', 'Sin Serial', 'ZF-RADIO000001', 'DERBYS MOLINA', '31-10-2017', 0, 0, 0, 0, '', 0),
(2685, 9, 14, 'PARAL DE JIRAFA', 'Sin Modelo', 'Sin Marca', 'Sin Serial', 'ZF-PARAL000001', 'RADIO', '31-10-2017', 0, 0, 0, 0, '', 0),
(2686, 9, 14, 'PARAL DE JIRAFA', 'Sin Modelo', 'Sin Marca', 'Sin Serial', 'ZF-PARAL000002', 'RADIO', '31-10-2017', 0, 0, 0, 0, '', 0),
(2687, 9, 14, 'PARAL DE JIRAFA', 'Sin Modelo', 'Sin Marca', 'Sin Serial', 'ZF-PARAL000003', 'RADIO', '31-10-2017', 0, 0, 0, 0, '', 0),
(2688, 9, 14, 'RELOJ DE MESA', 'D-16', 'CASIO', 'Sin Serial', 'ZF-RELOJ000004', 'RADIO', '31-10-2017', 0, 0, 0, 0, '', 0),
(2689, 9, 14, 'SONEX', 'Sin Modelo', 'Sin Marca', 'Sin Serial', 'ZF-SONEX000001', 'RADIO', '31-10-2017', 0, 0, 0, 0, '', 0),
(2690, 9, 14, 'SONEX', 'Sin Modelo', 'Sin Marca', 'Sin Serial', 'ZF-SONEX000002', 'RADIO', '31-10-2017', 0, 0, 0, 0, '', 0),
(2691, 9, 14, 'SONEX', 'Sin Modelo', 'Sin Marca', 'Sin Serial', 'ZF-SONEX000003', 'RADIO', '31-10-2017', 0, 0, 0, 0, '', 0),
(2692, 9, 14, 'SONEX', 'Sin Modelo', 'Sin Marca', 'Sin Serial', 'ZF-SONEX000004', 'RADIO', '31-10-2017', 0, 0, 0, 0, '', 0),
(2693, 9, 14, 'SONEX', 'Sin Modelo', 'Sin Marca', 'Sin Serial', 'ZF-SONEX000005', 'RADIO', '31-10-2017', 0, 0, 0, 0, '', 0),
(2694, 9, 14, 'SONEX', 'Sin Modelo', 'Sin Marca', 'Sin Serial', 'ZF-SONEX000006', 'RADIO', '31-10-2017', 0, 0, 0, 0, '', 0),
(2695, 9, 14, 'SONEX', 'Sin Modelo', 'Sin Marca', 'Sin Serial', 'ZF-SONEX000007', 'RADIO', '31-10-2017', 0, 0, 0, 0, '', 0),
(2696, 9, 14, 'MESA TABURE EN MADERA', 'Sin Modelo', 'Sin Marca', 'Sin Serial', 'ZF-MESA_000013', 'RADIO', '31-10-2017', 0, 0, 0, 0, '', 0),
(2697, 9, 14, 'SILLA DE ESPERA TANDEM INDIVIDUAL', 'Sin Modelo', 'Sin Marca', 'Sin Serial', 'ZF-SILLA000059', 'PASIILO RADIO', '31-10-2017', 0, 0, 0, 0, '', 0),
(2698, 9, 14, 'SILLA DE ESPERA TANDEM INDIVIDUAL', 'Sin Modelo', 'Sin Marca', 'Sin Serial', 'ZF-SILLA000060', 'PASIILO RADIO', '31-10-2017', 0, 0, 0, 0, '', 0),
(2699, 9, 14, 'SILLA DE ESPERA TANDEM DE CUATRO PUESTOS', 'Sin Modelo', 'Sin Marca', 'Sin Serial', 'ZF-SILLA000061', 'PASIILO RADIO', '31-10-2017', 0, 0, 0, 0, '', 0),
(2700, 9, 14, 'MESITA CENTRAL', 'Sin Modelo', 'Sin Marca', 'Sin Serial', 'ZF-MESIT000002', 'PASIILO RADIO', '31-10-2017', 0, 0, 0, 0, '', 0),
(2701, 9, 14, 'DISPENSADOR DE AGUA', 'GP03DA10', 'GPLUS', '12117747', 'ZF-DISPE000001', 'PASIILO RADIO', '31-10-2017', 0, 0, 0, 7980, '00049759', 0),
(2702, 9, 14, 'EXTINTOR CONTRA INCENDIO 515 PQS', 'Sin Modelo', 'Sin Marca', 'Sin Serial', 'ZF-EXTIN000018', 'PASIILO RADIO', '31-10-2017', 0, 0, 0, 0, '', 0),
(2703, 9, 14, 'ESCRITORIO EN MADERA CONTENTIVO DE 2 GAVETAS', 'Sin Modelo', 'Sin Marca', 'Sin Serial', 'ZF-ESCRI000025', 'COORDINACION DE RADIO', '31-10-2017', 0, 0, 0, 23242, '00013661', 0),
(2704, 9, 14, 'ESCRITORIO EN MADERA CONTENTIVO DE 2 GAVETAS', 'Sin Modelo', 'Sin Marca', 'Sin Serial', 'ZF-ESCRI000026', 'COORDINACION DE RADIO', '31-10-2017', 0, 0, 0, 23242, '00013661', 0),
(2705, 9, 14, 'ARCHIVO CONTENTIVO DE 4 GAVETAS', 'Sin Modelo', 'Sin Marca', 'Sin Serial', 'ZF-ARCHI000008', 'COORDINACION DE RADIO', '31-10-2017', 0, 0, 0, 0, '', 0),
(2706, 9, 14, 'SILLA ERGONOMICA OPERATIVA', 'Sin Modelo', 'Sin Marca', 'Sin Serial', 'ZF-SILLA000062', 'COORDINACION DE RADIO', '31-10-2017', 0, 0, 0, 0, '', 0),
(2707, 9, 14, 'SILLA ERGONOMICA OPERATIVA', 'Sin Modelo', 'Sin Marca', 'Sin Serial', 'ZF-SILLA000063', 'COORDINACION DE RADIO', '31-10-2017', 0, 0, 0, 0, '', 0),
(2708, 9, 14, 'TELEONO INTERNO', 'ESPACE 6805', 'HUAWEI', '21021603465Q4B000021', 'ZF-TELEO000001', 'COORDINACION DE RADIO', '31-10-2017', 0, 0, 0, 0, '', 0),
(2709, 9, 14, 'MESA DE REUNIONES OVALADA EN MADERA', 'Sin Modelo', 'Sin Marca', 'Sin Serial', 'ZF-MESA_000014', 'SALA DE CONFERENCIA', '31-10-2017', 0, 0, 0, 0, '', 0),
(2710, 9, 14, 'SILLA EN CUERO PARA REUNIONES CON BRAZO, GIRATORIAS SIN RUEDAS', 'Sin Modelo', 'Sin Marca', 'Sin Serial', 'ZF-SILLA000064', 'SALA DE CONFERENCIA', '31-10-2017', 0, 0, 0, 0, '', 0),
(2711, 9, 14, 'SILLA EN CUERO PARA REUNIONES CON BRAZO, GIRATORIAS SIN RUEDAS', 'Sin Modelo', 'Sin Marca', 'Sin Serial', 'ZF-SILLA000065', 'SALA DE CONFERENCIA', '31-10-2017', 0, 0, 0, 0, '', 0),
(2712, 9, 14, 'SILLA EN CUERO PARA REUNIONES CON BRAZO, GIRATORIAS SIN RUEDAS', 'Sin Modelo', 'Sin Marca', 'Sin Serial', 'ZF-SILLA000066', 'SALA DE CONFERENCIA', '31-10-2017', 0, 0, 0, 0, '', 0),
(2713, 9, 14, 'SILLA EN CUERO PARA REUNIONES CON BRAZO, GIRATORIAS SIN RUEDAS', 'Sin Modelo', 'Sin Marca', 'Sin Serial', 'ZF-SILLA000067', 'SALA DE CONFERENCIA', '31-10-2017', 0, 0, 0, 0, '', 0),
(2714, 9, 14, 'SILLA EN CUERO PARA REUNIONES CON BRAZO, GIRATORIAS SIN RUEDAS', 'Sin Modelo', 'Sin Marca', 'Sin Serial', 'ZF-SILLA000068', 'SALA DE CONFERENCIA', '31-10-2017', 0, 0, 0, 0, '', 0),
(2715, 9, 14, 'SILLA EN CUERO PARA REUNIONES CON BRAZO, GIRATORIAS SIN RUEDAS', 'Sin Modelo', 'Sin Marca', 'Sin Serial', 'ZF-SILLA000069', 'SALA DE CONFERENCIA', '31-10-2017', 0, 0, 0, 0, '', 0),
(2716, 9, 14, 'SILLA EN CUERO PARA REUNIONES CON BRAZO, GIRATORIAS SIN RUEDAS', 'Sin Modelo', 'Sin Marca', 'Sin Serial', 'ZF-SILLA000070', 'SALA DE CONFERENCIA', '31-10-2017', 0, 0, 0, 0, '', 0),
(2717, 9, 14, 'SILLA EN CUERO PARA REUNIONES CON BRAZO, GIRATORIAS SIN RUEDAS', 'Sin Modelo', 'Sin Marca', 'Sin Serial', 'ZF-SILLA000071', 'SALA DE CONFERENCIA', '31-10-2017', 0, 0, 0, 0, '', 0),
(2718, 9, 14, 'SILLA EN CUERO PARA REUNIONES CON BRAZO, GIRATORIAS SIN RUEDAS', 'Sin Modelo', 'Sin Marca', 'Sin Serial', 'ZF-SILLA000072', 'SALA DE CONFERENCIA', '31-10-2017', 0, 0, 0, 0, '', 0),
(2719, 9, 14, 'SILLA EN CUERO PARA REUNIONES CON BRAZO, GIRATORIAS SIN RUEDAS', 'Sin Modelo', 'Sin Marca', 'Sin Serial', 'ZF-SILLA000073', 'SALA DE CONFERENCIA', '31-10-2017', 0, 0, 0, 0, '', 0),
(2720, 9, 14, 'SILLA EN CUERO PARA REUNIONES CON BRAZO, GIRATORIAS SIN RUEDAS', 'Sin Modelo', 'Sin Marca', 'Sin Serial', 'ZF-SILLA000074', 'SALA DE CONFERENCIA', '31-10-2017', 0, 0, 0, 0, '', 0),
(2721, 9, 14, 'SILLA EN CUERO PARA REUNIONES CON BRAZO, GIRATORIAS SIN RUEDAS', 'Sin Modelo', 'Sin Marca', 'Sin Serial', 'ZF-SILLA000075', 'SALA DE CONFERENCIA', '31-10-2017', 0, 0, 0, 0, '', 0),
(2722, 9, 14, 'NEVERA EJECTUTIA', 'FRNE-88N', 'FRIGILUX', '91209421', 'ZF-NEVER000004', 'SALA DE CONFERENCIA', '31-10-2017', 0, 0, 0, 0, '', 0),
(2723, 9, 14, 'DVD', 'HTS35317/F7', 'PHILIPS', 'KX1A1212212483', 'ZF-DVD000001', 'SALA DE CONFERENCIA', '31-10-2017', 0, 0, 0, 0, '', 0),
(2724, 9, 14, 'CORNETA', 'HTS35317/F7', 'PHILIPS', 'PT1A1210', 'ZF-CORNE000012', 'SALA DE CONFERENCIA', '31-10-2017', 0, 0, 0, 0, '', 0),
(2725, 9, 14, 'CORNETA MINI ', 'Sin Modelo', 'PHILIPS', 'Sin Serial', 'ZF-CORNE000013', 'SALA DE CONFERENCIA', '31-10-2017', 0, 0, 0, 0, '', 0),
(2726, 9, 14, 'CORNETA MINI ', 'Sin Modelo', 'PHILIPS', 'Sin Serial', 'ZF-CORNE000014', 'SALA DE CONFERENCIA', '31-10-2017', 0, 0, 0, 0, '', 0),
(2727, 9, 14, 'CORNETA MINI ', 'Sin Modelo', 'PHILIPS', 'Sin Serial', 'ZF-CORNE000015', 'SALA DE CONFERENCIA', '31-10-2017', 0, 0, 0, 0, '', 0),
(2728, 9, 14, 'CORNETA MINI ', 'Sin Modelo', 'PHILIPS', 'Sin Serial', 'ZF-CORNE000016', 'SALA DE CONFERENCIA', '31-10-2017', 0, 0, 0, 0, '', 0),
(2729, 9, 14, 'CORNETA MINI ', 'Sin Modelo', 'PHILIPS', 'Sin Serial', 'ZF-CORNE000017', 'SALA DE CONFERENCIA', '31-10-2017', 0, 0, 0, 0, '', 0),
(2730, 9, 14, 'CORNETA MINI ', 'Sin Modelo', 'PHILIPS', 'Sin Serial', 'ZF-CORNE000018', 'SALA DE CONFERENCIA', '31-10-2017', 0, 0, 0, 0, '', 0),
(2731, 9, 14, 'AIRE ACONDICIONADO DE VENTANA', 'GAAV-820CR01', 'GIA', 'C105005113021152640404390', 'ZF-AIRE_000011', 'CUARTO DE TRASMISION', '31-10-2017', 0, 0, 0, 0, '', 0),
(2732, 9, 14, 'CONSOLA GRATE AUDIO', 'CMX42FX', 'Sin Marca', 'DQFDR70192', 'ZF-CONSO000005', 'CUARTO DE TRASMISION', '31-10-2017', 0, 0, 0, 5740, '00011748', 0),
(2733, 9, 14, 'MICROFONO ', 'SHURE 8800', 'Sin Marca', 'Sin Serial', 'ZF-MICRO000007', 'DERBYS MOLINA', '31-10-2017', 0, 0, 0, 1340, '00013285', 0),
(2734, 9, 14, 'MICROFONO CREATE AUDIO', 'Sin Modelo', 'Sin Marca', 'Sin Serial', 'ZF-MICRO000008', 'DERBYS MOLINA', '31-10-2017', 0, 0, 0, 0, '', 0),
(2735, 9, 14, 'LAPTO Y CARGADOR', 'P3300', 'VIT', 'A001114799 -39SW4B40301', 'ZF-LAPTO000004', 'DERBYS MOLINA', '31-10-2017', 0, 0, 0, 0, '', 0),
(2736, 9, 14, 'TELEFONO INTERNO', 'ESPACE 6805', 'HUAWEI', '21021603465Q4B000013', 'ZF-TELEF000018', 'DERBYS MOLINA', '31-10-2017', 0, 0, 0, 0, '', 0),
(2737, 9, 14, 'SILLA CON BRAZO GIRATORIA SIN RUEDAS', 'Sin Modelo', 'Sin Marca', 'Sin Serial', 'ZF-SILLA000076', 'DERBYS MOLINA', '31-10-2017', 0, 0, 0, 0, '', 0),
(2738, 9, 14, 'SILLA CON BRAZO GIRATORIA SIN RUEDAS', 'Sin Modelo', 'Sin Marca', 'Sin Serial', 'ZF-SILLA000077', 'DERBYS MOLINA', '31-10-2017', 0, 0, 0, 0, '', 0),
(2739, 9, 14, 'AIRE ACONDICIONADO TIPO SPLIT', 'AS1BTURANXW', 'SAMSUNG', '19PPAMC300655F', 'ZF-AIRE_000012', 'DERBYS MOLINA', '31-10-2017', 0, 0, 0, 0, '', 0),
(2740, 9, 14, 'CARTELERA DE CORCHO PEQUEÑA', 'Sin Modelo', 'Sin Marca', 'Sin Serial', 'ZF-CARTE000002', 'DERBYS MOLINA', '31-10-2017', 0, 0, 0, 0, '', 0),
(2741, 9, 14, 'ESCRITORIO TIPO L SIN GAVETAS', 'Sin Modelo', 'Sin Marca', 'Sin Serial', 'ZF-ESCRI000027', 'DERBYS MOLINA', '31-10-2017', 0, 0, 0, 0, '', 0),
(2742, 9, 14, 'PISTOLA DE ESTAÑO', 'Sin Modelo', 'SOLDERING IRON', 'Sin Serial', 'ZF-PISTO000001', 'DERBYS MOLINA', '31-10-2017', 0, 0, 0, 0, '', 0),
(2743, 9, 14, 'AUDIFONO ', 'DN-HP500', 'DENON DJ', '8379500120 5', 'ZF-AUDIF000005', 'DERBYS MOLINA', '31-10-2017', 0, 0, 0, 20700, '00022473', 0),
(2744, 9, 14, 'CPU', 'TFT19W80PS', 'VIT', 'COB2Y09000000000', 'ZF-CPU000009', 'DERBYS MOLINA', '31-10-2017', 0, 0, 0, 0, '', 0),
(2745, 9, 14, 'MONITOR LCD', 'VIT 2710', 'VIT', 'A000107370', 'ZF-MONIT000025', 'DERBYS MOLINA', '31-10-2017', 0, 0, 0, 0, '', 0),
(2746, 9, 14, 'MOUSE', 'MSU0718T', 'VIT', 'MSA91Q14583A', 'ZF-MOUSE000025', 'DERBYS MOLINA', '31-10-2017', 0, 0, 0, 0, '', 0),
(2747, 9, 14, 'UPS', 'AT-500', 'FORZA', '319C11086', 'ZF-UPS000007', 'DERBYS MOLINA', '31-10-2017', 0, 0, 0, 0, '', 0),
(2748, 9, 14, 'UPS', 'Sin Modelo', 'Sin Marca', 'Sin Serial', 'ZF-UPS000008', 'RADIO', '31-10-2017', 0, 0, 0, 0, '', 0),
(2749, 9, 14, 'UPS', 'Sin Modelo', 'Sin Marca', 'Sin Serial', 'ZF-UPS000009', 'RADIO', '31-10-2017', 0, 0, 0, 0, '', 0),
(2750, 9, 14, 'TELEVISOR DE 18” (RECEPCION)', 'Sin Modelo', 'DAEWOO', 'Sin Serial', 'ZF-TELEV000004', 'RADIO DESINCOPORAR DAÑADO', '31-10-2017', 0, 0, 0, 8000, '00003601', 0),
(2751, 9, 14, 'TELEVISOR DE 14” (AREA DE REPRODUCCION)', 'Sin Modelo', 'LG', 'Sin Serial', 'ZF-TELEV000005', 'RADIO', '31-10-2017', 0, 0, 0, 0, '', 0),
(2752, 13, 24, 'FOTOCOPIADORA CANON IR1021J', ' IR1021J', 'CANNON', '(21)DQJ02302', 'ZF-FOTOC000002', '', '31-10-2017', 0, 0, 0, 0, '', 0),
(2753, 13, 24, 'IMPRESORA', '1606DN', 'HP', 'Sin Serial', 'ZF-IMPRE000011', '', '31-10-2017', 0, 0, 0, 0, '', 0),
(2754, 14, 33, 'CARGADOR TELEFONO HUAWEI ESPACE', 'ESPACE 6805', 'HUAWEI', 'Sin Serial', 'ZF-CARGA000005', '', '31-10-2017', 0, 0, 0, 0, '', 0),
(2755, 14, 33, 'TELEFONO HUAWEI ESPACE6805', 'ESPACE 6805', 'HUAWEI', '21021803485Q4B000017', 'ZF-TELEF000019', '', '31-10-2017', 0, 0, 0, 0, '', 0),
(2756, 7, 9, 'SILLA CON POSA MANOS NEGRA', 'Sin Modelo', 'Sin Marca', 'SIN SERIAL', 'ZF-SILLA000078', 'OFICINA GERENCIA', '31-10-2017', 0, 0, 0, 0, '', 0),
(2757, 7, 9, 'SILLA CON POSA MANOS ROJA', 'Sin Modelo', 'Sin Marca', 'SIN SERIAL', 'ZF-SILLA000079', 'OFICINA GERENCIA', '31-10-2017', 0, 0, 0, 0, '', 0),
(2758, 7, 9, 'MESA MODULAR CON LADO SEMI-CIRCULAR', 'Sin Modelo', 'Sin Marca', 'SIN SERIAL', 'ZF-MESA_000015', 'OFICINA GERENCIA', '31-10-2017', 0, 0, 1, 0, '', 0),
(2759, 7, 9, 'COMPUTADOR TODO EN UNO VIT A3300', 'VIT3300', 'VIT', 'A010501040403001', 'ZF-COMPU000001', 'OFICINA GERENCIA', '31-10-2017', 0, 0, 0, 0, '', 0),
(2760, 7, 9, 'TELEFONO IP HUAWEI ESPACE6805', 'ESPACE 6805', 'HUAWEI', '21021603465Q4B000010', 'ZF-TELEF000020', 'OFICINA GERENCIA', '31-10-2017', 0, 0, 1, 0, '', 0),
(2761, 7, 9, 'UPS APC PRO 1300', 'PRO1300', 'Sin Marca', '4B1230P40266', 'ZF-UPS_A000001', 'OFICINA GERENCIA', '31-10-2017', 0, 0, 0, 0, '', 0),
(2763, 7, 9, 'RADIO TALKABOUT MR350R VP', 'MR350R', 'Sin Marca', 'WND000X0', 'ZF-RADIO000002', 'OFICINA GERENCIA', '31-10-2017', 0, 0, 1, 700, '004541', 0),
(2764, 7, 9, 'RADIO TALKABOUT MR350R VP', 'MR350R', 'Sin Marca', 'WND000X3', 'ZF-RADIO000003', 'OFICINA GERENCIA', '31-10-2017', 0, 0, 1, 700, '004541', 0),
(2765, 7, 9, 'WI-FI RANGE EXTENDER TP LINK TL WA850RE', 'Sin Modelo', 'Sin Marca', '2159567004850', 'ZF-WI-FI000001', 'OFICINA GERENCIA', '31-10-2017', 0, 0, 0, 0, '', 0),
(2766, 7, 9, 'WI-FI RANGE EXTENDER TP LINK TL WA850RE', 'Sin Modelo', 'Sin Marca', '2142196005530', 'ZF-WI-FI000002', 'OFICINA GERENCIA', '31-10-2017', 0, 0, 0, 0, '', 0),
(2767, 7, 9, 'ROUTER TP-LINK TL-WR940N', 'Sin Modelo', 'Sin Marca', '2142196005539', 'ZF-ROUTE000003', 'OFICINA GERENCIA', '31-10-2017', 0, 0, 0, 0, '', 0),
(2769, 7, 9, 'LAMPARA CON LUPA INTEGRADA BRAVE', 'Sin Modelo', 'Sin Marca', 'SIN SERIAL', 'ZF-LAMPA000002', 'OFICINA GERENCIA', '31-10-2017', 0, 0, 0, 0, '', 0),
(2770, 7, 9, 'LAPTOP VIT-P2412', 'VITP2412', 'VIT', 'A001020689', 'ZF-LAPTO000005', 'OFICINA GERENCIA', '31-10-2017', 0, 0, 1, 0, '', 0),
(2771, 7, 9, 'LAPTOP VIT-P2412', 'VITP2412', 'VIT', 'A001020685', 'ZF-LAPTO000006', 'OFICINA GERENCIA', '31-10-2017', 0, 0, 1, 0, '', 0),
(2772, 7, 9, 'LAPTOP VIT P-3300', 'VIT3300', 'VIT', 'A001114733', 'ZF-LAPTO000007', 'OFICINA GERENCIA', '31-10-2017', 0, 0, 1, 0, '', 0),
(2773, 7, 9, 'LAPTOP VIT P-3300', 'VIT3300', 'VIT', 'A001114746', 'ZF-LAPTO000008', 'OFICINA GERENCIA', '31-10-2017', 0, 0, 1, 0, '', 0),
(2774, 7, 9, 'POWERBANK GPPB19', 'Sin Modelo', 'Sin Marca', 'SIN SERIAL', 'ZF-POWER000001', 'OFICINA GERENCIA', '31-10-2017', 0, 0, 0, 0, '', 0),
(2775, 7, 9, 'TELEFONO PANASONIC KX-TS500LX', 'KX-TS500LX', 'PANASONIC', '0ABMC393490', 'ZF-TELEF000021', 'OFICINA GERENCIA', '31-10-2017', 0, 0, 0, 0, '', 0),
(2776, 7, 9, 'TECLADO VIT KB-2971', 'VIT KB-2971', 'VIT', 'KBB515Q43669A', 'ZF-TECLA000024', 'OFICINA GERENCIA', '31-10-2017', 0, 0, 0, 0, '', 0),
(2777, 7, 9, 'MOUSE ATECH OP 3D', 'Sin Modelo', 'Sin Marca', 'SIN SERIAL', 'ZF-MOUSE000026', 'OFICINA GERENCIA', '31-10-2017', 0, 0, 0, 0, '', 0),
(2778, 7, 9, 'KIT DE DESTORNILLADORES MARCA TRUPER (3 PHILLIPS, 3 PLANOS, 3 HEXAGONALES ALLEN, 6 TORCH)', 'Sin Modelo', 'Sin Marca', 'SIN SERIAL', 'ZF-KIT_D000001', 'OFICINA GERENCIA', '31-10-2017', 0, 0, 0, 0, '', 0),
(2779, 7, 9, 'KIT DE DESTORNILLADORES (4 PHILLIPS, 6 PLANOS) DT17', 'Sin Modelo', 'Sin Marca', '7591996007973', 'ZF-KIT_D000002', 'OFICINA GERENCIA', '31-10-2017', 0, 0, 0, 0, '', 0),
(2780, 7, 9, 'JUEGO DE LLAVES ALLEN (15 MILIMETRICAS Y 14 PULGADAS)', 'Sin Modelo', 'Sin Marca', 'SIN SERIAL', 'ZF-JUEGO000006', 'OFICINA GERENCIA', '31-10-2017', 0, 0, 0, 0, '', 0),
(2781, 7, 9, 'ROUTER D-LINK', 'DLINK', 'Sin Marca', 'F3NP185000116', 'ZF-ROUTE000004', 'OFICINA GERENCIA', '31-10-2017', 0, 0, 0, 0, '', 0),
(2782, 7, 9, 'TECLADO VIT DOK-K7181W', 'VIT DOK-K7181W', 'VIT', 'KBD816K11797A', 'ZF-TECLA000025', 'OFICINA GERENCIA', '31-10-2017', 0, 0, 1, 0, '', 0),
(2783, 7, 9, 'PROYECTOR EPSON SL12+', 'SL12+', 'EPSON ', 'PSPK1Z01693', 'ZF-PROYE000001', 'OFICINA GERENCIA', '31-10-2017', 0, 0, 0, 0, '', 0),
(2784, 7, 9, 'MONITOR VIT ', 'TFT19W80PS1', 'VIT', 'T9BSSYNYH4LUNNJ', 'ZF-MONIT000026', 'OFICINA GERENCIA', '31-10-2017', 0, 0, 0, 0, '', 0),
(2785, 7, 10, 'MONITOR VIT TFT19W80PS', 'TFT19W80PS', 'VIT', '778ACBA022183', 'ZF-MONIT000027', 'OFICINA TIC', '31-10-2017', 0, 0, 0, 0, '', 0),
(2786, 7, 10, 'MONITOR VIT TFT1780PS', 'TFT1780PS', 'VIT', '3497ABA027475', 'ZF-MONIT000028', 'OFICINA TIC', '31-10-2017', 0, 0, 0, 0, '', 0),
(2787, 7, 10, 'TECLADO VIT KB-2971', 'VIT KB-2971', 'VIT', 'KBAA21Q41917A', 'ZF-TECLA000026', 'OFICINA TIC', '31-10-2017', 0, 0, 0, 0, '', 0),
(2788, 7, 10, 'TECLADO VIT JME-7050', 'JME-7050', 'VIT', 'KB7326B14368A', 'ZF-TECLA000027', 'OFICINA TIC', '31-10-2017', 0, 0, 0, 0, '', 0),
(2789, 7, 10, 'IMPRESORA EPSON STYLUS C45', 'STYLUS C45', 'EPSON', 'FY6Y469276', 'ZF-IMPRE000012', 'OFICINA TIC - DESINCORPORAR', '31-10-2017', 0, 0, 0, 0, '', 0),
(2790, 7, 10, 'IMPRESORA HP P1606DN', 'P1606DN', 'HP', 'VNB3N47913', 'ZF-IMPRE000013', 'OFICINA TIC', '31-10-2017', 0, 0, 0, 0, '', 0),
(2791, 7, 10, 'PIZARRA ACRILICA', 'Sin Modelo', 'Sin Marca', 'SIN SERIAL', 'ZF-PIZAR000003', 'OFICINA TIC', '31-10-2017', 0, 0, 0, 0, '', 0),
(2792, 7, 10, 'SILLA ERGONOMICA CON POSA MANOS NEGRO Y PLATA', 'Sin Modelo', 'Sin Marca', 'SIN SERIAL', 'ZF-SILLA000080', 'OFICINA TIC', '31-10-2017', 0, 0, 0, 0, '', 0),
(2793, 7, 10, 'SILLA CON POSA MANOS NEGRA', 'Sin Modelo', 'Sin Marca', 'SIN SERIAL', 'ZF-SILLA000081', 'OFICINA TIC', '31-10-2017', 0, 0, 0, 0, '', 0),
(2794, 7, 10, 'PRINT SERVER TE100-P1U/A', 'Sin Modelo', 'Sin Marca', 'RA1005P200/33', 'ZF-PRINT000001', 'OFICINA TIC', '31-10-2017', 0, 0, 0, 0, '', 0),
(2795, 7, 10, 'PRINT SERVER TE100-P1U/A', 'Sin Modelo', 'Sin Marca', 'CE0850P1U0477', 'ZF-PRINT000002', 'OFICINA TIC', '31-10-2017', 0, 0, 0, 0, '', 0),
(2796, 7, 10, 'SILLA CON POSA MANOS NEGRA', 'Sin Modelo', 'Sin Marca', 'SIN SERIAL', 'ZF-SILLA000082', 'OFICINA TIC', '31-10-2017', 0, 0, 0, 0, '', 0),
(2797, 7, 10, 'SILLA CON POSA MANOS NEGRA', 'Sin Modelo', 'Sin Marca', 'SIN SERIAL', 'ZF-SILLA000083', 'OFICINA TIC', '31-10-2017', 0, 0, 0, 0, '', 0),
(2798, 7, 10, 'ESCRITORIO REGULAR (2) GAVETAS', 'Sin Modelo', 'Sin Marca', 'SIN SERIAL', 'ZF-ESCRI000028', 'OFICINA TIC', '31-10-2017', 0, 0, 0, 0, '', 0),
(2799, 7, 10, 'USB/FM AMPLIFICADOR PA-150UL', 'Sin Modelo', 'Sin Marca', 'SIN SERIAL', 'ZF-USB/F000001', 'OFICINA TIC', '31-10-2017', 0, 0, 0, 0, '', 0),
(2800, 7, 10, 'REPRODUCTOR CD-DVD DVP-NS728HP', 'Sin Modelo', 'Sin Marca', '1032751', 'ZF-REPRO000001', 'OFICINA TIC', '31-10-2017', 0, 0, 0, 0, '', 0),
(2801, 7, 10, 'TECLADO VIT KB-2971', 'Sin Modelo', 'Sin Marca', 'KBB513Q40005A', 'ZF-TECLA000028', 'OFICINA TIC', '31-10-2017', 0, 0, 0, 0, '', 0),
(2802, 7, 10, 'COMPUTADOR VIT 2600 (FALTA DE RAM)', 'Sin Modelo', 'Sin Marca', 'A00063115', 'ZF-COMPU000002', 'OFICINA TIC', '31-10-2017', 0, 0, 0, 0, '', 0),
(2803, 7, 10, 'CPU MICRONICS PENTIUM 4', 'Sin Modelo', 'Sin Marca', 'SIN SERIAL', 'ZF-CPU_M000001', 'OFICINA TIC', '31-10-2017', 0, 0, 0, 0, '', 0),
(2804, 7, 10, 'UBIQUITI NANO STATION LOCO M5', 'Sin Modelo', 'Sin Marca', '44D9E7C478C7', 'ZF-UBIQU000001', 'OFICINA TIC', '31-10-2017', 0, 0, 0, 0, '', 0),
(2805, 7, 10, 'CPU VIT 2710-01', 'VIT 2710-01', 'VIT', 'A000244390', 'ZF-CPU_V000001', 'OFICINA TIC', '31-10-2017', 0, 0, 0, 0, '', 0),
(2806, 7, 10, 'CPU VIT 2710-01', 'VIT 2710-01', 'VIT', 'A000248280', 'ZF-CPU_V000002', 'OFICINA TIC', '31-10-2017', 0, 0, 0, 0, '', 0),
(2807, 7, 10, 'CPU VIT 2600 ', 'VIT 2600', 'VIT', 'A000057668', 'ZF-CPU_V000003', 'OFICINA TIC', '31-10-2017', 0, 0, 0, 0, '', 0),
(2808, 7, 10, 'CPU VIT 3402', 'VIT 3402', 'VIT', '100083543', 'ZF-CPU_V000004', 'OFICINA TIC', '31-10-2017', 0, 0, 0, 0, '', 0),
(2809, 7, 10, 'CPU VIT 3502', 'VIT 3402', 'VIT', '100012840', 'ZF-CPU_V000005', 'OFICINA TIC', '31-10-2017', 0, 0, 0, 0, '', 0),
(2810, 13, 23, 'UPS FORZA AT-500', 'AT-500', 'FORZA', '319C11221', 'ZF-UPS_F000002', 'OFICINA TIC', '31-10-2017', 0, 0, 0, 0, '', 0),
(2811, 7, 10, 'UPS FORZA SL-100', 'SL-100', 'FORZA', '619C00656', 'ZF-UPS_F000003', 'OFICINA TIC', '31-10-2017', 0, 0, 0, 0, '', 0),
(2812, 7, 10, 'MONITOR VIT 7006S', 'VIT7006S', 'VIT', '7006S-781069-00043', 'ZF-MONIT000029', 'OFICINA TIC', '31-10-2017', 0, 0, 0, 0, '', 0),
(2813, 7, 10, 'MONITOR VIT', 'Sin Modelo', 'VIT', '778ACBA019521', 'ZF-MONIT000030', 'OFICINA TIC', '31-10-2017', 0, 0, 0, 0, '', 0),
(2814, 7, 10, 'MONITOR VIT', 'Sin Modelo', 'VIT', '778B3BA000683', 'ZF-MONIT000031', 'OFICINA TIC', '31-10-2017', 0, 0, 0, 0, '', 0),
(2815, 7, 10, 'MONITOR VIT', 'Sin Modelo', 'VIT', '778B4BA008268', 'ZF-MONIT000032', 'OFICINA TIC', '31-10-2017', 0, 0, 0, 0, '', 0),
(2816, 7, 10, 'MONITOR VIT', 'Sin Modelo', 'VIT', '778ACBA022183', 'ZF-MONIT000033', 'OFICINA TIC', '31-10-2017', 0, 0, 0, 0, '', 0),
(2817, 14, 35, 'MONITOR VIT', 'Sin Modelo', 'VIT', '947B8BA000471', 'ZF-MONIT000034', 'RESP. YENIREE LUGO', '31-10-2017', 0, 0, 0, 0, '', 0),
(2818, 7, 10, 'MONITOR VIT', 'Sin Modelo', 'VIT', '778BBA005928', 'ZF-MONIT000035', 'OFICINA TIC', '31-10-2017', 0, 0, 0, 0, '', 0),
(2819, 15, 38, 'TECLADO VIT', 'Sin Modelo', 'VIT', 'KBB225Q42820A', 'ZF-TECLA000029', 'OFICINA TIC', '31-10-2017', 0, 0, 0, 0, '', 0),
(2820, 7, 10, 'TECLADO VIT', 'Sin Modelo', 'VIT', 'KBAA23Q41914A', 'ZF-TECLA000030', 'OFICINA TIC', '31-10-2017', 0, 0, 0, 0, '', 0),
(2821, 7, 10, 'TECLADO VIT', 'Sin Modelo', 'VIT', 'KBB515Q43886A', 'ZF-TECLA000031', 'OFICINA TIC', '31-10-2017', 0, 0, 0, 0, '', 0),
(2822, 15, 38, 'CPU VIT 3400', 'VIT3400', 'VIT', '105148292', 'ZF-CPU_V000006', 'OFICINA TIC', '31-10-2017', 0, 0, 0, 0, '', 0),
(2823, 13, 26, 'UPS FORZA AT-500', 'AT-500', 'FORZA', '319C11105', 'ZF-UPS_F000004', 'OFICINA TIC', '31-10-2017', 0, 0, 0, 0, '', 0),
(2824, 7, 41, 'CAMARA AXIS P1344-E', 'Sin Modelo', 'Sin Marca', '00408CCE746B', 'ZF-CAMAR000004', 'PUNTO DE CONTROL', '31-10-2017', 0, 0, 0, 0, '', 0),
(2825, 7, 41, 'CAMARA AXIS P1344-E', 'Sin Modelo', 'Sin Marca', '00408CCE7455', 'ZF-CAMAR000005', 'PUNTO DE CONTROL', '31-10-2017', 0, 0, 0, 0, '', 0),
(2826, 7, 41, 'CAMARA AXIS P1344-E', 'Sin Modelo', 'Sin Marca', '00408CB7255D', 'ZF-CAMAR000006', 'PUNTO DE CONTROL', '31-10-2017', 0, 0, 0, 0, '', 0),
(2827, 7, 41, 'CAMARA AXIS P1344-E', 'Sin Modelo', 'Sin Marca', '00408CB7255C', 'ZF-CAMAR000007', 'PUNTO DE CONTROL', '31-10-2017', 0, 0, 0, 0, '', 0),
(2828, 7, 41, 'SWITCHTI-SF 1024', 'Sin Modelo', 'Sin Marca', '11C77602247', 'ZF-SWITC000001', 'PUNTO DE CONTROL', '31-10-2017', 0, 0, 0, 0, '', 0),
(2829, 7, 41, 'ROUTER TP-LINK TL-WR740WN', 'Sin Modelo', 'Sin Marca', '10371706735', 'ZF-ROUTE000005', 'PUNTO DE CONTROL', '31-10-2017', 0, 0, 0, 0, '', 0),
(2830, 7, 41, 'UPS PRO 1500 APC', 'Sin Modelo', 'Sin Marca', '3B1147X41823', 'ZF-UPS_P000001', 'PUNTO DE CONTROL', '31-10-2017', 0, 0, 0, 0, '', 0);
INSERT INTO `bienes` (`id`, `gerencia_id`, `unidad_id`, `descripcion`, `modelo`, `marca`, `serial`, `codigo_general`, `observacion`, `fecha`, `vida_util`, `eliminado`, `etiqueta`, `monto`, `factura`, `nota_entrega`) VALUES
(2831, 7, 41, 'POEMIDSPAN L-POTR', 'Sin Modelo', 'Sin Marca', 'R11066050002570701', 'ZF-POEMI000001', 'PUNTO DE CONTROL', '31-10-2017', 0, 0, 0, 0, '', 0),
(2832, 7, 41, 'POEMIDSPAN L-POTR', 'Sin Modelo', 'Sin Marca', 'R11236050011718001', 'ZF-POEMI000002', 'PUNTO DE CONTROL', '31-10-2017', 0, 0, 0, 0, '', 0),
(2833, 7, 41, 'POEMIDSPAN L-POTR', 'Sin Modelo', 'Sin Marca', 'R11236050011721601', 'ZF-POEMI000003', 'PUNTO DE CONTROL', '31-10-2017', 0, 0, 0, 0, '', 0),
(2834, 7, 41, 'POEMIDSPAN L-POTR', 'Sin Modelo', 'Sin Marca', 'R11236050011645001', 'ZF-POEMI000004', 'PUNTO DE CONTROL', '31-10-2017', 0, 0, 0, 0, '', 0),
(2835, 7, 41, 'BARRERA VEHICULAR NICE SIGNO4', 'Sin Modelo', 'Sin Marca', '004594MM', 'ZF-BARRE000001', 'PUNTO DE CONTROL', '31-10-2017', 0, 0, 0, 0, '', 0),
(2836, 7, 41, 'BARRERA VEHICULAR NICE SIGNO4', 'Sin Modelo', 'Sin Marca', '004599MM', 'ZF-BARRE000002', 'PUNTO DE CONTROL', '31-10-2017', 0, 0, 0, 0, '', 0),
(2837, 7, 41, 'UPS FORZA SL-761', 'SL-761', 'FORZA', '411700809', 'ZF-UPS_F000005', 'PUNTO DE CONTROL', '31-10-2017', 0, 0, 0, 0, '', 0),
(2838, 7, 41, 'SERVIDOR HP ML110G67', 'Sin Modelo', 'Sin Marca', '2M22380DF', 'ZF-SERVI000001', 'COMEDOR', '31-10-2017', 0, 0, 0, 0, '', 0),
(2839, 7, 41, 'SILLA CON POSA MANOS ROJA', 'Sin Modelo', 'Sin Marca', 'SIN SERIAL', 'ZF-SILLA000084', 'CUARTO SERVIDORES', '31-10-2017', 0, 0, 0, 0, '', 0),
(2840, 14, 31, 'ESCRITORIO RECTANGULAR (2 GAVETAS)', 'Sin Modelo', 'Sin Marca', 'SIN SERIAL', 'ZF-ESCRI000029', 'CUARTO DE SERVIDORES', '31-10-2017', 0, 0, 0, 0, '', 0),
(2841, 7, 41, 'PONCHADORA DE IMPACTO', 'Sin Modelo', 'Sin Marca', 'SIN SERIAL', 'ZF-PONCH000001', 'CUARTO SERVIDORES', '31-10-2017', 0, 0, 0, 0, '', 0),
(2842, 7, 41, 'POCHADORA RJ45 / RJ11', 'Sin Modelo', 'Sin Marca', 'SIN SERIAL', 'ZF-POCHA000001', 'CUARTO SERVIDORES', '31-10-2017', 0, 0, 0, 0, '', 0),
(2843, 7, 41, 'PELA CABLES', 'Sin Modelo', 'Sin Marca', 'SIN SERIAL', 'ZF-PELA_000001', 'CUARTO SERVIDORES', '31-10-2017', 0, 0, 0, 0, '', 0),
(2844, 7, 41, 'TESTER DE RED', 'Sin Modelo', 'Sin Marca', 'SIN SERIAL', 'ZF-TESTE000001', 'CUARTO SERVIDORES', '31-10-2017', 0, 0, 0, 0, '', 0),
(2845, 7, 41, 'CENTRAL TELEFONICA ESPACE U1911AC INTEGRATED HOST(1 SCU 1 MTU) HUAWEI', 'Sin Modelo', 'Sin Marca', 'SIN SERIAL', 'ZF-CENTR000001', 'CUARTO SERVIDORES', '31-10-2017', 0, 0, 0, 0, '', 0),
(2846, 7, 41, 'ANALOG SUBSCRIBER AND ANALOG TRUNKING INTERFACE BOARD(12FX0 AND 12 FXS WITH 10M SUBSCRIBER CABLE HUAWEI)', 'Sin Modelo', 'Sin Marca', '2102310NYS10E8000041', 'ZF-ANALO000001', 'CUARTO SERVIDORES', '31-10-2017', 0, 0, 0, 0, '', 0),
(2847, 7, 41, 'GUIDE RAIL', 'Sin Modelo', 'Sin Marca', 'SIN SERIAL', 'ZF-GUIDE000001', 'CUARTO SERVIDORES', '31-10-2017', 0, 0, 0, 0, '', 0),
(2848, 7, 41, 'SWITCH ZTE ZR10 5928', 'Sin Modelo', 'Sin Marca', '6047244', 'ZF-SWITC000002', 'CUARTO SERVIDORES', '31-10-2017', 0, 0, 0, 0, '', 0),
(2849, 7, 41, 'ROUTER HUAWEI PWR150A', 'Sin Modelo', 'Sin Marca', '2102310CXK6TEC000981', 'ZF-ROUTE000006', 'CUARTO SERVIDORES', '31-10-2017', 0, 0, 0, 0, '', 0),
(2850, 7, 41, 'REGLETA QUEST MH-4713', 'Sin Modelo', 'Sin Marca', 'SIN SERIAL', 'ZF-REGLE000003', 'CUARTO SERVIDORES', '31-10-2017', 0, 0, 0, 0, '', 0),
(2851, 7, 41, 'REGLETA QUEST MH-4713', 'Sin Modelo', 'Sin Marca', 'SIN SERIAL', 'ZF-REGLE000004', 'CUARTO SERVIDORES', '31-10-2017', 0, 0, 0, 0, '', 0),
(2852, 7, 41, 'ROUTER HAUWEI QUIDWAY AR-1961 ', 'Sin Modelo', 'Sin Marca', '210235A21B109000070', 'ZF-ROUTE000007', 'CUARTO SERVIDORES', '31-10-2017', 0, 0, 0, 0, '', 0),
(2853, 7, 41, 'RACK ABIERTO 42U', 'Sin Modelo', 'Sin Marca', 'SIN SERIAL', 'ZF-RACK_000001', 'CUARTO SERVIDORES', '31-10-2017', 0, 0, 0, 0, '', 0),
(2854, 7, 41, 'RACK ABIERTO 42U', 'Sin Modelo', 'Sin Marca', 'SIN SERIAL', 'ZF-RACK_000002', 'CUARTO SERVIDORES', '31-10-2017', 0, 0, 0, 0, '', 0),
(2855, 7, 41, 'RACK ABIERTO 42U', 'Sin Modelo', 'Sin Marca', 'SIN SERIAL', 'ZF-RACK_000003', 'CUARTO SERVIDORES', '31-10-2017', 0, 0, 0, 0, '', 0),
(2856, 7, 41, 'SERVIDOR HP PROLIANT DL380G6', 'Sin Modelo', 'Sin Marca', '2UX006041M', 'ZF-SERVI000002', 'CUARTO SERVIDORES', '31-10-2017', 0, 0, 0, 0, '', 0),
(2857, 7, 41, 'DISCO DURO DE RED SEAGATE', 'Sin Modelo', 'Sin Marca', 'NAIXT1NC', 'ZF-DISCO000001', 'CUARTO SERVIDORES', '31-10-2017', 0, 0, 0, 0, '', 0),
(2858, 7, 41, 'DISCO DURO DE RED SEAGATE', 'Sin Modelo', 'Sin Marca', 'NAOLCID2', 'ZF-DISCO000002', 'CUARTO SERVIDORES', '31-10-2017', 0, 0, 0, 0, '', 0),
(2859, 7, 41, 'SWITCH HUAWEI S2710-52P-PWR-SI', 'Sin Modelo', 'Sin Marca', '210235413010FC000004', 'ZF-SWITC000003', 'CUARTO SERVIDORES', '31-10-2017', 0, 0, 0, 0, '', 0),
(2860, 7, 41, 'PATCH PANEL ADTEK 24P CAT 5E', 'Sin Modelo', 'Sin Marca', 'SIN SERIAL', 'ZF-PATCH000001', 'CUARTO SERVIDORES', '31-10-2017', 0, 0, 0, 0, '', 0),
(2861, 7, 41, 'PATCH PANEL ADTEK 24P CAT 5E', 'Sin Modelo', 'Sin Marca', 'SIN SERIAL', 'ZF-PATCH000002', 'CUARTO SERVIDORES', '31-10-2017', 0, 0, 0, 0, '', 0),
(2862, 7, 41, 'PATCH PANEL ADTEK 24P CAT 5E', 'Sin Modelo', 'Sin Marca', 'SIN SERIAL', 'ZF-PATCH000003', 'CUARTO SERVIDORES', '31-10-2017', 0, 0, 0, 0, '', 0),
(2863, 7, 41, 'ORGANIZADOR LANPRO', 'Sin Modelo', 'Sin Marca', 'SIN SERIAL', 'ZF-ORGAN000001', 'CUARTO SERVIDORES', '31-10-2017', 0, 0, 0, 0, '', 0),
(2864, 7, 41, 'ORGANIZADOR LANPRO', 'Sin Modelo', 'Sin Marca', 'SIN SERIAL', 'ZF-ORGAN000002', 'CUARTO SERVIDORES', '31-10-2017', 0, 0, 0, 0, '', 0),
(2865, 7, 41, 'ORGANIZADOR LANPRO', 'Sin Modelo', 'Sin Marca', 'SIN SERIAL', 'ZF-ORGAN000003', 'CUARTO SERVIDORES', '31-10-2017', 0, 0, 0, 0, '', 0),
(2866, 7, 41, 'ORGANIZADOR LANPRO', 'Sin Modelo', 'Sin Marca', 'SIN SERIAL', 'ZF-ORGAN000004', 'CUARTO SERVIDORES', '31-10-2017', 0, 0, 0, 0, '', 0),
(2867, 7, 41, 'SERVIDOR VIT NF5280M3', 'Sin Modelo', 'Sin Marca', '214194123', 'ZF-SERVI000003', 'CUARTO SERVIDORES', '31-10-2017', 0, 0, 0, 0, '', 0),
(2868, 7, 41, 'UPS FORZA EL-1.5K', 'Sin Modelo', 'Sin Marca', '091224-81520005', 'ZF-UPS_F000006', 'CUARTO SERVIDORES', '31-10-2017', 0, 0, 0, 0, '', 0),
(2869, 7, 41, 'UPS APC PRO 1300', 'Sin Modelo', 'Sin Marca', '4B1228P02836', 'ZF-UPS_A000002', 'CUARTO SERVIDORES', '31-10-2017', 0, 0, 0, 2615, '004541', 0),
(2870, 7, 41, 'UPS APC PRO 1300', 'Sin Modelo', 'Sin Marca', '4B1230P40299', 'ZF-UPS_A000003', 'CUARTO SERVIDORES', '31-10-2017', 0, 0, 0, 2615, '004541', 0),
(2871, 7, 41, 'SOPLADORA MIYAKO USA 50B510', 'Sin Modelo', 'Sin Marca', 'SIN SERIAL', 'ZF-SOPLA000001', 'CUARTO SERVIDORES', '31-10-2017', 0, 0, 1, 0, '', 0),
(2872, 7, 41, 'TELEFONO PANASONIC KX-TS500LX', 'Sin Modelo', 'Sin Marca', '0ABMC39352B', 'ZF-TELEF000022', 'CUARTO TELECOMUNICACIONES', '31-10-2017', 0, 0, 0, 0, '', 0),
(2873, 7, 41, 'TELEFONO PANASONIC KX-TS500LX', 'Sin Modelo', 'Sin Marca', '0ABMC389059', 'ZF-TELEF000023', 'CUARTO TELECOMUNICACIONES', '31-10-2017', 0, 0, 0, 0, '', 0),
(2874, 7, 41, 'CAMARA IP TENVIS PTZ IP ROBOT WIFI 1280X720 5X', 'Sin Modelo', 'Sin Marca', 'DF4DB1RYCMLLV46PYFX1', 'ZF-CAMAR000008', 'PASILLO PRESIDENCIA', '31-10-2017', 0, 0, 0, 2890, '004541', 0),
(2875, 7, 41, 'CAMARA IP TENVIS PTZ IP ROBOT WIFI 1280X720 5X', 'Sin Modelo', 'Sin Marca', 'D78D95PY9G3BU5PPUFF1', 'ZF-CAMAR000009', 'RECEPCION', '31-10-2017', 0, 0, 0, 2890, '004541', 0),
(2876, 7, 41, 'CAMARA IP TENVIS PTZ IP ROBOT WIFI 1280X720 5X', 'Sin Modelo', 'Sin Marca', 'ERJXB5MY8K33A46PYZZJ', 'ZF-CAMAR000010', 'AREA DE CAJA EDIF. ADM', '31-10-2017', 0, 0, 0, 2890, '004541', 0),
(2877, 7, 41, 'COMPUTADOR VIT 2600 (FALTA DE RAM)', 'Sin Modelo', 'Sin Marca', 'A00063115', 'ZF-COMPU000003', 'OFICINA TIC', '31-10-2017', 0, 0, 0, 0, '', 0),
(2878, 7, 41, 'LOCKER NEGRO DE 2 PUERTAS 5 DIVISIONES', 'Sin Modelo', 'Sin Marca', 'SIN SERIAL', 'ZF-LOCKE000003', 'CUARTO TELECOMUNICACIONES', '31-10-2017', 0, 0, 0, 0, '', 0),
(2879, 7, 41, 'LOCKER NEGRO DE 2 PUERTAS 5 DIVISIONES', 'Sin Modelo', 'Sin Marca', 'SIN SERIAL', 'ZF-LOCKE000004', 'CUARTO TELECOMUNICACIONES', '31-10-2017', 0, 0, 0, 0, '', 0),
(2880, 7, 41, 'FAX PANASONIC KX-FP205', 'Sin Modelo', 'Sin Marca', '0CBBB073132', 'ZF-FAX_P000001', 'REPRODUCCION', '31-10-2017', 0, 0, 0, 0, '', 0),
(2881, 7, 41, 'SISTEMA AUX DE ENERGIA AVTEL PHP1250', 'Sin Modelo', 'Sin Marca', '2010010336', 'ZF-SISTE000001', 'CUARTO TELECOMUNICACIONES', '31-10-2017', 0, 0, 0, 0, '', 0),
(2882, 7, 41, 'FORMULA MARINA SQ 70-5 (10 UND)', 'Sin Modelo', 'Sin Marca', 'SIN SERIAL', 'ZF-FORMU000001', 'CUARTO TELECOMUNICACIONES', '31-10-2017', 0, 0, 0, 0, '', 0),
(2883, 7, 41, 'CAMARA LANPRO LP-355IR', ' LP-355IR', 'LANPRO ', 'P0807A7', 'ZF-CAMAR000011', 'CUARTO TELECOMUNICACIONES', '31-10-2017', 0, 0, 0, 0, '', 0),
(2884, 7, 41, 'CAMARA LANPRO LP-355IR', ' LP-355IR', 'LANPRO ', 'P0807A7', 'ZF-CAMAR000012', 'CUARTO TELECOMUNICACIONES', '31-10-2017', 0, 0, 0, 0, '', 0),
(2885, 7, 41, 'IMPRESORA TERMICA ADVANCED TP-260', 'Sin Modelo', 'Sin Marca', 'TP260-C1111080617', 'ZF-IMPRE000014', 'CUARTO TELECOMUNICACIONES', '31-10-2017', 0, 0, 0, 0, '', 0),
(2886, 7, 41, 'IMPRESORA DESKJET D1560', ' D1560', 'DESKJET ', 'TH885320GY', 'ZF-IMPRE000015', 'CUARTO TELECOMUNICACIONES', '31-10-2017', 0, 0, 0, 0, '', 0),
(2887, 7, 41, 'RECAMBIO DE ROLLO DE PELICULA PANASONIC KX-FA52A (3 UND)', 'Sin Modelo', 'Sin Marca', 'SIN SERIAL', 'ZF-RECAM000001', 'CUARTO TELECOMUNICACIONES', '31-10-2017', 0, 0, 0, 0, '', 0),
(2888, 7, 41, 'LECTOR BANDA MAGNETICA CAJA REGISTRADORA', 'Sin Modelo', 'Sin Marca', 'P07013941000', 'ZF-LECTO000001', 'CUARTO TELECOMUNICACIONES', '31-10-2017', 0, 0, 0, 0, '', 0),
(2889, 7, 41, 'BATERIA UPS 6V', 'Sin Modelo', 'Sin Marca', '50711', 'ZF-BATER000001', 'CUARTO TELECOMUNICACIONES', '31-10-2017', 0, 0, 0, 0, '', 0),
(2890, 7, 41, 'BASE PARA CILINDRO BARRERA VEHICULAR SIEMENS', 'Sin Modelo', 'Sin Marca', '3SB3801-0AB3', 'ZF-BASE_000002', 'CUARTO TELECOMUNICACIONES', '31-10-2017', 0, 0, 0, 0, '', 0),
(2891, 7, 41, 'CILINDRO BARRERA VEHICULAR SIEMENS', 'Sin Modelo', 'Sin Marca', '3SB3602-4AD11', 'ZF-CILIN000001', 'CUARTO TELECOMUNICACIONES', '31-10-2017', 0, 0, 0, 0, '', 0),
(2892, 7, 41, 'TELEFONO PANASONIC KX-T7730', 'KX-T7730', 'PANASONIC', '4LASC366927', 'ZF-TELEF000024', 'CUARTO TELECOMUNICACIONES', '31-10-2017', 0, 0, 0, 0, '', 0),
(2893, 7, 41, 'FUENTE DE PODER QUEST MH4713', 'Sin Modelo', 'Sin Marca', 'SIN SERIAL', 'ZF-FUENT000001', 'CUARTO TELECOMUNICACIONES', '31-10-2017', 0, 0, 0, 0, '', 0),
(2894, 7, 41, 'SWITCH TP-LINK TL-SF1024', 'Sin Modelo', 'Sin Marca', '11C77602248', 'ZF-SWITC000004', 'CUARTO TELECOMUNICACIONES', '31-10-2017', 0, 0, 0, 0, '', 0),
(2895, 7, 41, 'SWITCH TP-LINK TL-SF1024', 'Sin Modelo', 'Sin Marca', '11C77602250', 'ZF-SWITC000005', 'CUARTO TELECOMUNICACIONES', '31-10-2017', 0, 0, 0, 0, '', 0),
(2896, 7, 41, 'PATCH PANEL TRENDNET TC-24C56', 'Sin Modelo', 'Sin Marca', 'SIN SERIAL', 'ZF-PATCH000004', 'CUARTO TELECOMUNICACIONES', '31-10-2017', 0, 0, 0, 0, '', 0),
(2897, 7, 41, 'PATCH PANEL TRENDNET TC-24C57', 'Sin Modelo', 'Sin Marca', 'SIN SERIAL', 'ZF-PATCH000005', 'CUARTO TELECOMUNICACIONES', '31-10-2017', 0, 0, 0, 0, '', 0),
(2898, 7, 41, 'PATCH PANEL TRENDNET TC-24C58', 'Sin Modelo', 'Sin Marca', 'SIN SERIAL', 'ZF-PATCH000006', 'CUARTO TELECOMUNICACIONES', '31-10-2017', 0, 0, 0, 0, '', 0),
(2899, 7, 41, 'POE ADAPTER', 'Sin Modelo', 'Sin Marca', '11090269883', 'ZF-POE_A000001', 'CUARTO TELECOMUNICACIONES', '31-10-2017', 0, 0, 0, 0, '', 0),
(2900, 7, 41, 'RACK CERRADO', 'Sin Modelo', 'Sin Marca', 'SIN SERIAL', 'ZF-RACK_000004', 'CUARTO TELECOMUNICACIONES', '31-10-2017', 0, 0, 0, 0, '', 0),
(2901, 7, 41, 'CAJA REGISTRADORA ACLAS CR68AF', 'Sin Modelo', 'Sin Marca', '20071442035', 'ZF-CAJA_000004', 'CUARTO TELECOMUNICACIONES', '31-10-2017', 0, 0, 0, 0, '', 0),
(2902, 7, 41, 'ROUTER TP-LINK TL-WA601G', 'TP-LINK TL-WA601G', 'Sin Marca', '8525403674', 'ZF-ROUTE000008', 'EDIFICIO OPERACIONES', '31-10-2017', 0, 0, 0, 0, '', 0),
(2903, 7, 41, 'SWITCH D-LINK DES-1024D', 'D-LINK DES-1024D', 'Sin Marca', 'F30F398006144', 'ZF-SWITC000006', 'EDIFICIO OPERACIONES', '31-10-2017', 0, 0, 0, 1995, '00015807', 0),
(2904, 7, 41, 'PATCH PANEL LANPRO', 'Sin Modelo', 'Sin Marca', 'SIN SERIAL', 'ZF-PATCH000007', 'EDIFICIO OPERACIONES', '31-10-2017', 0, 0, 0, 0, '', 0),
(2905, 7, 41, 'PATCH PANEL TRENDNET TC-24C5E', 'Sin Modelo', 'Sin Marca', 'SIN SERIAL', 'ZF-PATCH000008', 'EDIFICIO OPERACIONES', '31-10-2017', 0, 0, 0, 0, '', 0),
(2906, 7, 41, 'PATCH PANEL TRENDNET TC-24C5E', 'Sin Modelo', 'Sin Marca', 'SIN SERIAL', 'ZF-PATCH000009', 'EDIFICIO OPERACIONES', '31-10-2017', 0, 0, 0, 0, '', 0),
(2907, 7, 41, 'UPS FORZA SL-1001', 'SL-1001', 'FORZA', '619C00819', 'ZF-UPS_F000007', 'EDIFICIO OPERACIONES', '31-10-2017', 0, 0, 0, 0, '', 0),
(2908, 7, 41, 'UPS APC PRO 1000', ' APC PRO 1000', 'Sin Marca', '3B1225X21214', 'ZF-UPS_A000004', 'EDIFICIO OPERACIONES', '31-10-2017', 0, 0, 0, 0, '', 0),
(2909, 7, 41, 'CAMARA LILIN IPD22220ES3.6 (3 UND)', 'Sin Modelo', 'Sin Marca', '-', 'ZF-CAMAR000013', 'COMEDOR', '31-10-2017', 0, 0, 0, 0, '', 0),
(2910, 7, 41, 'SISTEMA DE ALARMA MATIGARD KIT BASICO', 'Sin Modelo', 'Sin Marca', '-', 'ZF-SISTE000002', 'COMEDOR', '31-10-2017', 0, 0, 0, 0, '', 0),
(2911, 7, 41, 'CONTACTO MAGNETICO INALAMBRICO MATIGARD (16 UND)', 'Sin Modelo', 'Sin Marca', '-', 'ZF-CONTA000001', 'COMEDOR', '31-10-2017', 0, 0, 0, 0, '', 0),
(2912, 7, 41, 'DETECTOR DE MOVIMIENTO PARA INTERIORES MATIGARD (13 UND)', 'Sin Modelo', 'Sin Marca', '-', 'ZF-DETEC000001', 'COMEDOR', '31-10-2017', 0, 0, 0, 0, '', 0),
(2913, 7, 41, 'SENSOR DE VIBRACION INALAMBRICO MATIGARD (10 UND)', 'Sin Modelo', 'Sin Marca', '-', 'ZF-SENSO000001', 'COMEDOR', '31-10-2017', 0, 0, 0, 0, '', 0),
(2914, 7, 41, 'CPU  VIT 2810-02', 'VIT 2810-02', 'VIT', 'A000155977', 'ZF-CPU__000007', 'CUARTO SERVIDORES', '31-10-2017', 0, 0, 0, 0, '', 0),
(2915, 7, 41, 'TECLADO VIT DOK-K7181W', 'VIT DOK-K7181W', 'VIT', 'KBD816K10006A', 'ZF-TECLA000032', 'CUARTO SERVIDORES', '31-10-2017', 0, 0, 0, 0, '', 0),
(2916, 7, 41, 'MOUSE M158W', 'M158W', 'VIT', 'NO VISIBLE', 'ZF-MOUSE000027', 'CUARTO SERVIDORES', '31-10-2017', 0, 0, 0, 0, '', 0),
(2917, 7, 41, 'MONITOR VIT 190LM00006', 'VIT 190LM00006', 'VIT', 'COBB609000000L05', 'ZF-MONIT000036', 'CUARTO SERVIDORES', '31-10-2017', 0, 0, 0, 0, '', 0),
(2918, 7, 41, 'SERVIDOR DE FINANZAS', 'Sin Modelo', 'Sin Marca', 'Sin Serial', 'ZF-SERVI000004', 'CUARTO DE SERVIDORES', '31-10-2017', 0, 0, 0, 0, '', 0),
(2919, 7, 41, 'SERVIDOR DE CONTROL DE ACCESO', 'Sin Modelo', 'Sin Marca', 'Sin Serial', 'ZF-SERVI000005', 'CUARTO DE SERVIDORES', '31-10-2017', 0, 0, 0, 0, '', 0),
(2920, 16, 42, 'MONITOR', 'VIT 1980LW-B', 'VIT', '778BCBA005161', 'ZF-MONIT000037', 'JOSEFINA ROMERO-ASUNTOS PUBLICOS', '31-10-2017', 0, 0, 0, 0, '', 0),
(2921, 16, 42, 'TECLADO', 'KB-2971', 'VIT', 'KB5C27Q30308A', 'ZF-TECLA000033', 'JOSEFINA ROMERO-ASUNTOS PUBLICOS', '31-10-2017', 0, 0, 0, 0, '', 0),
(2922, 16, 42, 'CPU', 'VIT 3400', 'VIT', 'PVIT3400001', 'ZF-CPU000008', 'JOSEFINA ROMERO-ASUNTOS PUBLICOS', '31-10-2017', 0, 0, 0, 0, '', 0),
(2923, 16, 42, 'CORNETA', 'COKOQ0888404006', 'VIT', 'SB5C13A10010A', 'ZF-CORNE000019', 'JOSEFINA ROMERO-ASUNTOS PUBLICOS', '31-10-2017', 0, 0, 0, 0, '', 0),
(2924, 16, 42, 'TELEFONO', 'KX-TS500LX', 'PANASONIC', 'SLBMC379669', 'ZF-TELEF000025', 'JOSEFINA ROMERO-ASUNTOS PUBLICOS', '31-10-2017', 0, 0, 0, 0, '', 0),
(2925, 16, 42, 'MONITOR', 'VIT 1980LW-B', 'VIT', '778BABA010223', 'ZF-MONIT000038', 'JOSEFINA ROMERO-ASUNTOS PUBLICOS', '31-10-2017', 0, 0, 0, 0, '', 0),
(2926, 16, 42, 'TECLADO', 'KB-2971', 'VIT', 'KBB224Q44183A', 'ZF-TECLA000034', 'JOSEFINA ROMERO-ASUNTOS PUBLICOS', '31-10-2017', 0, 0, 0, 0, '', 0),
(2927, 16, 42, 'CPU', 'VIT2710-01', 'VIT', 'A00160950', 'ZF-CPU000009', 'JOSEFINA ROMERO-ASUNTOS PUBLICOS', '31-10-2017', 0, 0, 0, 0, '', 0),
(2928, 16, 42, 'TELEFONO', 'KX-TS500LX', 'PANASONIC', 'OABMC391236', 'ZF-TELEF000026', 'JOSEFINA ROMERO-ASUNTOS PUBLICOS', '31-10-2017', 0, 0, 0, 0, '', 0),
(2929, 16, 42, 'MOUSE', 'MSU0718T', 'VIT', 'MSB514Q14495A', 'ZF-MOUSE000028', 'JOSEFINA ROMERO-ASUNTOS PUBLICOS', '31-10-2017', 0, 0, 0, 0, '', 0),
(2930, 16, 42, 'CORNETA', 'SN-01', 'VIT', 'I01110415166', 'ZF-CORNE000020', 'JOSEFINA ROMERO-ASUNTOS PUBLICOS', '31-10-2017', 0, 0, 0, 0, '', 0),
(2931, 16, 42, 'SACAPUNTA ELECTRICO', '19XXCN', 'X-ACTO', '3082576', 'ZF-SACAP000004', 'JOSEFINA ROMERO-ASUNTOS PUBLICOS', '31-10-2017', 0, 0, 0, 0, '', 0),
(2932, 16, 42, 'PIZARRA MEDIANA CON CORCHO', 'Sin Modelo', 'Sin Marca', 'Sin Serial', 'ZF-PIZAR000004', 'JOSEFINA ROMERO-ASUNTOS PUBLICOS', '31-10-2017', 0, 0, 0, 0, '', 0),
(2933, 16, 42, 'ESCRITORIO TIPO L CONTENTIVO DE 3 Y  2 GAVETAS LATERALES EN MADERA', 'Sin Modelo', 'Sin Marca', 'Sin Serial', 'ZF-ESCRI000030', 'JOSEFINA ROMERO-ASUNTOS PUBLICOS', '31-10-2017', 0, 0, 0, 0, '', 0),
(2934, 16, 42, 'ESCRITORIO TIPO L CONTENTIVO DE 3 Y  2 GAVETAS LATERALES EN MADERA', 'Sin Modelo', 'Sin Marca', 'Sin Serial', 'ZF-ESCRI000031', 'JOSEFINA ROMERO-ASUNTOS PUBLICOS', '31-10-2017', 0, 0, 0, 0, '', 0),
(2935, 16, 42, 'SILLA DE ESPERA GIRATORIA EN TELA CON BRAZO Y RUEDAS', 'Sin Modelo', 'Sin Marca', 'Sin Serial', 'ZF-SILLA000085', 'JOSEFINA ROMERO-ASUNTOS PUBLICOS', '31-10-2017', 0, 0, 0, 0, '', 0),
(2936, 16, 42, 'SILLA DE ESPERA GIRATORIA EN TELA CON BRAZO Y RUEDAS', 'Sin Modelo', 'Sin Marca', 'Sin Serial', 'ZF-SILLA000086', 'JOSEFINA ROMERO-ASUNTOS PUBLICOS', '31-10-2017', 0, 0, 0, 0, '', 0),
(2937, 16, 42, 'SILLA DE ESPERA GIRATORIA EN TELA CON BRAZO Y RUEDAS', 'Sin Modelo', 'Sin Marca', 'Sin Serial', 'ZF-SILLA000087', 'JOSEFINA ROMERO-ASUNTOS PUBLICOS', '31-10-2017', 0, 0, 0, 0, '', 0),
(2938, 16, 42, 'SILLA DE ESPERA GIRATORIA EN TELA CON BRAZO Y RUEDAS', 'Sin Modelo', 'Sin Marca', 'Sin Serial', 'ZF-SILLA000088', 'JOSEFINA ROMERO-ASUNTOS PUBLICOS', '31-10-2017', 0, 0, 0, 0, '', 0),
(2939, 16, 42, 'SILLA DE ESPERA GIRATORIA EN TELA CON BRAZO Y RUEDAS', 'Sin Modelo', 'Sin Marca', 'Sin Serial', 'ZF-SILLA000089', 'JOSEFINA ROMERO-ASUNTOS PUBLICOS', '31-10-2017', 0, 0, 0, 0, '', 0),
(2940, 16, 42, 'MESA OVALADA GRANDE EN MADERA', 'Sin Modelo', 'Sin Marca', 'Sin Serial', 'ZF-MESA_000016', 'JOSEFINA ROMERO-ASUNTOS PUBLICOS', '31-10-2017', 0, 0, 0, 0, '', 0),
(2941, 16, 42, 'SILLA GIRATORIAS EN TELA CON RUEDAS SIN BRAZO', 'Sin Modelo', 'Sin Marca', 'Sin Serial', 'ZF-SILLA000090', 'JOSEFINA ROMERO-ASUNTOS PUBLICOS', '31-10-2017', 0, 0, 0, 0, '', 0),
(2942, 16, 42, 'SILLA GIRATORIAS EN TELA CON RUEDAS SIN BRAZO', 'Sin Modelo', 'Sin Marca', 'Sin Serial', 'ZF-SILLA000091', 'JOSEFINA ROMERO-ASUNTOS PUBLICOS', '31-10-2017', 0, 0, 0, 0, '', 0),
(2943, 16, 42, 'SILLA GIRATORIAS EN TELA CON RUEDAS SIN BRAZO', 'Sin Modelo', 'Sin Marca', 'Sin Serial', 'ZF-SILLA000092', 'JOSEFINA ROMERO-ASUNTOS PUBLICOS', '31-10-2017', 0, 0, 0, 0, '', 0),
(2944, 16, 42, 'SILLA GIRATORIAS EN TELA CON RUEDAS SIN BRAZO', 'Sin Modelo', 'Sin Marca', 'Sin Serial', 'ZF-SILLA000093', 'JOSEFINA ROMERO-ASUNTOS PUBLICOS', '31-10-2017', 0, 0, 0, 0, '', 0),
(2945, 16, 42, 'SILLA GIRATORIAS EN TELA CON RUEDAS SIN BRAZO', 'Sin Modelo', 'Sin Marca', 'Sin Serial', 'ZF-SILLA000094', 'JOSEFINA ROMERO-ASUNTOS PUBLICOS', '31-10-2017', 0, 0, 0, 0, '', 0),
(2946, 16, 42, 'SILLA GIRATORIAS EN TELA CON RUEDAS SIN BRAZO', 'Sin Modelo', 'Sin Marca', 'Sin Serial', 'ZF-SILLA000095', 'JOSEFINA ROMERO-ASUNTOS PUBLICOS', '31-10-2017', 0, 0, 0, 0, '', 0),
(2947, 16, 42, 'MESA PEQUEÑA EN MADERA', 'Sin Modelo', 'Sin Marca', 'Sin Serial', 'ZF-MESA_000017', 'JOSEFINA ROMERO-ASUNTOS PUBLICOS', '31-10-2017', 0, 0, 0, 0, '', 0),
(2948, 15, 39, 'POLTRONA', 'Sin Modelo', 'Sin Marca', 'Sin Serial', 'ZF-POLTR000001', ' ANDREINA DIAZ-CASA PETROCASA 3(PRESIDENCIA)', '31-10-2017', 0, 0, 0, 0, '', 0),
(2949, 15, 39, 'MUEBLE EN TELA DE DOS PUESTOS', 'Sin Modelo', 'Sin Marca', 'Sin Serial', 'ZF-MUEBL000006', ' ANDREINA DIAZ-CASA PETROCASA 3(PRESIDENCIA)', '31-10-2017', 0, 0, 0, 0, '', 0),
(2950, 15, 39, 'MUEBLE EN TELA DE UN PUESTO', 'Sin Modelo', 'Sin Marca', 'Sin Serial', 'ZF-MUEBL000007', ' ANDREINA DIAZ-CASA PETROCASA 3(PRESIDENCIA)', '31-10-2017', 0, 0, 0, 0, '', 0),
(2951, 15, 39, 'TELEVISOR 32”', 'ZC32D44U', 'SHARP', '801812563', 'ZF-TELEV000006', ' ANDREINA DIAZ-CASA PETROCASA 3(PRESIDENCIA)', '31-10-2017', 0, 0, 0, 0, '', 0),
(2952, 15, 39, 'DECODIFICADOR DIRECTV', '26LAN287TE7DH', 'DIRECTV', '1412053371', 'ZF-DECOD000003', ' ANDREINA DIAZ-CASA PETROCASA 3(PRESIDENCIA)', '31-10-2017', 0, 0, 0, 0, '', 0),
(2953, 15, 39, 'AIRE ACONDICIONADO TIPO SPLIT', 'DES24DD20VECD', 'DIGITAL ELECTRIC', 'Sin Serial', 'ZF-AIRE_000013', ' ANDREINA DIAZ-CASA PETROCASA 3(PRESIDENCIA)', '31-10-2017', 0, 0, 0, 0, '', 0),
(2954, 15, 39, 'AIRE ACONDICIONADO TIPO SPLIT', 'HSU12C13', 'HAIER', 'Sin Serial', 'ZF-AIRE_000014', ' ANDREINA DIAZ-CASA PETROCASA 3(PRESIDENCIA)', '31-10-2017', 0, 0, 0, 0, '', 0),
(2955, 15, 39, 'BOX INDIVIDUAL', 'Sin Modelo', 'Sin Marca', 'Sin Serial', 'ZF-BOX_I000001', ' ANDREINA DIAZ-CASA PETROCASA 3(PRESIDENCIA)', '31-10-2017', 0, 0, 0, 0, '', 0),
(2956, 15, 39, 'COLCHON INDIVIDUAL', 'Sin Modelo', 'Sin Marca', 'Sin Serial', 'ZF-COLCH000001', ' ANDREINA DIAZ-CASA PETROCASA 3(PRESIDENCIA)', '31-10-2017', 0, 0, 0, 0, '', 0),
(2957, 15, 39, 'BOX INDIVIDUAL', 'Sin Modelo', 'Sin Marca', 'Sin Serial', 'ZF-BOX_I000002', ' ANDREINA DIAZ-CASA PETROCASA 3(PRESIDENCIA)', '31-10-2017', 0, 0, 0, 0, '', 0),
(2958, 15, 39, 'COLCHON INDIVIDUAL', 'Sin Modelo', 'Sin Marca', 'Sin Serial', 'ZF-COLCH000002', ' ANDREINA DIAZ-CASA PETROCASA 3(PRESIDENCIA)', '31-10-2017', 0, 0, 0, 0, '', 0),
(2959, 15, 39, 'COLCHON QUEEN SAY', 'Sin Modelo', 'Sin Marca', 'Sin Serial', 'ZF-COLCH000003', ' ANDREINA DIAZ-CASA PETROCASA 3(PRESIDENCIA)', '31-10-2017', 0, 0, 0, 0, '', 0),
(2960, 15, 39, 'BOX INDIVIDUAL', 'Sin Modelo', 'Sin Marca', 'Sin Serial', 'ZF-BOX_I000003', ' ANDREINA DIAZ-CASA PETROCASA 3(PRESIDENCIA)', '31-10-2017', 0, 0, 0, 0, '', 0),
(2961, 15, 39, 'BOX INDIVIDUAL', 'Sin Modelo', 'Sin Marca', 'Sin Serial', 'ZF-BOX_I000004', ' ANDREINA DIAZ-CASA PETROCASA 3(PRESIDENCIA)', '31-10-2017', 0, 0, 0, 0, '', 0),
(2962, 15, 39, 'BOMBONA DE GAS', 'Sin Modelo', 'PDV COMUNAL', 'Sin Serial', 'ZF-BOMBO000001', ' ANDREINA DIAZ-CASA PETROCASA 3(PRESIDENCIA)', '31-10-2017', 0, 0, 0, 0, '', 0),
(2963, 15, 39, 'BOMBONA DE GAS', 'Sin Modelo', 'PDV COMUNAL', 'Sin Serial', 'ZF-BOMBO000002', ' ANDREINA DIAZ-CASA PETROCASA 3(PRESIDENCIA)', '31-10-2017', 0, 0, 0, 0, '', 0),
(2964, 15, 39, 'BOMBONA DE GAS', 'Sin Modelo', 'PDV COMUNAL', 'Sin Serial', 'ZF-BOMBO000003', ' ANDREINA DIAZ-CASA PETROCASA 3(PRESIDENCIA)', '31-10-2017', 0, 0, 0, 0, '', 0),
(2965, 15, 39, 'AIRE ACONDICIONADO TIPO SPLIT', 'ES-12085ER', 'SANKEY', 'Sin Serial', 'ZF-AIRE_000015', ' ANDREINA DIAZ-CASA PETROCASA 3(PRESIDENCIA)', '31-10-2017', 0, 0, 0, 0, '', 0),
(2966, 15, 39, 'AIRE ACONDICIONADO TIPO SPLIT', 'GP-S122C', 'GPLUS', 'Sin Serial', 'ZF-AIRE_000016', ' ANDREINA DIAZ-CASA PETROCASA 3(PRESIDENCIA)', '31-10-2017', 0, 0, 0, 0, '', 0),
(2967, 15, 39, 'ARMARIO', 'Sin Modelo', 'Sin Marca', 'Sin Serial', 'ZF-ARMAR000001', ' ANDREINA DIAZ-CASA PETROCASA 3(PRESIDENCIA)', '31-10-2017', 0, 0, 0, 0, '', 0),
(2968, 15, 39, 'GAVETERO PLASTICO CONTENTIVA DE TRES GAVETAS', 'Sin Modelo', 'Sin Marca', 'Sin Serial', 'ZF-GAVET000002', ' ANDREINA DIAZ-CASA PETROCASA 3(PRESIDENCIA)', '31-10-2017', 0, 0, 0, 0, '', 0),
(2969, 15, 39, 'GAVETERO PLASTICO CONTENTIVA DE TRES GAVETAS', 'Sin Modelo', 'Sin Marca', 'Sin Serial', 'ZF-GAVET000003', ' ANDREINA DIAZ-CASA PETROCASA 3(PRESIDENCIA)', '31-10-2017', 0, 0, 0, 0, '', 0),
(2970, 15, 39, 'DISPENSADOR DE AGUA', 'YLR2-5-V760CW(LED)', 'GPLUS', '11235660', 'ZF-DISPE000002', ' ANDREINA DIAZ-CASA PETROCASA 3(PRESIDENCIA)', '31-10-2017', 0, 0, 0, 0, '', 0),
(2971, 15, 39, 'SANDWICHERA', '4895814', 'OSTER', 'PN109171', 'ZF-SANDW000001', ' ANDREINA DIAZ-CASA PETROCASA 3(PRESIDENCIA)', '31-10-2017', 0, 0, 0, 0, '', 0),
(2972, 15, 39, 'SANDWICHERA', 'CG41', 'BLACK&DECKER', 'Sin Serial', 'ZF-SANDW000002', ' ANDREINA DIAZ-CASA PETROCASA 3(PRESIDENCIA)', '31-10-2017', 0, 0, 0, 0, '', 0),
(2973, 15, 39, 'NEVERA', 'NFRC345', 'FRIGILUX', '071209-0002', 'ZF-NEVER000005', ' ANDREINA DIAZ-CASA PETROCASA 3(PRESIDENCIA)', '31-10-2017', 0, 0, 0, 0, '', 0),
(2974, 15, 39, 'LICUADORA CON VASO', 'PN110820', 'OSTER', 'Sin Serial', 'ZF-LICUA000001', ' ANDREINA DIAZ-CASA PETROCASA 3(PRESIDENCIA)', '31-10-2017', 0, 0, 0, 0, '', 0),
(2975, 15, 39, 'MESA PEQUEÑA EN MADERA', 'Sin Modelo', 'Sin Marca', 'Sin Serial', 'ZF-MESA_000018', ' ANDREINA DIAZ-CASA PETROCASA 3(PRESIDENCIA)', '31-10-2017', 0, 0, 0, 0, '', 0),
(2976, 15, 39, 'MESAS CON TOPE DE GRANITO NATURAL CON BASE EN ESTRUCTURA DE HIERRO Y ACABADO  EN COLOR NEGRO CON DIMES', 'Sin Modelo', 'Sin Marca', 'Sin Serial', 'ZF-MESAS000012', ' ANDREINA DIAZ-CASA PETROCASA 3(PRESIDENCIA)', '31-10-2017', 0, 0, 0, 0, '', 0),
(2977, 15, 39, 'ESMERIL (GRANDE)', 'Sin Modelo', 'Dewalt', 'Sin Serial', 'ZF-ESMER000001', ' ANDREINA DIAZ-TOOL ROOM', '31-10-2017', 0, 0, 0, 0, '', 0),
(2978, 15, 39, 'TROZADORA', 'Sin Modelo', 'Dewalt', '532424', 'ZF-TROZA000001', ' ANDREINA DIAZ-TOOL ROOM', '31-10-2017', 0, 0, 0, 0, '', 0),
(2979, 15, 39, 'MAQUINA DE SOLDAR', 'Sin Modelo', 'Lincoln', '10420', 'ZF-MAQUI000001', ' ANDREINA DIAZ-TOOL ROOM', '31-10-2017', 0, 0, 0, 0, '', 0),
(2980, 15, 39, 'DESMALEZADORA ', 'Sin Modelo', 'Domopower', 'Sin Serial', 'ZF-DESMA000001', ' ANDREINA DIAZ-TOOL ROOM', '31-10-2017', 0, 0, 0, 0, '', 0),
(2981, 15, 39, 'TALADRO PERCUTOR 1/2" DOBLE ALCANCE', 'DW505', 'Dewalt', 'Sin Serial', 'ZF-TALAD000001', ' ANDREINA DIAZ-TOOL ROOM', '31-10-2017', 0, 0, 0, 1775, '00096111', 0),
(2982, 15, 39, 'FUMIGADOR( ELECTRICO)', 'Sin Modelo', 'Domopower', 'Sin Serial', 'ZF-FUMIG000001', ' ANDREINA DIAZ-TOOL ROOM', '31-10-2017', 0, 0, 0, 0, '', 0),
(2983, 15, 39, 'FUMIGADORA (MANUAL)', 'Sin Modelo', 'Bayer', '01235H3 ', 'ZF-FUMIG000002', ' ANDREINA DIAZ-TOOL ROOM', '31-10-2017', 0, 0, 0, 0, '', 0),
(2984, 15, 39, 'FUMIGADORA (MANUAL)', 'Sin Modelo', 'Magna', 'Dañado ', 'ZF-FUMIG000003', ' ANDREINA DIAZ-TOOL ROOM', '31-10-2017', 0, 0, 0, 0, '', 0),
(2985, 15, 39, 'ESMERIL (PEQUEÑO)', 'Sin Modelo', 'Dewalt', 'Sin Serial', 'ZF-ESMER000002', ' ANDREINA DIAZ-TOOL ROOM', '31-10-2017', 0, 0, 0, 0, '', 0),
(2986, 15, 39, 'TALADRO', 'Sin Modelo', 'Truper', 'Sin Serial', 'ZF-TALAD000002', ' ANDREINA DIAZ-TOOL ROOM', '31-10-2017', 0, 0, 0, 0, '', 0),
(2987, 15, 39, 'TALADRO', 'Sin Modelo', 'Black&Decker', 'Sin Serial', 'ZF-TALAD000003', ' ANDREINA DIAZ-TOOL ROOM', '31-10-2017', 0, 0, 0, 0, '', 0),
(2988, 15, 39, 'HIDROJET', 'Sin Modelo', 'Tucson', 'Sin Serial', 'ZF-HIDRO000001', ' ANDREINA DIAZ-TOOL ROOM', '31-10-2017', 0, 0, 0, 0, '', 0),
(2989, 15, 39, 'MAQUINA DE CERAMICA', 'Sin Modelo', 'Sin Marca', 'Sin Serial', 'ZF-MAQUI000002', ' ANDREINA DIAZ-TOOL ROOM', '31-10-2017', 0, 0, 0, 0, '', 0),
(2990, 15, 39, 'FUMIGADORA (MANUAL)', 'Sin Modelo', 'Bayer', '031651M3', 'ZF-FUMIG000004', ' ANDREINA DIAZ-TOOL ROOM', '31-10-2017', 0, 0, 0, 0, '', 0),
(2991, 15, 39, 'MUEBLE EN TELA TIPO SOFA', 'Sin Modelo', 'Sin Marca', 'Sin Serial', 'ZF-MUEBL000008', ' ANDREINA DIAZ-CASA PETROCASA 4 ', '31-10-2017', 0, 0, 0, 0, '', 0),
(2992, 15, 39, 'AIRE ACONDICIONADO TIPO SPLIT 12000 BTU', 'HSU12C13', 'HAIER', '10561764', 'ZF-AIRE_000017', ' ANDREINA DIAZ-CASA PETROCASA 4 ', '31-10-2017', 0, 0, 0, 0, '', 0),
(2993, 15, 39, 'PLANCHA ELECTRICA', 'IM220', 'BLACK&DECKER', 'Sin Serial', 'ZF-PLANC000002', ' ANDREINA DIAZ-CASA PETROCASA 4 ', '31-10-2017', 0, 0, 0, 0, '', 0),
(2994, 15, 39, 'BOX INDIVIDUAL', 'Sin Modelo', 'Sin Marca', 'Sin Serial', 'ZF-BOX_I000005', ' ANDREINA DIAZ-CASA PETROCASA 4 ', '31-10-2017', 0, 0, 0, 0, '', 0),
(2995, 15, 39, 'COLCHON INDIVIDUAL', 'Sin Modelo', 'Sin Marca', 'Sin Serial', 'ZF-COLCH000004', ' ANDREINA DIAZ-CASA PETROCASA 4 ', '31-10-2017', 0, 0, 0, 0, '', 0),
(2996, 15, 39, 'BOX INDIVIDUAL', 'Sin Modelo', 'Sin Marca', 'Sin Serial', 'ZF-BOX_I000006', ' ANDREINA DIAZ-CASA PETROCASA 4 ', '31-10-2017', 0, 0, 0, 0, '', 0),
(2997, 15, 39, 'COLCHON INDIVIDUAL', 'Sin Modelo', 'Sin Marca', 'Sin Serial', 'ZF-COLCH000005', ' ANDREINA DIAZ-CASA PETROCASA 4 ', '31-10-2017', 0, 0, 0, 0, '', 0),
(2998, 15, 39, 'BOX INDIVIDUAL', 'Sin Modelo', 'Sin Marca', 'Sin Serial', 'ZF-BOX_I000007', ' ANDREINA DIAZ-CASA PETROCASA 4 ', '31-10-2017', 0, 0, 0, 0, '', 0),
(2999, 15, 39, 'COLCHON INDIVIDUAL', 'Sin Modelo', 'Sin Marca', 'Sin Serial', 'ZF-COLCH000006', ' ANDREINA DIAZ-CASA PETROCASA 4 ', '31-10-2017', 0, 0, 0, 0, '', 0),
(3000, 15, 39, 'BOX INDIVIDUAL', 'Sin Modelo', 'Sin Marca', 'Sin Serial', 'ZF-BOX_I000008', ' ANDREINA DIAZ-CASA PETROCASA 4 ', '31-10-2017', 0, 0, 0, 0, '', 0),
(3001, 15, 39, 'COLCHON INDIVIDUAL', 'Sin Modelo', 'Sin Marca', 'Sin Serial', 'ZF-COLCH000007', ' ANDREINA DIAZ-CASA PETROCASA 4 ', '31-10-2017', 0, 0, 0, 0, '', 0),
(3002, 15, 39, 'MESA DE MADERA', 'Sin Modelo', 'Sin Marca', 'Sin Serial', 'ZF-MESA_000013', ' ANDREINA DIAZ-CASA PETROCASA 4 ', '31-10-2017', 0, 0, 0, 0, '', 0),
(3003, 15, 39, 'MESA DE MADERA CON TRES COMPARTIMIENTOS', 'Sin Modelo', 'Sin Marca', 'Sin Serial', 'ZF-MESA_000014', ' ANDREINA DIAZ-CASA PETROCASA 4 ', '31-10-2017', 0, 0, 0, 0, '', 0),
(3004, 15, 39, 'DISPENSADOR DE AGUA', 'TY-DA23C/R', 'RANIA', 'DW-06-2012-01176', 'ZF-DISPE000003', ' ANDREINA DIAZ-CASA PETROCASA 4 ', '31-10-2017', 0, 0, 0, 0, '', 0),
(3005, 15, 39, 'MICROONDA', 'SP-MW07', 'SILVER POINT', '2651/4400', 'ZF-MICRO000009', ' ANDREINA DIAZ-CASA PETROCASA 4 ', '31-10-2017', 0, 0, 0, 0, '', 0),
(3006, 15, 39, 'AIRE ACONDICIONADO TIPO SPLIT', 'Sin Modelo', 'PREMIUM', '163621330700', 'ZF-AIRE_000018', ' ANDREINA DIAZ-CASA PETROCASA 4 ', '31-10-2017', 0, 0, 0, 0, '', 0),
(3007, 15, 39, 'SANDWICHERA', '3858-12', 'OSTER', '103146-12', 'ZF-SANDW000003', ' ANDREINA DIAZ-CASA PETROCASA 4 ', '31-10-2017', 0, 0, 0, 0, '', 0),
(3008, 15, 39, 'SANDWICHERA', '4896-814', 'OSTER', 'Sin Serial', 'ZF-SANDW000004', ' ANDREINA DIAZ-CASA PETROCASA 4 ', '31-10-2017', 0, 0, 0, 0, '', 0),
(3009, 15, 39, 'LICUADORA CON VASO', 'Sin Modelo', 'OSTERIZER', 'Sin Serial', 'ZF-LICUA000002', ' ANDREINA DIAZ-CASA PETROCASA 4 ', '31-10-2017', 0, 0, 0, 0, '', 0),
(3010, 15, 39, 'CAFETERA ELECTRICA SIN VASO', 'Sin Modelo', 'BLACK&DECKER', 'Sin Serial', 'ZF-CAFET000004', ' ANDREINA DIAZ-CASA PETROCASA 4 ', '31-10-2017', 0, 0, 0, 0, '', 0),
(3011, 15, 39, 'NEVERA', 'NFRC345', 'FRIGILUX', '071209-00029', 'ZF-NEVER000006', ' ANDREINA DIAZ-CASA PETROCASA 4 ', '31-10-2017', 0, 0, 0, 0, '', 0),
(3012, 15, 39, 'CAFETERA ELECTRICA CON VASO', 'Sin Modelo', 'BLACK&DECKER', 'Sin Serial', 'ZF-CAFET000005', ' ANDREINA DIAZ-CASA PETROCASA 4 ', '31-10-2017', 0, 0, 0, 0, '', 0),
(3013, 15, 39, 'TELEVISOR ', 'HDMI', 'DAEWOO', 'Z0089064620213', 'ZF-TELEV000007', ' ANDREINA DIAZ-CASA PETROCASA 4 ', '31-10-2017', 0, 0, 0, 0, '', 0),
(3014, 15, 39, 'MESA PARA TV', 'Sin Modelo', 'Sin Marca', 'Sin Serial', 'ZF-MESA_000015', ' ANDREINA DIAZ-CASA PETROCASA 4 ', '31-10-2017', 0, 0, 0, 0, '', 0),
(3015, 15, 39, 'DECODIFICADOR DIRECTV STB CON ROMODULADOR POWER BOX', 'DECS08014808068', 'DIRECTV', '10108000868', 'ZF-DECOD000004', ' ANDREINA DIAZ-CASA PETROCASA 4 ', '31-10-2017', 0, 0, 0, 0, '', 0),
(3016, 15, 39, 'CAMA MATRIMONIAL', 'Sin Modelo', 'Sin Marca', 'Sin Serial', 'ZF-CAMA_000014', ' ANDREINA DIAZ-CASA PETROCASA 4 ', '31-10-2017', 0, 0, 0, 0, '', 0),
(3017, 15, 39, 'MESA DE NOCHE', 'Sin Modelo', 'Sin Marca', 'Sin Serial', 'ZF-MESA_000016', ' ANDREINA DIAZ-CASA PETROCASA 4 ', '31-10-2017', 0, 0, 0, 0, '', 0),
(3018, 15, 39, 'MESA DE NOCHE', 'Sin Modelo', 'Sin Marca', 'Sin Serial', 'ZF-MESA_000017', ' ANDREINA DIAZ-CASA PETROCASA 4 ', '31-10-2017', 0, 0, 0, 0, '', 0),
(3019, 15, 39, 'PEINADORA EN MADERA', 'Sin Modelo', 'Sin Marca', 'Sin Serial', 'ZF-PEINA000001', ' ANDREINA DIAZ-CASA PETROCASA 4 ', '31-10-2017', 0, 0, 0, 0, '', 0),
(3020, 15, 39, 'BANQUITO PARA PEINADORA', 'Sin Modelo', 'Sin Marca', 'Sin Serial', 'ZF-BANQU000001', ' ANDREINA DIAZ-CASA PETROCASA 4 ', '31-10-2017', 0, 0, 0, 0, '', 0),
(3021, 15, 39, 'AIRE ACONDICIONADO TIPO SPLIT', 'HSU-12C13', 'HAIER', 'AA12E03000AC811F0536', 'ZF-AIRE_000019', ' ANDREINA DIAZ-CASA PETROCASA 4 ', '31-10-2017', 0, 0, 0, 0, '', 0),
(3022, 15, 39, 'MESA DE PLANCHAR', 'Sin Modelo', 'Sin Marca', 'Sin Serial', 'ZF-MESA_000018', ' ANDREINA DIAZ-CASA PETROCASA 4 ', '31-10-2017', 0, 0, 0, 0, '', 0),
(3023, 15, 39, 'DECODIFICADOR DIRECTV', 'L12', 'DIRECTV', 'EA058J4466E10WU', 'ZF-DECOD000005', ' ANDREINA DIAZ-CASA PETROCASA 4 ', '31-10-2017', 0, 0, 0, 0, '', 0),
(3024, 15, 39, 'LAVADORA DE 7KG (15.6 LBS)', 'WA89V3PDQ/XAP', 'SAMSUNG', '17435DBC9021021', 'ZF-LAVAD000001', ' ANDREINA DIAZ-CASA PETROCASA 4 ', '31-10-2017', 0, 0, 0, 0, '', 0),
(3025, 15, 39, 'LAVADORA DE 16.0 KG', 'WFS1638EKD', 'DIRECT DRIVE', '206KWJU64372', 'ZF-LAVAD000002', ' ANDREINA DIAZ-CASA PETROCASA 4 ', '31-10-2017', 0, 0, 0, 0, '', 0),
(3026, 15, 39, 'MOTO', 'Sin Modelo', 'Sin Marca', 'Sin Serial', 'ZF-MOTO000001', ' ANDREINA DIAZ -GALPON DEPOSITO ', '31-10-2017', 0, 0, 0, 0, '', 0),
(3027, 15, 39, 'MOTO', 'Sin Modelo', 'Sin Marca', 'Sin Serial', 'ZF-MOTO000002', ' ANDREINA DIAZ -GALPON DEPOSITO ', '31-10-2017', 0, 0, 0, 0, '', 0),
(3028, 15, 39, 'MOTO', 'Sin Modelo', 'Sin Marca', 'Sin Serial', 'ZF-MOTO000003', ' ANDREINA DIAZ -GALPON DEPOSITO ', '31-10-2017', 0, 0, 0, 0, '', 0),
(3029, 15, 39, 'RUSTICO ECO SPORT – PLACA IAL57R – COLOR AZUL –', 'ECOSPORT', 'FORD', 'SERIAL CARROCERIA 98FZE13F358687164 – SERIAL MOTOR CJJA58687164', 'ZF-RUSTI000001', 'ANDREINA DIAZ-UNIDAD VEHICULAR', '31-10-2017', 0, 0, 0, 0, '', 0),
(3030, 15, 39, 'CAMION PLATAFORMA / BARANDA – PLACA A67BA2V – COLOR BLANCO – ', 'HFC 1040K', 'JAC', 'SERIAL CARROCERIA 8XR1SCD14DU000176 – SERIAL MOTOR C4045333', 'ZF-CAMIO000001', 'ANDREINA DIAZ-UNIDAD VEHICULAR', '31-10-2017', 0, 0, 0, 0, '', 0),
(3031, 15, 39, 'CAMIONETA CHEROKEE SPORT  - PLACA AG003DA – COLOR BLANCO PIEDRA –  ', 'CHEROKEE SPORT AUTO 4X2 (GNV)', 'JEEP', 'SERIAL CARROCERIA 8Y4PJ1AK5CGOO2796 – SERIAL MOTOR 6CIL', 'ZF-CAMIO000002', 'ANDREINA DIAZ-UNIDAD VEHICULAR', '31-10-2017', 0, 0, 0, 0, '', 0),
(3032, 15, 39, 'CAMIONETA DOBLE CABINA LUV D MAX 4X4   - PLACA A13AVOV – COLOR BLANCO  – ', 'LUV D MAX DOBLE CABINA 4X4 AUT', 'CHEVROLET', ' SERIAL CARROCERIA 8ZCPSSCZ78V403166 – SERIAL MOTOR 289590', 'ZF-CAMIO000003', 'ANDREINA DIAZ-UNIDAD VEHICULAR', '31-10-2017', 0, 0, 0, 0, '', 0),
(3033, 15, 39, 'AUTOMOVIL SEDAN CENTAURO LX XU7 – PLACA AF336LG – COLOR BLANCO – ', 'CENTAURO LX XU7', 'VENIRAUTO', 'SERIAL CARROCERIA 8Y5C91CC0DD000109 – SERIAL MOTOR 1249D292962', 'ZF-AUTOM000001', 'ANDREINA DIAZ-UNIDAD VEHICULAR', '31-10-2017', 0, 0, 0, 0, '', 0),
(3034, 15, 39, 'AUTOMOVIL SEDAN CENTAURO LX  PLACA AI330XA – COLOR GRIS – ', 'CENTAURO LX', 'VENIRAUTO', 'SERIAL CARROCERIA 8Y5C91CC5FD000321 – SERIAL MOTOR 124KD509865', 'ZF-AUTOM000002', 'ANDREINA DIAZ-UNIDAD VEHICULAR', '31-10-2017', 0, 0, 0, 0, '', 0),
(3035, 15, 39, 'AUTOBUS. MODELO ENT 3000-50 PUESTOS AUTOMATICO, TIPO VAN COLOR BLANCO', 'ENT 3000-50', 'Sin Marca', 'SERIAL CARROCERIA 8XL3HN21D8E001008 – SERIAL MOTOR 30582714', 'ZF-AUTOB000001', 'ANDREINA DIAZ-UNIDAD VEHICULAR', '31-10-2017', 0, 0, 0, 0, '', 0),
(3036, 15, 39, 'AUTOBUS. COLOR ROJO', 'MAZ', 'Sin Marca', 'Sin Serial', 'ZF-AUTOB000002', 'ANDREINA DIAZ-UNIDAD VEHICULAR', '31-10-2017', 0, 0, 0, 0, '', 0),
(3037, 15, 39, 'CAMIONETA PICK-UP – CARGA', 'C-10 PICKUP STD', 'CHEVROLET', 'SERIAL CARROCERIA C1R4TLV50888 – SERIAL MOTOR TLV350888', 'ZF-CAMIO000004', 'ANDREINA DIAZ-UNIDAD VEHICULAR', '31-10-2017', 0, 0, 0, 0, '', 0),
(3038, 15, 39, 'PLANTA ELECTRICA  (ASI) CIP/L:3.9  CPL/L:006', '4BTA3.9-G2', 'CUMMINS', '69772394', 'ZF-PLANT000001', 'ANDREINA DIAZ-UNIDAD VEHICULAR', '31-10-2017', 0, 0, 0, 0, '', 0),
(3039, 15, 39, 'PLANTA ELECTRICA  (COMEDOR INDUSTRIAL)  GRUPO GENERADOR No. ST 0110402106.  GRUPO GENERADOR NEWAGE. POTENCIA: 110/100KVA, TENSION 220V, FECHA DE FABRICACION: OCT 06', 'MS4-1TA UC1274D', 'STEMAC', ' ST 0110402106', 'ZF-PLANT000002', 'ANDREINA DIAZ-UNIDAD VEHICULAR', '31-10-2017', 0, 0, 0, 0, '', 0),
(3040, 15, 39, 'PLANTA ELECTRICA  (EDIFICIO ADMINISTRATIVO) ', 'NT-250', 'MAQUIGERAL, S.A.', '30109498', 'ZF-PLANT000003', 'ANDREINA DIAZ-UNIDAD VEHICULAR', '31-10-2017', 0, 0, 0, 0, '', 0),
(3041, 15, 39, 'RADIO MOTOROLA', 'EP450', 'MOTOROLLA', '442TFQL560', 'ZF-RADIO000004', 'ANDREINA DIAZ-RADIOS MOTOROLA', '31-10-2017', 0, 0, 0, 0, '', 0),
(3042, 15, 39, 'RADIO MOTOROLA', 'EP450', 'MOTOROLLA', '442TFQK431', 'ZF-RADIO000005', 'ANDREINA DIAZ-RADIOS MOTOROLA', '31-10-2017', 0, 0, 0, 0, '', 0),
(3043, 15, 39, 'RADIO MOTOROLA', 'GP300', 'MOTOROLLA', '188TXSO664', 'ZF-RADIO000006', 'ANDREINA DIAZ-RADIOS MOTOROLA', '31-10-2017', 0, 0, 0, 0, '', 0),
(3044, 15, 39, 'AIRE ACONDICIONADO TIPO SPLIT', 'NO TIENE', 'PREMIUM', '20070912-163621330700008', 'ZF-AIRE_000020', 'ANDREINA DIAZ-CASA PETROCASA 1', '31-10-2017', 0, 0, 0, 0, '', 0),
(3045, 15, 39, 'AIRE ACONDICIONADO TIPO SPLIT', 'SAP-KC1205S6', 'SANYO', 'Sin Serial', 'ZF-AIRE_000021', 'ANDREINA DIAZ-CASA PETROCASA 2', '31-10-2017', 0, 0, 0, 0, '', 0),
(3046, 15, 39, 'AIRE ACONDICIONADO TIPO SPLIT', 'FS09CM6J/FSE09CM6J', 'FRIGIDAIRE', 'PNC9290200139', 'ZF-AIRE_000022', 'ANDREINA DIAZ-CASA PETROCASA 3', '31-10-2017', 0, 0, 0, 0, '', 0),
(3047, 15, 39, 'AIRE ACONDICIONADO TIPO SPLIT', 'AS-12K', 'SUPPLY', 'G83500496', 'ZF-AIRE_000023', 'ANDREINA DIAZ-CASA PETROCASA 4', '31-10-2017', 0, 0, 0, 0, '', 0),
(3048, 15, 39, 'JUEGO DE COMEDOR EN MADERA CON FIERRO FORJADO REDONDO CON 4 SILLAS DEL MISMO MATERIAL', 'Sin Modelo', 'Sin Marca', 'Sin Serial', 'ZF-JUEGO000007', 'ANDREINA DIAZ-CASA PETROCASA 5', '31-10-2017', 0, 0, 0, 0, '', 0),
(3049, 15, 39, 'MUEBLE EN MADERA E HIERRO FORJADODE 2 PUESTOS, Y DOS INDIVIDUALES IGUAL MATERIAL', 'Sin Modelo', 'Sin Marca', 'Sin Serial', 'ZF-MUEBL000009', 'ANDREINA DIAZ-CASA PETROCASA 6', '31-10-2017', 0, 0, 0, 0, '', 0),
(3050, 15, 39, 'EQUIPO DE SONIDO CONTENTIVO DE 2 CORNETAS', 'SAAK370', 'PANASONIC', 'RNBHA021874   LE8KA005097', 'ZF-EQUIP000001', 'ANDREINA DIAZ-CASA PETROCASA 7', '31-10-2017', 0, 0, 0, 0, '', 0),
(3051, 15, 38, 'BOX', 'Sin Modelo', 'Sin Marca', 'Sin Serial', 'ZF-BOX000009', 'ANDREINA DIAZ-CASA PETROCASA 8', '31-10-2017', 0, 0, 0, 0, '', 0),
(3052, 15, 38, 'BOX', 'Sin Modelo', 'Sin Marca', 'Sin Serial', 'ZF-BOX000010', 'ANDREINA DIAZ-CASA PETROCASA 9', '31-10-2017', 0, 0, 0, 0, '', 0),
(3053, 15, 38, 'BOX', 'Sin Modelo', 'Sin Marca', 'Sin Serial', 'ZF-BOX000001', 'ANDREINA DIAZ-CASA PETROCASA 10', '31-10-2017', 0, 0, 0, 0, '', 0),
(3054, 15, 38, 'BOX', 'Sin Modelo', 'Sin Marca', 'Sin Serial', 'ZF-BOX000002', 'ANDREINA DIAZ-CASA PETROCASA 11', '31-10-2017', 0, 0, 0, 0, '', 0),
(3055, 15, 38, 'COLCHON', 'Sin Modelo', 'Sin Marca', 'Sin Serial', 'ZF-COLCH000008', 'ANDREINA DIAZ-CASA PETROCASA 12', '31-10-2017', 0, 0, 0, 0, '', 0),
(3056, 15, 38, 'COLCHON', 'Sin Modelo', 'Sin Marca', 'Sin Serial', 'ZF-COLCH000009', 'ANDREINA DIAZ-CASA PETROCASA 13', '31-10-2017', 0, 0, 0, 0, '', 0),
(3057, 15, 38, 'COLCHON', 'Sin Modelo', 'Sin Marca', 'Sin Serial', 'ZF-COLCH000010', 'ANDREINA DIAZ-CASA PETROCASA 14', '31-10-2017', 0, 0, 0, 0, '', 0),
(3058, 15, 38, 'MICROONDA ', 'KOR-6L1BM', 'DAEWOO', 'TM086145110003', 'ZF-MICRO000010', 'ANDREINA DIAZ-CASA PETROCASA 15', '31-10-2017', 0, 0, 0, 0, '', 0),
(3059, 15, 38, 'CAFETERA ELECTRICA', 'CMC10', 'ELECTROLUX', '31500112', 'ZF-CAFET000006', 'ANDREINA DIAZ-CASA PETROCASA 4', '31-10-2017', 0, 0, 0, 1340, '00076590', 0),
(3060, 15, 38, 'CAFETERA ELECTRICA', 'VERSA BREW', 'BLACKDECKER', 'Sin Serial', 'ZF-CAFET000007', 'ANDREINA DIAZ-CASA PETROCASA 17', '31-10-2017', 0, 0, 0, 0, '', 0),
(3061, 15, 38, 'NEVERA', 'NFRC345', 'FRIGILUX', '071210-01126', 'ZF-NEVER000007', 'ANDREINA DIAZ-CASA PETROCASA 18', '31-10-2017', 0, 0, 0, 0, '', 0),
(3062, 15, 38, 'AIRE ACONDICIONADO TIPO SPLIT', 'Sin Modelo', 'SANYO', 'Sin Serial', 'ZF-AIRE_000024', 'ANDREINA DIAZ-CASA PETROCASA 2', '31-10-2017', 0, 0, 0, 0, '', 0),
(3063, 15, 38, 'AIRE ACONDICIONADO TIPO SPLIT', 'ES-18085PR', 'SANKEY', 'Sin Serial', 'ZF-AIRE_000025', 'ANDREINA DIAZ-CASA PETROCASA 3', '31-10-2017', 0, 0, 0, 0, '', 0),
(3064, 15, 38, 'AIRE ACONDICIONADO TIPO SPLIT', 'KF32GW', 'GENERAL PLUS', 'Sin Serial', 'ZF-AIRE_000026', 'ANDREINA DIAZ-CASA PETROCASA 4', '31-10-2017', 0, 0, 0, 0, '', 0),
(3065, 15, 38, 'AIRE ACONDICIONADO TIPO SPLIT', 'Sin Modelo', 'HAIER', 'Sin Serial', 'ZF-AIRE_000027', 'ANDREINA DIAZ-CASA PETROCASA 5', '31-10-2017', 0, 0, 0, 0, '', 0),
(3066, 15, 38, 'ESCAPARATE EN MADERA', 'Sin Modelo', 'Sin Marca', 'Sin Serial', 'ZF-ESCAP000001', 'ANDREINA DIAZ-CASA PETROCASA 6', '31-10-2017', 0, 0, 0, 0, '', 0),
(3067, 15, 38, 'TELEVISOR ', 'Sin Modelo', 'PANASONIC', 'TC21RX30LC', 'ZF-TELEV000008', 'ANDREINA DIAZ-CASA PETROCASA 7', '31-10-2017', 0, 0, 0, 0, '', 0),
(3068, 15, 38, 'MESITA ESQUINERA EN MADERA', 'Sin Modelo', 'Sin Marca', 'Sin Serial', 'ZF-MESIT000003', 'ANDREINA DIAZ-CASA PETROCASA 8', '31-10-2017', 0, 0, 0, 0, '', 0),
(3069, 15, 38, 'MICROONDA', 'SM-0748T', 'LG', '0043ASQ00654', 'ZF-MICRO000011', 'ANDREINA DIAZ-CASA PETROCASA 9', '31-10-2017', 0, 0, 0, 0, '', 0),
(3070, 15, 38, 'MESITA EN MADERA', 'Sin Modelo', 'Sin Marca', 'Sin Serial', 'ZF-MESIT000004', 'ANDREINA DIAZ-CASA PETROCASA 10', '31-10-2017', 0, 0, 0, 0, '', 0),
(3071, 15, 38, 'JUEGO DE COMEDOR EN MADERA RUSTICA CON 6 SILLAS DEL MISMO MATERIAL', 'Sin Modelo', 'Sin Marca', 'Sin Serial', 'ZF-JUEGO000008', 'ANDREINA DIAZ-CASA PETROCASA 11', '31-10-2017', 0, 0, 0, 0, '', 0),
(3072, 15, 38, 'BIBLIOTECARIO EN MADERA', 'Sin Modelo', 'Sin Marca', 'Sin Serial', 'ZF-BIBLI000002', 'ANDREINA DIAZ-CASA PETROCASA 12', '31-10-2017', 0, 0, 0, 0, '', 0),
(3073, 15, 38, 'TELEVISOR SUPER DIGITAL', '2920SF', 'GPLUS', 'Sin Serial', 'ZF-TELEV000009', 'ANDREINA DIAZ-CASA PETROCASA 13', '31-10-2017', 0, 0, 0, 0, '', 0),
(3074, 15, 38, 'MESITA PEQUEÑA', 'Sin Modelo', 'Sin Marca', 'Sin Serial', 'ZF-MESIT000005', 'ANDREINA DIAZ-CASA PETROCASA 14', '31-10-2017', 0, 0, 0, 0, '', 0),
(3075, 15, 38, 'ESCAPARATE EN MADERA', 'Sin Modelo', 'Sin Marca', 'Sin Serial', 'ZF-ESCAP000002', 'ANDREINA DIAZ-CASA PETROCASA 15', '31-10-2017', 0, 0, 0, 0, '', 0),
(3076, 15, 38, 'BOX', 'Sin Modelo', 'Sin Marca', 'Sin Serial', 'ZF-BOX000003', 'ANDREINA DIAZ-CASA PETROCASA 16', '31-10-2017', 0, 0, 0, 0, '', 0),
(3077, 15, 38, 'BOX', 'Sin Modelo', 'Sin Marca', 'Sin Serial', 'ZF-BOX000004', 'ANDREINA DIAZ-CASA PETROCASA 17', '31-10-2017', 0, 0, 0, 0, '', 0),
(3078, 15, 38, 'COLCHON', 'Sin Modelo', 'Sin Marca', 'Sin Serial', 'ZF-COLCH000011', 'ANDREINA DIAZ-CASA PETROCASA 18', '31-10-2017', 0, 0, 0, 0, '', 0),
(3079, 15, 38, 'COLCHON', 'Sin Modelo', 'Sin Marca', 'Sin Serial', 'ZF-COLCH000012', 'ANDREINA DIAZ-CASA PETROCASA 19', '31-10-2017', 0, 0, 0, 0, '', 0),
(3080, 15, 38, 'MESITA ESQUINERA EN MADERA', 'Sin Modelo', 'Sin Marca', 'Sin Serial', 'ZF-MESIT000006', 'ANDREINA DIAZ-CASA PETROCASA 20', '31-10-2017', 0, 0, 0, 0, '', 0),
(3081, 15, 38, 'NEVERA', 'NFRC345', 'FRIGILUX', '071207-01021', 'ZF-NEVER000008', 'ANDREINA DIAZ-CASA PETROCASA 21', '31-10-2017', 0, 0, 0, 0, '', 0),
(3082, 15, 38, 'CAFETERA ELECTRICA', 'Sin Modelo', 'BLACKDECKER', 'Sin Serial', 'ZF-CAFET000008', 'ANDREINA DIAZ-CASA PETROCASA 22', '31-10-2017', 0, 0, 0, 0, '', 0),
(3083, 15, 38, 'JUEGO DE MESON CON GABINETES', 'Sin Modelo', 'Sin Marca', 'Sin Serial', 'ZF-JUEGO000009', 'ANDREINA DIAZ-CASA PETROCASA 23', '31-10-2017', 0, 0, 0, 0, '', 0),
(3084, 15, 38, 'CAMPANA', 'Sin Modelo', 'Sin Marca', 'Sin Serial', 'ZF-CAMPA000001', 'ANDREINA DIAZ-CASA PETROCASA 24', '31-10-2017', 0, 0, 0, 0, '', 0),
(3085, 15, 38, 'COCINA TOPE DE 4 HORNILLAS SIN MARCA', 'Sin Modelo', 'Sin Marca', 'Sin Serial', 'ZF-COCIN000001', 'ANDREINA DIAZ-CASA PETROCASA 25', '31-10-2017', 0, 0, 0, 0, '', 0),
(3086, 15, 38, 'LAVAPLATOS', 'Sin Modelo', 'Sin Marca', 'Sin Serial', 'ZF-LAVAP000003', 'ANDREINA DIAZ-CASA PETROCASA 26', '31-10-2017', 0, 0, 0, 0, '', 0),
(3087, 15, 38, 'SILLA EN ALUMINIO', 'Sin Modelo', 'Sin Marca', 'Sin Serial', 'ZF-SILLA000096', 'ANDREINA DIAZ-CASA PETROCASA 27', '31-10-2017', 0, 0, 0, 0, '', 0),
(3088, 15, 38, 'SILLA EN ALUMINIO', 'Sin Modelo', 'Sin Marca', 'Sin Serial', 'ZF-SILLA000097', 'ANDREINA DIAZ-CASA PETROCASA 28', '31-10-2017', 0, 0, 0, 0, '', 0),
(3089, 15, 38, 'SILLA EN ALUMINIO', 'Sin Modelo', 'Sin Marca', 'Sin Serial', 'ZF-SILLA000098', 'ANDREINA DIAZ-CASA PETROCASA 29', '31-10-2017', 0, 0, 0, 0, '', 0),
(3090, 15, 38, 'SILLA EN ALUMINIO', 'Sin Modelo', 'Sin Marca', 'Sin Serial', 'ZF-SILLA000099', 'ANDREINA DIAZ-CASA PETROCASA 30', '31-10-2017', 0, 0, 0, 0, '', 0),
(3091, 15, 38, 'ARCHIVO NEGRO CONTENTIVO DE 4 GAVETAS', 'Sin Modelo', 'Sin Marca', 'Sin Serial', 'ZF-ARCHI000009', 'ANDREINA DIAZ-OFICINA DE INFRAESTRUCTURA', '31-10-2017', 0, 0, 0, 0, '', 0),
(3092, 15, 38, 'PIZARRA ACRILICA', 'Sin Modelo', 'Sin Marca', 'Sin Serial', 'ZF-PIZAR000005', 'ANDREINA DIAZ-OFICINA DE INFRAESTRUCTURA', '31-10-2017', 0, 0, 0, 0, '', 0),
(3093, 15, 38, 'MUEBLE TIPO ARCHIVO CONTENTIVO DE 5 GAVETAS', 'Sin Modelo', 'Sin Marca', 'Sin Serial', 'ZF-MUEBL000010', 'ANDREINA DIAZ-OFICINA DE INFRAESTRUCTURA', '31-10-2017', 0, 0, 0, 0, '', 0),
(3094, 15, 38, 'SILLA GIRATORIA EN TELA CON BRAZO 4 RUEDAS', 'Sin Modelo', 'Sin Marca', 'Sin Serial', 'ZF-SILLA000100', 'ANDREINA DIAZ-OFICINA DE INFRAESTRUCTURA', '31-10-2017', 0, 0, 0, 0, '', 0),
(3095, 15, 38, 'SILLA DE ESCRITORIO SENCILLA', 'Sin Modelo', 'Sin Marca', 'Sin Serial', 'ZF-SILLA000101', 'ANDREINA DIAZ-OFICINA DE INFRAESTRUCTURA', '31-10-2017', 0, 0, 0, 0, '', 0),
(3096, 15, 38, 'MONITOR VIT', 'A3300', 'Sin Marca', 'A010501040403001', 'ZF-MONIT000039', 'ANDREINA DIAZ-OFICINA DE INFRAESTRUCTURA', '31-10-2017', 0, 0, 0, 0, '', 0),
(3097, 15, 38, 'Teclado VIT ', 'DOCK-K7181W', 'Sin Marca', 'MSD809K12378A', 'ZF-TECLA000035', 'ANDREINA DIAZ-OFICINA DE INFRAESTRUCTURA', '31-10-2017', 0, 0, 0, 0, '', 0),
(3098, 15, 38, 'SACAPUNTA ELECTRONICO', 'Sin Modelo', 'Sin Marca', 'Sin Serial', 'ZF-SACAP000005', 'ANDREINA DIAZ-OFICINA DE INFRAESTRUCTURA', '31-10-2017', 0, 0, 0, 0, '', 0),
(3099, 15, 38, 'TELEFONO', 'ESPACE 6805', 'HUAWEI', '21021603465Q4B5000009AY2', 'ZF-TELEF000027', 'ANDREINA DIAZ-OFICINA DE INFRAESTRUCTURA', '31-10-2017', 0, 0, 0, 0, '', 0),
(3100, 15, 38, 'ESCRITORIO TIPO L EN MADERA CONTENTIVA DE 3 GAVETAS', 'Sin Modelo', 'Sin Marca', 'Sin Serial', 'ZF-ESCRI000032', 'ANDREINA DIAZ-OFICINA DE INFRAESTRUCTURA', '31-10-2017', 0, 0, 0, 0, '', 0),
(3101, 15, 38, 'MESA DE PLANOS', 'Sin Modelo', 'Sin Marca', 'Sin Serial', 'ZF-MESA_000019', 'ANDREINA DIAZ-OFICINA DE INFRAESTRUCTURA', '31-10-2017', 0, 0, 0, 0, '', 0),
(3102, 15, 38, 'IMPRESORA', 'LASER JET', 'HP', 'VNB4I76710', 'ZF-IMPRE000016', 'ANDREINA DIAZ-OFICINA DE INFRAESTRUCTURA', '31-10-2017', 0, 0, 0, 0, '', 0),
(3103, 15, 38, 'ARCHIVO RECTANGULAR ', 'Sin Modelo', 'Sin Marca', 'Sin Serial', 'ZF-ARCHI000010', 'ANDREINA DIAZ-OFICINA DE INFRAESTRUCTURA', '31-10-2017', 0, 0, 0, 0, '', 0),
(3104, 15, 38, 'ESCAPARATE METALICO (ARCHIVO)', 'Sin Modelo', 'Sin Marca', 'Sin Serial', 'ZF-ESCAP000003', 'ANDREINA DIAZ-OFICINA DE INFRAESTRUCTURA', '31-10-2017', 0, 0, 0, 0, '', 0),
(3105, 15, 38, 'ARCHIVO', 'Sin Modelo', 'Sin Marca', 'Sin Serial', 'ZF-ARCHI000011', 'ANDREINA DIAZ-OFICINA DE INFRAESTRUCTURA', '31-10-2017', 0, 0, 0, 0, '', 0),
(3106, 15, 38, 'TELEFONO  ', 'ESPACE 6805', '2017-10-31 00:00:00', '4CIFCCAE73D8', 'ZF-TELEF000028', 'ANDREINA/ORIANA ORTEGA-OFICINA DE INFRAESTRUCTURA', '31-10-2017', 0, 0, 0, 0, '', 0),
(3107, 15, 38, 'CORNETA VIT ', 'MICROMAC', 'VIT', 'KE05030681/MM220GN06', 'ZF-CORNE000021', 'ANDREINA/ORIANA ORTEGA-OFICINA DE INFRAESTRUCTURA', '31-10-2017', 0, 0, 0, 0, '', 0),
(3108, 15, 38, 'TECLADO VIT ', 'KB-2971', 'VIT', 'SIN SERIAL', 'ZF-TECLA000036', 'ANDREINA/ORIANA ORTEGA-OFICINA DE INFRAESTRUCTURA', '31-10-2017', 0, 0, 0, 0, '', 0),
(3109, 15, 38, 'MONITOR VIT ', 'TFT9W80PS', 'VIT', 'KBB515Q47036A', 'ZF-MONIT000040', 'ANDREINA/ORIANA ORTEGA-OFICINA DE INFRAESTRUCTURA', '31-10-2017', 0, 0, 0, 0, '', 0),
(3110, 15, 38, 'REGULADOR KLTB ', 'URIVR100KT01', 'VIT', 'Sin Serial', 'ZF-REGUL000008', 'ANDREINA/ORIANA ORTEGA-OFICINA DE INFRAESTRUCTURA', '31-10-2017', 0, 0, 0, 0, '', 0),
(3111, 15, 38, 'CPU VIT', 'VIT-2710-01', 'VIT', 'A000161128', 'ZF-CPU_V000007', 'ANDREINA/ORIANA ORTEGA-OFICINA DE INFRAESTRUCTURA', '31-10-2017', 0, 0, 0, 0, '', 0),
(3112, 15, 38, 'SILLA NEGRA GIRATORIA', 'Sin Modelo', 'Sin Marca', 'Sin Serial', 'ZF-SILLA000102', 'ANDREINA/ORIANA ORTEGA-OFICINA DE INFRAESTRUCTURA', '31-10-2017', 0, 0, 0, 0, '', 0),
(3113, 15, 38, 'SILLA NEGRA GIRATORIA', 'Sin Modelo', 'Sin Marca', 'Sin Serial', 'ZF-SILLA000103', 'ANDREINA/ORIANA ORTEGA-OFICINA DE INFRAESTRUCTURA', '31-10-2017', 0, 0, 0, 0, '', 0),
(3114, 15, 38, 'MESA CUADRADA EN MADERA DE 4 PUESTOS ', 'Sin Modelo', 'Sin Marca', 'Sin Serial', 'ZF-MESA_000020', 'ANDREINA DIAZ-AREA DE DESCANSO ', '31-10-2017', 0, 0, 0, 0, '', 0),
(3115, 15, 38, 'SILLA EN MADERA', 'Sin Modelo', 'Sin Marca', 'Sin Serial', 'ZF-SILLA000104', 'ANDREINA DIAZ-AREA DE DESCANSO ', '31-10-2017', 0, 0, 0, 0, '', 0),
(3116, 15, 38, 'SILLA EN MADERA', 'Sin Modelo', 'Sin Marca', 'Sin Serial', 'ZF-SILLA000105', 'ANDREINA DIAZ-AREA DE DESCANSO ', '31-10-2017', 0, 0, 0, 0, '', 0),
(3117, 15, 38, 'SILLA EN MADERA', 'Sin Modelo', 'Sin Marca', 'Sin Serial', 'ZF-SILLA000106', 'ANDREINA DIAZ-AREA DE DESCANSO ', '31-10-2017', 0, 0, 0, 0, '', 0),
(3118, 15, 38, 'SILLA EN MADERA', 'Sin Modelo', 'Sin Marca', 'Sin Serial', 'ZF-SILLA000107', 'ANDREINA DIAZ-AREA DE DESCANSO ', '31-10-2017', 0, 0, 0, 0, '', 0),
(3119, 15, 38, 'MESA CUADRADA EN MADERA DE 4 PUESTOS ', 'Sin Modelo', 'Sin Marca', 'Sin Serial', 'ZF-MESA_000021', 'ANDREINA DIAZ-AREA DE DESCANSO ', '31-10-2017', 0, 0, 0, 0, '', 0),
(3120, 15, 38, 'SILLA EN MADERA', 'Sin Modelo', 'Sin Marca', 'Sin Serial', 'ZF-SILLA000108', 'ANDREINA DIAZ-AREA DE DESCANSO ', '31-10-2017', 0, 0, 0, 0, '', 0),
(3121, 15, 38, 'SILLA EN MADERA', 'Sin Modelo', 'Sin Marca', 'Sin Serial', 'ZF-SILLA000109', 'ANDREINA DIAZ-AREA DE DESCANSO ', '31-10-2017', 0, 0, 0, 0, '', 0),
(3122, 15, 38, 'SILLA EN MADERA', 'Sin Modelo', 'Sin Marca', 'Sin Serial', 'ZF-SILLA000110', 'ANDREINA DIAZ-AREA DE DESCANSO ', '31-10-2017', 0, 0, 0, 0, '', 0),
(3123, 15, 38, 'SILLA EN MADERA', 'Sin Modelo', 'Sin Marca', 'Sin Serial', 'ZF-SILLA000111', 'ANDREINA DIAZ-AREA DE DESCANSO ', '31-10-2017', 0, 0, 0, 0, '', 0),
(3124, 15, 38, 'MESA RECTANGULAR EN MADERA DE 10 PUESTOS CON SUS RESPECTIVAS SILLAS EN MADERA', 'Sin Modelo', 'Sin Marca', 'Sin Serial', 'ZF-MESA_000022', 'ANDREINA DIAZ-AREA DE DESCANSO ', '31-10-2017', 0, 0, 0, 0, '', 0);
INSERT INTO `bienes` (`id`, `gerencia_id`, `unidad_id`, `descripcion`, `modelo`, `marca`, `serial`, `codigo_general`, `observacion`, `fecha`, `vida_util`, `eliminado`, `etiqueta`, `monto`, `factura`, `nota_entrega`) VALUES
(3125, 15, 38, 'MICROONDA', 'P90D23EPF6', 'GPLUS', '120200498', 'ZF-MICRO000012', 'ANDREINA DIAZ-AREA DE DESCANSO ', '31-10-2017', 0, 0, 0, 0, '', 0),
(3126, 15, 38, 'MICROONDA', 'P90D23EPF6', 'GPLUS', '120200498', 'ZF-MICRO000013', 'ANDREINA DIAZ-AREA DE DESCANSO ', '31-10-2017', 0, 0, 0, 0, '', 0),
(3127, 15, 38, 'AIRE ACONDICIONADO TIPO SPLIT', 'BORRADOS', 'SAMSUNG', 'BORRADOS', 'ZF-AIRE_000028', 'ANDREINA DIAZ-AREA DE DESCANSO ', '31-10-2017', 0, 0, 0, 0, '', 0),
(3128, 15, 38, 'FILTRO ELECTRICO DE AGUA', 'WD305ST', 'SANKEY', 'BORRADOS', 'ZF-FILTR000004', 'ANDREINA DIAZ-AREA DE DESCANSO ', '31-10-2017', 0, 0, 0, 0, '', 0),
(3129, 15, 38, 'MESA EN MADERA DE 2 NIVELES', 'Sin Modelo', 'Sin Marca', 'Sin Serial', 'ZF-MESA_000023', 'ANDREINA DIAZ-AREA DE DESCANSO ', '31-10-2017', 0, 0, 0, 0, '', 0),
(3130, 15, 38, 'JUEGO DE MUEBLES CONTENTIVA 1 DE UN PUESTO Y DOS INDIVIDUALES CON SU RESPECTIVA MESA', 'Sin Modelo', 'Sin Marca', 'Sin Serial', 'ZF-JUEGO000010', 'ANDREINA DIAZ-AREA DE DESCANSO ', '31-10-2017', 0, 0, 0, 16800, '00001306', 0),
(3131, 15, 38, 'NEVERA EJECUTIVA PEQUEÑA', 'MCBR 130W', 'MAGIC CHEF', 'IE13851606', 'ZF-NEVER000009', 'ANDREINA DIAZ-AREA DE DESCANSO ', '31-10-2017', 0, 0, 0, 0, '', 0),
(3132, 15, 38, 'TELEVISOR PANTALLA PLANA', 'Sin Modelo', 'SANKEY', 'Sin Serial', 'ZF-TELEV000010', 'ANDREINA DIAZ-AREA DE DESCANSO ', '31-10-2017', 0, 0, 0, 0, '', 0),
(3133, 15, 38, 'MUEBLE DE TELA DE DOS PUESTO ', 'Sin Modelo', 'Sin Marca', 'Sin Serial', 'ZF-MUEBL000011', 'ANDREINA DIAZ-AREA DE DESCANSO ', '31-10-2017', 0, 0, 0, 0, '', 0),
(3134, 15, 38, 'AIRE ACONDICIONADO TIPO SPLIT', 'AS1835', 'PACKER', '453028210358', 'ZF-AIRE_000029', 'ANDREINA DIAZ-AREA DE DESCANSO ', '31-10-2017', 0, 0, 0, 0, '', 0),
(3135, 15, 38, 'LOCKER DE 4 COMPARTIMIENTO CADA UNO', 'Sin Modelo', 'Sin Marca', 'Sin Serial', 'ZF-LOCKE000005', 'ANDREINA DIAZ-AREA DE DESCANSO ', '31-10-2017', 0, 0, 0, 3209.82, '00004717', 0),
(3136, 15, 38, 'LOCKER DE 4 COMPARTIMIENTO CADA UNO', 'Sin Modelo', 'Sin Marca', 'Sin Serial', 'ZF-LOCKE000006', 'ANDREINA DIAZ-AREA DE DESCANSO ', '31-10-2017', 0, 0, 0, 3209.82, '00004717', 0),
(3137, 15, 38, 'LOCKER DE 4 COMPARTIMIENTO CADA UNO', 'Sin Modelo', 'Sin Marca', 'Sin Serial', 'ZF-LOCKE000007', 'ANDREINA DIAZ-AREA DE DESCANSO ', '31-10-2017', 0, 0, 0, 3209.82, '00004717', 0),
(3138, 15, 38, 'LOCKER DE 4 COMPARTIMIENTO CADA UNO', 'Sin Modelo', 'Sin Marca', 'Sin Serial', 'ZF-LOCKE000008', 'ANDREINA DIAZ-AREA DE DESCANSO ', '31-10-2017', 0, 0, 0, 3209.82, '00004717', 0),
(3139, 15, 38, 'MESA RECTANGULAR EN MADERA DE 10 PUESTOS', 'Sin Modelo', 'Sin Marca', 'Sin Serial', 'ZF-MESA_000024', 'ANDREINA DIAZ-COCINA ', '31-10-2017', 0, 0, 0, 0, '', 0),
(3140, 15, 38, 'SILLA DE MADERA PERTENECIENTE A JUEGO DE COMEDOR', 'Sin Modelo', 'Sin Marca', 'Sin Serial', 'ZF-SILLA000112', 'ANDREINA DIAZ-COCINA ', '31-10-2017', 0, 0, 0, 0, '', 0),
(3141, 15, 38, 'SILLA DE MADERA PERTENECIENTE A JUEGO DE COMEDOR', 'Sin Modelo', 'Sin Marca', 'Sin Serial', 'ZF-SILLA000113', 'ANDREINA DIAZ-COCINA ', '31-10-2017', 0, 0, 0, 0, '', 0),
(3142, 15, 38, 'SILLA DE MADERA PERTENECIENTE A JUEGO DE COMEDOR', 'Sin Modelo', 'Sin Marca', 'Sin Serial', 'ZF-SILLA000114', 'ANDREINA DIAZ-COCINA ', '31-10-2017', 0, 0, 0, 0, '', 0),
(3143, 15, 38, 'SILLA DE MADERA PERTENECIENTE A JUEGO DE COMEDOR', 'Sin Modelo', 'Sin Marca', 'Sin Serial', 'ZF-SILLA000115', 'ANDREINA DIAZ-COCINA ', '31-10-2017', 0, 0, 0, 0, '', 0),
(3144, 15, 38, 'SILLA DE MADERA PERTENECIENTE A JUEGO DE COMEDOR', 'Sin Modelo', 'Sin Marca', 'Sin Serial', 'ZF-SILLA000116', 'ANDREINA DIAZ-COCINA ', '31-10-2017', 0, 0, 0, 0, '', 0),
(3145, 15, 38, 'SILLA DE MADERA PERTENECIENTE A JUEGO DE COMEDOR', 'Sin Modelo', 'Sin Marca', 'Sin Serial', 'ZF-SILLA000117', 'ANDREINA DIAZ-COCINA ', '31-10-2017', 0, 0, 0, 0, '', 0),
(3146, 15, 38, 'SILLA DE MADERA PERTENECIENTE A JUEGO DE COMEDOR', 'Sin Modelo', 'Sin Marca', 'Sin Serial', 'ZF-SILLA000118', 'ANDREINA DIAZ-COCINA ', '31-10-2017', 0, 0, 0, 0, '', 0),
(3147, 15, 38, 'SILLA DE MADERA PERTENECIENTE A JUEGO DE COMEDOR', 'Sin Modelo', 'Sin Marca', 'Sin Serial', 'ZF-SILLA000119', 'ANDREINA DIAZ-COCINA ', '31-10-2017', 0, 0, 0, 0, '', 0),
(3148, 15, 38, 'SILLA DE MADERA PERTENECIENTE A JUEGO DE COMEDOR', 'Sin Modelo', 'Sin Marca', 'Sin Serial', 'ZF-SILLA000120', 'ANDREINA DIAZ-COCINA ', '31-10-2017', 0, 0, 0, 0, '', 0),
(3149, 15, 38, 'SILLA DE MADERA PERTENECIENTE A JUEGO DE COMEDOR', 'Sin Modelo', 'Sin Marca', 'Sin Serial', 'ZF-SILLA000121', 'ANDREINA DIAZ-COCINA ', '31-10-2017', 0, 0, 0, 0, '', 0),
(3150, 15, 38, 'NEVERA', 'SMART FRESH', 'GENERAL ELECTRIC', 'Sin Serial', 'ZF-NEVER000010', 'ANDREINA DIAZ-COCINA ', '31-10-2017', 0, 0, 0, 0, '', 0),
(3151, 15, 38, 'DISPENSADOR DE AGUA', 'GP-03DA10', 'GENERAL PLUS', '12117721', 'ZF-DISPE000004', 'ANDREINA DIAZ-COCINA ', '31-10-2017', 0, 0, 0, 0, '', 0),
(3152, 15, 38, 'CAFETERA DE 12 TAZAS', 'Sin Modelo', 'DAEWOO', 'Sin Serial', 'ZF-CAFET000009', 'ANDREINA DIAZ-COCINA ', '31-10-2017', 0, 0, 0, 0, '', 0),
(3153, 15, 38, 'TELEFONO', 'KX-TS500LX', 'PANASONIC', 'ØABMC388334', 'ZF-TELEF000029', 'ANDREINA DIAZ-COCINA ', '31-10-2017', 0, 0, 0, 0, '', 0),
(3154, 15, 38, 'TOPE DE MARMOL CON MESA GAVETERA CONTENTIVA DE DOS GAVETAS', 'Sin Modelo', 'Sin Marca', 'Sin Serial', 'ZF-TOPE_000001', 'ANDREINA DIAZ-COCINA ', '31-10-2017', 0, 0, 0, 0, '', 0),
(3155, 15, 38, 'AIRE ACONDICIONADO TIPO SPLIT', 'Sin Modelo', 'LG', 'Sin Serial', 'ZF-AIRE_000030', 'ANDREINA DIAZ-COCINA ', '31-10-2017', 0, 0, 0, 0, '', 0),
(3156, 15, 38, 'MICROONDA', 'KOR8A8RM', 'DAEWOO', 'TM11XE20940400', 'ZF-MICRO000014', 'ANDREINA DIAZ-COCINA ', '31-10-2017', 0, 0, 0, 2150, '00069171', 0),
(3157, 17, 43, 'TELÉFONO', 'ESPACE 6805', 'HAWEI', '21021603465Q4B000026', 'ZF-TELÉ000030', 'ANDRYS MANAURE', '31-10-2017', 0, 0, 0, 0, '', 0),
(3158, 17, 43, 'MONITOR', 'A3300', 'VIT', 'NP: A010401040402204    NC: UP2654031156A', 'ZF-MONIT000041', 'ANDRYS MANAURE', '31-10-2017', 0, 0, 0, 0, '', 0),
(3159, 17, 43, 'TECLADO', 'Sin Modelo', 'Sin Marca', 'Sin Serial', 'ZF-TECLA000037', 'ANDRYS MANAURE', '31-10-2017', 0, 0, 0, 0, '', 0),
(3160, 17, 43, 'MOUSE', 'Sin Modelo', 'Sin Marca', 'Sin Serial', 'ZF-MOUSE000029', 'ANDRYS MANAURE', '31-10-2017', 0, 0, 0, 0, '', 0),
(3161, 17, 43, 'UPS', 'NT-761', 'FORZA', '5114201171', 'ZF-UPS000005', 'ANDRYS MANAURE', '31-10-2017', 0, 0, 0, 0, '', 0),
(3162, 17, 43, 'CARGADOR', 'MFGDATAVIT', 'VIT', 'MNP1A040303030201003', 'ZF-CARGA000006', 'ANDRYS MANAURE', '31-10-2017', 0, 0, 0, 0, '', 0),
(3163, 17, 43, 'ESCRITORIO EN "L" CON 3 GAVETAS EN CADA EXTREMO', 'Sin Modelo', 'Sin Marca', 'Sin Serial', 'ZF-ESCRI000033', 'ANDRYS MANAURE', '31-10-2017', 0, 0, 0, 0, '', 0),
(3164, 17, 43, 'SILLA SECRETARIAL, CON BRAZO, GIRATORIA', 'Sin Modelo', 'Sin Marca', 'Sin Serial', 'ZF-SILLA000122', 'ANDRYS MANAURE', '31-10-2017', 0, 0, 0, 0, '', 0),
(3165, 17, 43, 'IMPRESORA', 'LASERJET P1102W', 'HP', 'VNB4F75553', 'ZF-IMPRE000017', 'FRANNY COLINA', '31-10-2017', 0, 0, 0, 0, '', 0),
(3166, 17, 43, 'LAPTO', 'P3300', 'VIT', 'A001114726', 'ZF-LAPTO000009', 'FRANNY COLINA', '31-10-2017', 0, 0, 0, 0, '', 0),
(3167, 17, 43, 'MOUSE', 'MNVC066', 'VIT', 'MS7805C16113A', 'ZF-MOUSE000030', 'FRANNY COLINA', '31-10-2017', 0, 0, 0, 0, '', 0),
(3168, 17, 43, 'TELEFONO', 'ESPACE 6805', 'HUAWEI', '21021603465Q4B00011', 'ZF-TELEF000030', 'FRANNY COLINA', '31-10-2017', 0, 0, 0, 0, '', 0),
(3169, 17, 43, 'ESCRITORIO TIPO L CONTENTIVO DE 3 GAVETAS', 'Sin Modelo', 'Sin Marca', 'Sin Serial', 'ZF-ESCRI000034', 'FRANNY COLINA', '31-10-2017', 0, 0, 0, 0, '', 0),
(3170, 17, 43, 'ARCHIVADOR DE 2 GAVETAS', 'Sin Modelo', 'Sin Marca', 'Sin Serial', 'ZF-ARCHI000012', 'FRANNY COLINA', '31-10-2017', 0, 0, 0, 0, '', 0),
(3171, 17, 43, 'ARCHIVADOR DE 4 GAVETAS', 'Sin Modelo', 'Sin Marca', 'Sin Serial', 'ZF-ARCHI000013', 'FRANNY COLINA', '31-10-2017', 0, 0, 0, 0, '', 0),
(3172, 17, 43, 'SILLAS DE OFICINA (VISITANTES)  ', 'Sin Modelo', 'Sin Marca', 'Sin Serial', 'ZF-SILLA000123', 'FRANNY COLINA', '31-10-2017', 0, 0, 0, 0, '', 0),
(3173, 17, 43, 'SILLA SECRETARIAL SIN RUEDAS CON BRAZO', 'Sin Modelo', 'Sin Marca', 'Sin Serial', 'ZF-SILLA000124', 'FRANNY COLINA', '31-10-2017', 0, 0, 0, 0, '', 0),
(3174, 17, 43, 'SILLA SECRETARIAL SIN RUEDAS CON BRAZO', 'Sin Modelo', 'Sin Marca', 'Sin Serial', 'ZF-SILLA000125', 'FRANNY COLINA', '31-10-2017', 0, 0, 0, 0, '', 0),
(3175, 17, 43, 'UPS', 'NF501', 'FORZA', '1213033133656', 'ZF-UPS000006', 'FRANNY COLINA', '31-10-2017', 0, 0, 0, 6750, '00015807', 0),
(3176, 17, 43, 'REGULADOR', 'ERAVR1000', 'ENERGEIZER', '40186650411', 'ZF-REGUL000009', 'FRANNY COLINA', '31-10-2017', 0, 0, 0, 0, '', 0),
(3177, 17, 43, 'SWITCH NEXXT', 'Sin Modelo', 'Sin Marca', 'AKY2405001039', 'ZF-SWITC000007', 'FRANNY COLINA', '31-10-2017', 0, 1, 0, 0, '', 0),
(3178, 17, 43, 'MONITOR', 'VIT7006S', 'VIT', '97D2582-00998', 'ZF-MONIT000042', 'EVELIANNY SANCHEZ', '31-10-2017', 0, 0, 0, 0, '', 0),
(3179, 17, 43, 'CPU', 'VIT3402', 'VIT', '1000835568', 'ZF-CPU000008', 'EVELIANNY SANCHEZ', '31-10-2017', 0, 0, 0, 0, '', 0),
(3180, 17, 43, 'TECLADO', 'KB-2971', 'VIT', 'KB7906Q45979A', 'ZF-TECLA000038', 'EVELIANNY SANCHEZ', '31-10-2017', 0, 0, 0, 0, '', 0),
(3181, 17, 43, 'SILLA SECRETARIAL SIN RUEDAS CON BRAZO', 'Sin Modelo', 'Sin Marca', 'Sin Serial', 'ZF-SILLA000126', 'EVELIANNY SANCHEZ', '31-10-2017', 0, 0, 0, 0, '', 0),
(3182, 7, 41, 'SWITCH NEXXT', 'Sin Modelo', 'NEXXT', 'AKY2405001039', 'ZF-SWITC000008', '', '31-10-2017', 0, 1, 0, 0, '', 0),
(3183, 7, 41, 'SWITCH NEXXT', 'Sin Modelo', 'NEXXT', 'AKY2405001039', 'ZF-SWITC000009', '', '31-10-2017', 0, 0, 0, 0, '', 0),
(3184, 13, 29, 'COCINA CONTENTIVA DE 6 HORNILLAS , 1 SALAMANDRA, 2 HORNOS DE COMPARTIMIENTO INDIVIDUAL', 'Sin Modelo', 'SAN RAFAEL', 'Sin Serial', 'ZF-COCIN000002', 'YOIMA GOITIA-COMEDOR INDUSTRAL', '31-10-2017', 0, 0, 0, 0, '', 0),
(3185, 13, 29, 'COCINA CONTENTIVA DE 8 HORNILLAS, 2 HORNOS DE COMPARTIMIENTO INDIVIDUAL', 'Sin Modelo', 'VULCAN', 'Sin Serial', 'ZF-COCIN000003', 'YOIMA GOITIA-COMEDOR INDUSTRAL', '31-10-2017', 0, 0, 0, 0, '', 0),
(3186, 13, 29, 'PLANCHA CON UN COMPARTIMIENTO PARA HORNO', 'Sin Modelo', 'VULCAN', 'Sin Serial', 'ZF-PLANC000003', 'YOIMA GOITIA-COMEDOR INDUSTRAL', '31-10-2017', 0, 0, 0, 0, '', 0),
(3187, 13, 29, 'HORNO PARA PIZZA DE 2 HORNILLAS DE 3 COMPARTIMIENTO', 'Sin Modelo', 'Sin Marca', 'Sin Serial', 'ZF-HORNO000001', 'YOIMA GOITIA-COMEDOR INDUSTRAL', '31-10-2017', 0, 0, 0, 0, '', 0),
(3188, 13, 29, 'COCINA CONTENTIVA DE 6 HORNILLAS, 1 PLANCHA, 1 SALAMANDRA Y 1 HORNO DE COMPARTIMIENTO GRANDE ', 'Sin Modelo', 'Sin Marca', 'Sin Serial', 'ZF-COCIN000004', 'YOIMA GOITIA-COMEDOR INDUSTRAL', '31-10-2017', 0, 0, 0, 0, '', 0),
(3189, 13, 29, 'MESA DE TRABAJO DE ACERO INOXIDABLE DE 2X1', 'Sin Modelo', 'Sin Marca', 'Sin Serial', 'ZF-MESA_000025', 'YOIMA GOITIA-COMEDOR INDUSTRAL', '31-10-2017', 0, 0, 0, 0, '', 0),
(3190, 13, 29, 'MESA DE DRENAJE DE ACERO INOXIDABLE', 'Sin Modelo', 'Sin Marca', 'Sin Serial', 'ZF-MESA_000026', 'YOIMA GOITIA-COMEDOR INDUSTRAL', '31-10-2017', 0, 0, 0, 0, '', 0),
(3191, 13, 29, 'LAVAPLATO DE 1 TINA EN ACERO INOXIDABLE', 'Sin Modelo', 'Sin Marca', 'Sin Serial', 'ZF-LAVAP000004', 'YOIMA GOITIA-COMEDOR INDUSTRAL', '31-10-2017', 0, 0, 0, 0, '', 0),
(3192, 13, 29, 'MESA DE TRABAJO CON TOPE DE MADERA DE 2X1.20', 'Sin Modelo', 'Sin Marca', 'Sin Serial', 'ZF-MESA_000027', 'YOIMA GOITIA-COMEDOR INDUSTRAL', '31-10-2017', 0, 0, 0, 0, '', 0),
(3193, 13, 29, 'MESA DE TRABAJO CON TOPE DE MADERA DE 2X1.20', 'Sin Modelo', 'Sin Marca', 'Sin Serial', 'ZF-MESA_000028', 'YOIMA GOITIA-COMEDOR INDUSTRAL', '31-10-2017', 0, 0, 0, 0, '', 0),
(3194, 13, 29, 'LAVAPLATO DE 2 TINA EN ACERO INOXIDABLE', 'Sin Modelo', 'Sin Marca', 'Sin Serial', 'ZF-LAVAP000005', 'YOIMA GOITIA-COMEDOR INDUSTRAL', '31-10-2017', 0, 0, 0, 0, '', 0),
(3195, 13, 29, 'MESA DE TRABAJO CON TOPE DE MADERA DE 1.1/2 X 1', 'Sin Modelo', 'Sin Marca', 'Sin Serial', 'ZF-MESA_000029', 'YOIMA GOITIA-COMEDOR INDUSTRAL', '31-10-2017', 0, 0, 0, 0, '', 0),
(3196, 13, 29, 'REBANADORA INDUSTRIAL', 'MOD 300', 'RGV', 'Sin Serial', 'ZF-REBAN000001', 'YOIMA GOITIA-COMEDOR INDUSTRAL', '31-10-2017', 0, 0, 0, 0, '', 0),
(3197, 13, 29, 'REBANADORA INDUSTRIAL', 'Sin Modelo', 'Sin Marca', 'Sin Serial', 'ZF-REBAN000002', 'YOIMA GOITIA-COMEDOR INDUSTRAL', '31-10-2017', 0, 0, 0, 0, '', 0),
(3198, 13, 29, 'BAÑO DE MARIA', 'Sin Modelo', 'Sin Marca', 'Sin Serial', 'ZF-BAÑO000001', 'YOIMA GOITIA-COMEDOR INDUSTRAL', '31-10-2017', 0, 0, 0, 0, '', 0),
(3199, 13, 29, 'MICROONDA', 'Sin Modelo', 'GPLUS', '120201787', 'ZF-MICRO000015', 'YOIMA GOITIA-COMEDOR INDUSTRAL', '31-10-2017', 0, 0, 0, 0, '', 0),
(3200, 13, 29, 'CARRO BANDEJERO CON  RUEDAS PARA BANDEJA DE PANADERIA', 'Sin Modelo', 'Sin Marca', 'Sin Serial', 'ZF-CARRO000001', 'YOIMA GOITIA-COMEDOR INDUSTRAL', '31-10-2017', 0, 0, 0, 0, '', 0),
(3201, 13, 29, 'CARRO BANDEJERO CON  RUEDAS PARA BANDEJA DE PANADERIA', 'Sin Modelo', 'Sin Marca', 'Sin Serial', 'ZF-CARRO000002', 'YOIMA GOITIA-COMEDOR INDUSTRAL', '31-10-2017', 0, 0, 0, 0, '', 0),
(3202, 13, 29, 'CARRO BANDEJERO CON  RUEDAS PARA BANDEJA DE PANADERIA', 'Sin Modelo', 'Sin Marca', 'Sin Serial', 'ZF-CARRO000003', 'YOIMA GOITIA-COMEDOR INDUSTRAL', '31-10-2017', 0, 0, 0, 0, '', 0),
(3203, 13, 29, 'CARRO BANDEJERO CON  RUEDAS PARA BANDEJA DE PANADERIA', 'Sin Modelo', 'Sin Marca', 'Sin Serial', 'ZF-CARRO000004', 'YOIMA GOITIA-COMEDOR INDUSTRAL', '31-10-2017', 0, 0, 0, 0, '', 0),
(3204, 13, 29, 'LICUADORA DE 10 LTS', 'Sin Modelo', 'Sin Marca', 'Sin Serial', 'ZF-LICUA000003', 'YOIMA GOITIA-COMEDOR INDUSTRAL', '31-10-2017', 0, 0, 0, 0, '', 0),
(3205, 13, 29, 'CAMPANA CON UN SOLO EXTRACTOR', 'Sin Modelo', 'Sin Marca', 'Sin Serial', 'ZF-CAMPA000002', 'YOIMA GOITIA-COMEDOR INDUSTRAL', '31-10-2017', 0, 0, 0, 0, '', 0),
(3206, 13, 29, 'CAMPANA CON UN SOLO EXTRACTOR', 'Sin Modelo', 'Sin Marca', 'Sin Serial', 'ZF-CAMPA000003', 'YOIMA GOITIA-COMEDOR INDUSTRAL', '31-10-2017', 0, 0, 0, 0, '', 0),
(3207, 13, 29, 'REVERBERO INDIVIDUALES', 'Sin Modelo', 'Sin Marca', 'Sin Serial', 'ZF-REVER000001', 'YOIMA GOITIA-COMEDOR INDUSTRAL', '31-10-2017', 0, 0, 0, 0, '', 0),
(3208, 13, 29, 'REVERBERO INDIVIDUALES', 'Sin Modelo', 'Sin Marca', 'Sin Serial', 'ZF-REVER000002', 'YOIMA GOITIA-COMEDOR INDUSTRAL', '31-10-2017', 0, 0, 0, 0, '', 0),
(3209, 13, 29, 'REVERBERO DOBLE', 'Sin Modelo', 'Sin Marca', 'Sin Serial', 'ZF-REVER000003', 'YOIMA GOITIA-COMEDOR INDUSTRAL', '31-10-2017', 0, 0, 0, 0, '', 0),
(3210, 13, 29, 'MOLEDORA DE CARNE INDUSTRIAL', 'Sin Modelo', 'Sin Marca', 'Sin Serial', 'ZF-MOLED000001', 'YOIMA GOITIA-COMEDOR INDUSTRAL', '31-10-2017', 0, 0, 0, 0, '', 0),
(3211, 13, 29, 'SIERRA INDUSTRIAL', '88332', 'BOIA', '8477', 'ZF-SIERR000001', 'YOIMA GOITIA-COMEDOR INDUSTRAL', '31-10-2017', 0, 0, 0, 0, '', 0),
(3212, 13, 29, 'FABRICADOR DE HIELO', 'MERZAMCA', '600 LBS', 'Sin Serial', 'ZF-FABRI000015', 'YOIMA GOITIA-COMEDOR INDUSTRAL', '31-10-2017', 0, 0, 0, 0, '', 0),
(3213, 13, 29, 'LAVAPLATO DE 3 TINAS DE ACERO INOXIDABLE', 'Sin Modelo', 'Sin Marca', 'Sin Serial', 'ZF-LAVAP000006', 'YOIMA GOITIA-COMEDOR INDUSTRAL', '31-10-2017', 0, 0, 0, 0, '', 0),
(3214, 13, 29, 'LAVAPLATO DE 1 TINA CON ESCURRIDOR', 'Sin Modelo', 'Sin Marca', 'Sin Serial', 'ZF-LAVAP000007', 'YOIMA GOITIA-COMEDOR INDUSTRAL', '31-10-2017', 0, 0, 0, 0, '', 0),
(3215, 13, 29, 'FILTRO DE OZONO', 'Sin Modelo', 'Sin Marca', 'Sin Serial', 'ZF-FILTR000005', 'YOIMA GOITIA-COMEDOR INDUSTRAL', '31-10-2017', 0, 0, 0, 0, '', 0),
(3216, 13, 29, 'MESA DE MADERA CON 6 SILLAS EN MADERA', 'Sin Modelo', 'Sin Marca', 'Sin Serial', 'ZF-MESA_000030', 'YOIMA GOITIA-COMEDOR INDUSTRAL', '31-10-2017', 0, 0, 0, 0, '', 0),
(3217, 13, 29, 'ESMERIL DE BASE', 'Sin Modelo', 'Sin Marca', 'Sin Serial', 'ZF-ESMER000003', 'YOIMA GOITIA-COMEDOR INDUSTRAL', '31-10-2017', 0, 0, 0, 0, '', 0),
(3218, 13, 29, 'CARRUCHA', 'Sin Modelo', 'Sin Marca', 'Sin Serial', 'ZF-CARRU000001', 'YOIMA GOITIA-COMEDOR INDUSTRAL', '31-10-2017', 0, 0, 0, 0, '', 0),
(3219, 13, 29, 'CARRUCHA', 'Sin Modelo', 'Sin Marca', 'Sin Serial', 'ZF-CARRU000002', 'YOIMA GOITIA-COMEDOR INDUSTRAL', '31-10-2017', 0, 0, 0, 0, '', 0),
(3220, 13, 29, 'CAVA CUARTO CONSERVADORES', 'Sin Modelo', 'Sin Marca', 'Sin Serial', 'ZF-CAVA_000001', 'YOIMA GOITIA-COMEDOR INDUSTRAL', '31-10-2017', 0, 0, 0, 0, '', 0),
(3221, 13, 29, 'CAVA CUARTO CONSERVADORES', 'Sin Modelo', 'Sin Marca', 'Sin Serial', 'ZF-CAVA_000002', 'YOIMA GOITIA-COMEDOR INDUSTRAL', '31-10-2017', 0, 0, 0, 0, '', 0),
(3222, 13, 29, 'CAVA CUARTO CONGELADORES', 'Sin Modelo', 'Sin Marca', 'Sin Serial', 'ZF-CAVA_000003', 'YOIMA GOITIA-COMEDOR INDUSTRAL', '31-10-2017', 0, 0, 0, 0, '', 0),
(3223, 13, 29, 'CAVA CUARTO CONGELADORES', 'Sin Modelo', 'Sin Marca', 'Sin Serial', 'ZF-CAVA_000004', 'YOIMA GOITIA-COMEDOR INDUSTRAL', '31-10-2017', 0, 0, 0, 0, '', 0),
(3224, 13, 29, 'BOMBONA DE GAS DE 40 KILOS', 'Sin Modelo', 'Sin Marca', 'Sin Serial', 'ZF-BOMBO000004', 'YOIMA GOITIA-COMEDOR INDUSTRAL', '31-10-2017', 0, 0, 0, 0, '', 0),
(3225, 13, 29, 'NEVERA DE 4 PUERTAS', 'Sin Modelo', 'Sin Marca', 'Sin Serial', 'ZF-NEVER000011', 'YOIMA GOITIA-COMEDOR INDUSTRAL', '31-10-2017', 0, 0, 0, 0, '', 0),
(3226, 13, 29, 'NEVERA DE 4 PUERTAS', 'Sin Modelo', 'Sin Marca', 'Sin Serial', 'ZF-NEVER000012', 'YOIMA GOITIA-COMEDOR INDUSTRAL', '31-10-2017', 0, 0, 0, 0, '', 0),
(3227, 13, 29, 'CAFETERA EXPRESO ITALIANO INDUSTRIAL', 'Sin Modelo', 'Sin Marca', 'Sin Serial', 'ZF-CAFET000010', 'YOIMA GOITIA-COMEDOR INDUSTRAL', '31-10-2017', 0, 0, 0, 0, '', 0),
(3228, 13, 29, 'AIRE ACONDICIONADO DE 5 TON', 'Sin Modelo', 'Sin Marca', 'Sin Serial', 'ZF-AIRE_000031', 'YOIMA GOITIA-COMEDOR INDUSTRAL', '31-10-2017', 0, 0, 0, 0, '', 0),
(3229, 13, 29, 'AIRE ACONDICIONADO DE 5 TON', 'Sin Modelo', 'Sin Marca', 'Sin Serial', 'ZF-AIRE_000032', 'YOIMA GOITIA-COMEDOR INDUSTRAL', '31-10-2017', 0, 0, 0, 0, '', 0),
(3230, 13, 29, 'AIRE ACONDICIONADO DE 5 TON', 'Sin Modelo', 'Sin Marca', 'Sin Serial', 'ZF-AIRE_000033', 'YOIMA GOITIA-COMEDOR INDUSTRAL', '31-10-2017', 0, 0, 0, 0, '', 0),
(3231, 13, 29, 'AIRE ACONDICIONADO DE 5 TON', 'Sin Modelo', 'Sin Marca', 'Sin Serial', 'ZF-AIRE_000034', 'YOIMA GOITIA-COMEDOR INDUSTRAL', '31-10-2017', 0, 0, 0, 0, '', 0),
(3232, 13, 29, 'AIRE ACONDICIONADO DE 5 TON', 'Sin Modelo', 'Sin Marca', 'Sin Serial', 'ZF-AIRE_000035', 'YOIMA GOITIA-COMEDOR INDUSTRAL', '31-10-2017', 0, 0, 0, 0, '', 0),
(3233, 13, 29, 'AIRE DE VENTANA DE 24.000 BTU', 'w242cm', 'LG', '311XOOL8  301TAMA011019', 'ZF-AIRE_000036', 'YOIMA GOITIA-COMEDOR INDUSTRAL', '31-10-2017', 0, 0, 0, 37000, '', 0),
(3234, 13, 29, 'ESCRITORIO DE MADERA DE 4 GAVETAS', 'Sin Modelo', 'Sin Marca', 'Sin Serial', 'ZF-ESCRI000035', 'YOIMA GOITIA-COMEDOR INDUSTRAL', '31-10-2017', 0, 0, 0, 8100, '00001581', 0),
(3235, 13, 29, 'ESCRITORIO DE MADERA DE 4 GAVETAS', 'Sin Modelo', 'Sin Marca', 'Sin Serial', 'ZF-ESCRI000036', 'YOIMA GOITIA-COMEDOR INDUSTRAL', '31-10-2017', 0, 0, 0, 8100, '00001581', 0),
(3236, 13, 29, 'ESCRITORIO DE MADERA DE 4 GAVETAS', 'Sin Modelo', 'Sin Marca', 'Sin Serial', 'ZF-ESCRI000037', 'YOIMA GOITIA-COMEDOR INDUSTRAL', '31-10-2017', 0, 0, 0, 8100, '00001581', 0),
(3237, 13, 29, 'MESA DE RECEPCION EN MADERA', 'Sin Modelo', 'Sin Marca', 'Sin Serial', 'ZF-MESA_000031', 'YOIMA GOITIA-COMEDOR INDUSTRAL', '31-10-2017', 0, 0, 0, 0, '', 0),
(3238, 13, 29, 'ARCHIVO CONTENTIVO DE 4 GAVETAS', 'Sin Modelo', 'Sin Marca', 'Sin Serial', 'ZF-ARCHI000014', 'YOIMA GOITIA-COMEDOR INDUSTRAL', '31-10-2017', 0, 0, 0, 9315, '00001581', 0),
(3239, 13, 29, 'IMPRESORA', 'F156602', 'CANNON', 'HZY16571', 'ZF-IMPRE000018', 'YOIMA GOITIA-COMEDOR INDUSTRAL', '31-10-2017', 0, 0, 0, 0, '', 0),
(3240, 13, 29, 'MAQUINA DE ENVOPLAST CAS', 'Sin Modelo', 'Sin Marca', 'Sin Serial', 'ZF-MAQUI000003', 'YOIMA GOITIA-COMEDOR INDUSTRAL', '31-10-2017', 0, 0, 0, 0, '', 0),
(3241, 13, 29, 'CAVAS CALIENTES', 'Sin Modelo', 'Sin Marca', 'Sin Serial', 'ZF-CAVAS000001', 'YOIMA GOITIA-COMEDOR INDUSTRAL', '31-10-2017', 0, 0, 0, 0, '', 0),
(3242, 13, 29, 'CAVAS CALIENTES', 'Sin Modelo', 'Sin Marca', 'Sin Serial', 'ZF-CAVAS000002', 'YOIMA GOITIA-COMEDOR INDUSTRAL', '31-10-2017', 0, 0, 0, 0, '', 0),
(3243, 13, 29, 'CAVAS CALIENTES', 'Sin Modelo', 'Sin Marca', 'Sin Serial', 'ZF-CAVAS000003', 'YOIMA GOITIA-COMEDOR INDUSTRAL', '31-10-2017', 0, 0, 0, 0, '', 0),
(3244, 13, 29, 'CAVAS CALIENTES', 'Sin Modelo', 'Sin Marca', 'Sin Serial', 'ZF-CAVAS000004', 'YOIMA GOITIA-COMEDOR INDUSTRAL', '31-10-2017', 0, 0, 0, 0, '', 0),
(3245, 13, 29, 'CAVAS CALIENTES', 'Sin Modelo', 'Sin Marca', 'Sin Serial', 'ZF-CAVAS000005', 'YOIMA GOITIA-COMEDOR INDUSTRAL', '31-10-2017', 0, 0, 0, 0, '', 0),
(3246, 13, 29, 'CARRITO REFRESCANTE', 'Sin Modelo', 'Sin Marca', 'Sin Serial', 'ZF-CARRI000001', 'YOIMA GOITIA-COMEDOR INDUSTRAL', '31-10-2017', 0, 0, 0, 0, '', 0),
(3247, 13, 29, 'CARRITO REFRESCANTE', 'Sin Modelo', 'Sin Marca', 'Sin Serial', 'ZF-CARRI000002', 'YOIMA GOITIA-COMEDOR INDUSTRAL', '31-10-2017', 0, 0, 0, 0, '', 0),
(3248, 13, 29, 'CARRITO REFRESCANTE', 'Sin Modelo', 'Sin Marca', 'Sin Serial', 'ZF-CARRI000003', 'YOIMA GOITIA-COMEDOR INDUSTRAL', '31-10-2017', 0, 0, 0, 0, '', 0),
(3249, 13, 29, 'GUILLOTINA DE PANADERIA', 'Sin Modelo', 'Sin Marca', 'Sin Serial', 'ZF-GUILL000002', 'YOIMA GOITIA-COMEDOR INDUSTRAL', '31-10-2017', 0, 0, 0, 0, '', 0),
(3250, 13, 29, 'SOBADORA LAMINADORA', 'Sin Modelo', 'Sin Marca', 'Sin Serial', 'ZF-SOBAD000001', 'YOIMA GOITIA-COMEDOR INDUSTRAL', '31-10-2017', 0, 0, 0, 0, '', 0),
(3251, 13, 29, 'SOBADORA LAMINADORA', 'Sin Modelo', 'Sin Marca', 'Sin Serial', 'ZF-SOBAD000002', 'YOIMA GOITIA-COMEDOR INDUSTRAL', '31-10-2017', 0, 0, 0, 0, '', 0),
(3252, 13, 29, 'MASADORA', 'Sin Modelo', 'Sin Marca', 'Sin Serial', 'ZF-MASAD000001', 'YOIMA GOITIA-COMEDOR INDUSTRAL', '31-10-2017', 0, 0, 0, 0, '', 0),
(3253, 13, 29, 'MOLEADORA DE PAN (SACAPUNTA)', 'Sin Modelo', 'Sin Marca', 'Sin Serial', 'ZF-MOLEA000001', 'YOIMA GOITIA-COMEDOR INDUSTRAL', '31-10-2017', 0, 0, 0, 0, '', 0),
(3254, 13, 29, 'MESA PANADERAS', 'Sin Modelo', 'Sin Marca', 'Sin Serial', 'ZF-MESA_000032', 'YOIMA GOITIA-COMEDOR INDUSTRAL', '31-10-2017', 0, 0, 0, 0, '', 0),
(3255, 13, 29, 'MESA PANADERAS', 'Sin Modelo', 'Sin Marca', 'Sin Serial', 'ZF-MESA_000033', 'YOIMA GOITIA-COMEDOR INDUSTRAL', '31-10-2017', 0, 0, 0, 0, '', 0),
(3256, 13, 29, 'MESA DE APOYO', 'Sin Modelo', 'Sin Marca', 'Sin Serial', 'ZF-MESA_000034', 'YOIMA GOITIA-COMEDOR INDUSTRAL', '31-10-2017', 0, 0, 0, 0, '', 0),
(3257, 13, 29, 'MUEBLE ANEXO TIPO PANADERO ELABORADO EN COMPUESTO IMPORTADO CON LAMINADOS DECORATIVO', 'Sin Modelo', 'Sin Marca', 'Sin Serial', 'ZF-MUEBL000012', 'YOIMA GOITIA-COMEDOR INDUSTRAL', '31-10-2017', 0, 0, 0, 0, '', 0),
(3258, 13, 29, 'MUEBLE DE SERVICIO ELABORADO EN COMPUESTO IMPORTADO CON LAMINADO DECORATIVO', 'Sin Modelo', 'Sin Marca', 'Sin Serial', 'ZF-MUEBL000013', 'YOIMA GOITIA-COMEDOR INDUSTRAL', '31-10-2017', 0, 0, 0, 0, '', 0),
(3259, 13, 29, 'MUEBLE DIVISOR ELABORADO EN COMPUESTO IMPORTADO CON LAMINADO DECORATIVO ENTREPAÑOS HORIZONTALES Y VERTICALES', 'Sin Modelo', 'Sin Marca', 'Sin Serial', 'ZF-MUEBL000014', 'YOIMA GOITIA-COMEDOR INDUSTRAL', '31-10-2017', 0, 0, 0, 0, '', 0),
(3260, 13, 29, 'SILLA  EJECUTICA GIRATORIAS CON BRAZO', 'Sin Modelo', 'Sin Marca', 'Sin Serial', 'ZF-SILLA000127', 'YOIMA GOITIA-COMEDOR INDUSTRAL', '31-10-2017', 0, 0, 0, 0, '', 0),
(3261, 13, 29, 'SILLA  EJECUTICA GIRATORIAS CON BRAZO', 'Sin Modelo', 'Sin Marca', 'Sin Serial', 'ZF-SILLA000128', 'YOIMA GOITIA-COMEDOR INDUSTRAL', '31-10-2017', 0, 0, 0, 0, '', 0),
(3262, 13, 29, 'PULIDORA ', 'Sin Modelo', 'ELECTROLUX', 'Sin Serial', 'ZF-PULID000001', 'YOIMA GOITIA-COMEDOR INDUSTRAL', '31-10-2017', 0, 0, 0, 0, '', 0),
(3263, 13, 29, 'UPS', 'Sin Modelo', 'FORZA', 'Sin Serial', 'ZF-UPS000007', 'YOIMA GOITIA-COMEDOR INDUSTRAL', '31-10-2017', 0, 0, 0, 0, '', 0),
(3264, 13, 29, 'MONITOR', 'VIT3300', 'VIT', 'A01040104002004', 'ZF-MONIT000043', 'YOIMA GOITIA-COMEDOR INDUSTRAL', '31-10-2017', 0, 0, 0, 0, '', 0),
(3265, 13, 29, 'TELEFONO', 'ESPACE 6805', 'HUAWEI', 'Sin Serial', 'ZF-TELEF000031', 'YOIMA GOITIA-COMEDOR INDUSTRAL', '31-10-2017', 0, 0, 0, 0, '', 0),
(3266, 13, 29, 'MONITOR CAJA No.1', 'AP15P0C4620L', 'ADVANCED', 'M5181800053', 'ZF-MONIT000044', 'YOIMA GOITIA-COMEDOR INDUSTRAL', '31-10-2017', 0, 0, 0, 0, '', 0),
(3267, 13, 29, 'MONITOR CAJA No.2', 'AP15P0C4620L', 'ADVANCED', 'M5181800095', 'ZF-MONIT000045', 'YOIMA GOITIA-COMEDOR INDUSTRAL', '31-10-2017', 0, 0, 0, 0, '', 0),
(3268, 13, 29, 'MONITOR CAJA No.3', 'AP15P0C4620L', 'ADVANCED', 'M5181800065', 'ZF-MONIT000046', 'YOIMA GOITIA-COMEDOR INDUSTRAL', '31-10-2017', 0, 0, 0, 0, '', 0),
(3269, 13, 29, 'MONITOR CAJA No.4', 'AP15P0C4620L', 'ADVANCED', 'M5181800004', 'ZF-MONIT000047', 'YOIMA GOITIA-COMEDOR INDUSTRAL', '31-10-2017', 0, 0, 0, 0, '', 0),
(3270, 13, 29, 'IMPRESORA CAJA No.1', 'SRP360', 'BIXOLON', '8008026553', 'ZF-IMPRE000019', 'YOIMA GOITIA-COMEDOR INDUSTRAL', '31-10-2017', 0, 0, 0, 0, '', 0),
(3271, 13, 29, 'IMPRESORA CAJA No.2', 'SRP360', 'BIXOLON', '8008026509', 'ZF-IMPRE000020', 'YOIMA GOITIA-COMEDOR INDUSTRAL', '31-10-2017', 0, 0, 0, 0, '', 0),
(3272, 13, 29, 'IMPRESORA CAJA No.3', 'SRP360', 'BIXOLON', '8008026561', 'ZF-IMPRE000021', 'YOIMA GOITIA-COMEDOR INDUSTRAL', '31-10-2017', 0, 0, 0, 0, '', 0),
(3273, 13, 29, 'IMPRESORA CAJA No.4', 'SRP360', 'BIXOLON', '8008026487', 'ZF-IMPRE000022', 'YOIMA GOITIA-COMEDOR INDUSTRAL', '31-10-2017', 0, 0, 0, 0, '', 0),
(3274, 13, 29, 'TECLADO CAJA No.1', 'KU0316', 'Sin Marca', 'BBAVLOMVB2U1CD', 'ZF-TECLA000039', 'YOIMA GOITIA-COMEDOR INDUSTRAL', '31-10-2017', 0, 0, 0, 0, '', 0),
(3275, 13, 29, 'CAJA REGISTRADORA CAJA No.3', 'KP35G', 'ADVANCED', 'Sin Serial', 'ZF-CAJA_000005', 'YOIMA GOITIA-COMEDOR INDUSTRAL', '31-10-2017', 0, 0, 0, 0, '', 0),
(3276, 13, 29, 'DISPENSADORES PARA BASURA', 'Sin Modelo', 'Sin Marca', 'Sin Serial', 'ZF-DISPE000005', 'YOIMA GOITIA-COMEDOR INDUSTRAL', '31-10-2017', 0, 0, 0, 0, '', 0),
(3277, 13, 29, 'DISPENSADORES PARA BASURA', 'Sin Modelo', 'Sin Marca', 'Sin Serial', 'ZF-DISPE000006', 'YOIMA GOITIA-COMEDOR INDUSTRAL', '31-10-2017', 0, 0, 0, 0, '', 0),
(3278, 13, 29, 'DISPENSADORES PARA BASURA', 'Sin Modelo', 'Sin Marca', 'Sin Serial', 'ZF-DISPE000007', 'YOIMA GOITIA-COMEDOR INDUSTRAL', '31-10-2017', 0, 0, 0, 0, '', 0),
(3279, 13, 29, 'DISPENSADORES PARA BASURA', 'Sin Modelo', 'Sin Marca', 'Sin Serial', 'ZF-DISPE000008', 'YOIMA GOITIA-COMEDOR INDUSTRAL', '31-10-2017', 0, 0, 0, 0, '', 0),
(3280, 13, 29, 'DISPENSADORES PARA BASURA', 'Sin Modelo', 'Sin Marca', 'Sin Serial', 'ZF-DISPE000009', 'YOIMA GOITIA-COMEDOR INDUSTRAL', '31-10-2017', 0, 0, 0, 0, '', 0),
(3281, 13, 29, 'DISPENSADORES PARA BASURA', 'Sin Modelo', 'Sin Marca', 'Sin Serial', 'ZF-DISPE000010', 'YOIMA GOITIA-COMEDOR INDUSTRAL', '31-10-2017', 0, 0, 0, 0, '', 0),
(3282, 13, 29, 'DISPENSADORES PARA BASURA', 'Sin Modelo', 'Sin Marca', 'Sin Serial', 'ZF-DISPE000011', 'YOIMA GOITIA-COMEDOR INDUSTRAL', '31-10-2017', 0, 0, 0, 0, '', 0),
(3283, 13, 29, 'DISPENSADORES PARA BASURA', 'Sin Modelo', 'Sin Marca', 'Sin Serial', 'ZF-DISPE000012', 'YOIMA GOITIA-COMEDOR INDUSTRAL', '31-10-2017', 0, 0, 0, 0, '', 0),
(3284, 13, 29, 'MESAS CON TOPE DE GRANITO NATURAL CON BASE EN ESTRUCTURA DE HIERRO Y ACABADO  EN COLOR NEGRO CON DIMES', 'Sin Modelo', 'Sin Marca', 'Sin Serial', 'ZF-MESAS000013', 'YOIMA GOITIA-COMEDOR INDUSTRAL', '31-10-2017', 0, 0, 0, 0, '', 0),
(3285, 13, 29, 'MESAS CON TOPE DE GRANITO NATURAL CON BASE EN ESTRUCTURA DE HIERRO Y ACABADO  EN COLOR NEGRO CON DIMES', 'Sin Modelo', 'Sin Marca', 'Sin Serial', 'ZF-MESAS000014', 'YOIMA GOITIA-COMEDOR INDUSTRAL', '31-10-2017', 0, 0, 0, 0, '', 0),
(3286, 13, 29, 'MESAS CON TOPE DE GRANITO NATURAL CON BASE EN ESTRUCTURA DE HIERRO Y ACABADO  EN COLOR NEGRO CON DIMES', 'Sin Modelo', 'Sin Marca', 'Sin Serial', 'ZF-MESAS000015', 'YOIMA GOITIA-COMEDOR INDUSTRAL', '31-10-2017', 0, 0, 0, 0, '', 0),
(3287, 13, 29, 'MESAS CON TOPE DE GRANITO NATURAL CON BASE EN ESTRUCTURA DE HIERRO Y ACABADO  EN COLOR NEGRO CON DIMES', 'Sin Modelo', 'Sin Marca', 'Sin Serial', 'ZF-MESAS000016', 'YOIMA GOITIA-COMEDOR INDUSTRAL', '31-10-2017', 0, 0, 0, 0, '', 0),
(3288, 13, 29, 'MESAS CON TOPE DE GRANITO NATURAL CON BASE EN ESTRUCTURA DE HIERRO Y ACABADO  EN COLOR NEGRO CON DIMES', 'Sin Modelo', 'Sin Marca', 'Sin Serial', 'ZF-MESAS000017', 'YOIMA GOITIA-COMEDOR INDUSTRAL', '31-10-2017', 0, 0, 0, 0, '', 0),
(3289, 13, 29, 'MESAS CON TOPE DE GRANITO NATURAL CON BASE EN ESTRUCTURA DE HIERRO Y ACABADO  EN COLOR NEGRO CON DIMES', 'Sin Modelo', 'Sin Marca', 'Sin Serial', 'ZF-MESAS000018', 'YOIMA GOITIA-COMEDOR INDUSTRAL', '31-10-2017', 0, 0, 0, 0, '', 0),
(3290, 13, 29, 'MESAS CON TOPE DE GRANITO NATURAL CON BASE EN ESTRUCTURA DE HIERRO Y ACABADO  EN COLOR NEGRO CON DIMES', 'Sin Modelo', 'Sin Marca', 'Sin Serial', 'ZF-MESAS000019', 'YOIMA GOITIA-COMEDOR INDUSTRAL', '31-10-2017', 0, 0, 0, 0, '', 0),
(3291, 13, 29, 'MESAS CON TOPE DE GRANITO NATURAL CON BASE EN ESTRUCTURA DE HIERRO Y ACABADO  EN COLOR NEGRO CON DIMES', 'Sin Modelo', 'Sin Marca', 'Sin Serial', 'ZF-MESAS000020', 'YOIMA GOITIA-COMEDOR INDUSTRAL', '31-10-2017', 0, 0, 0, 0, '', 0),
(3292, 13, 29, 'MESAS CON TOPE DE GRANITO NATURAL CON BASE EN ESTRUCTURA DE HIERRO Y ACABADO  EN COLOR NEGRO CON DIMES', 'Sin Modelo', 'Sin Marca', 'Sin Serial', 'ZF-MESAS000021', 'YOIMA GOITIA-COMEDOR INDUSTRAL', '31-10-2017', 0, 0, 0, 0, '', 0),
(3293, 13, 29, 'MESAS CON TOPE DE GRANITO NATURAL CON BASE EN ESTRUCTURA DE HIERRO Y ACABADO  EN COLOR NEGRO CON DIMES', 'Sin Modelo', 'Sin Marca', 'Sin Serial', 'ZF-MESAS000022', 'YOIMA GOITIA-COMEDOR INDUSTRAL', '31-10-2017', 0, 0, 0, 0, '', 0),
(3294, 13, 29, 'MESAS CON TOPE DE GRANITO NATURAL CON BASE EN ESTRUCTURA DE HIERRO Y ACABADO  EN COLOR NEGRO CON DIMES', 'Sin Modelo', 'Sin Marca', 'Sin Serial', 'ZF-MESAS000023', 'YOIMA GOITIA-COMEDOR INDUSTRAL', '31-10-2017', 0, 0, 0, 0, '', 0),
(3295, 13, 29, 'MESAS CON TOPE DE GRANITO NATURAL CON BASE EN ESTRUCTURA DE HIERRO Y ACABADO  EN COLOR NEGRO CON DIMES', 'Sin Modelo', 'Sin Marca', 'Sin Serial', 'ZF-MESAS000024', 'YOIMA GOITIA-COMEDOR INDUSTRAL', '31-10-2017', 0, 0, 0, 0, '', 0),
(3297, 13, 29, 'MESAS CON TOPE DE GRANITO NATURAL CON BASE EN ESTRUCTURA DE HIERRO Y ACABADO  EN COLOR NEGRO CON DIMES', 'Sin Modelo', 'Sin Marca', 'Sin Serial', 'ZF-MESAS000025', 'YOIMA GOITIA-COMEDOR INDUSTRAL', '31-10-2017', 0, 0, 0, 0, '', 0),
(3298, 13, 29, 'MESAS CON TOPE DE GRANITO NATURAL CON BASE EN ESTRUCTURA DE HIERRO Y ACABADO  EN COLOR NEGRO CON DIMES', 'Sin Modelo', 'Sin Marca', 'Sin Serial', 'ZF-MESAS000026', 'YOIMA GOITIA-COMEDOR INDUSTRAL', '31-10-2017', 0, 0, 0, 0, '', 0),
(3299, 13, 29, 'MESAS CON TOPE DE GRANITO NATURAL CON BASE EN ESTRUCTURA DE HIERRO Y ACABADO  EN COLOR NEGRO CON DIMES', 'Sin Modelo', 'Sin Marca', 'Sin Serial', 'ZF-MESAS000027', 'YOIMA GOITIA-COMEDOR INDUSTRAL', '31-10-2017', 0, 0, 0, 0, '', 0),
(3300, 13, 29, 'MESAS CON TOPE DE GRANITO NATURAL CON BASE EN ESTRUCTURA DE HIERRO Y ACABADO  EN COLOR NEGRO CON DIMES', 'Sin Modelo', 'Sin Marca', 'Sin Serial', 'ZF-MESAS000028', 'YOIMA GOITIA-COMEDOR INDUSTRAL', '31-10-2017', 0, 0, 0, 0, '', 0),
(3301, 13, 29, 'MESAS CON TOPE DE GRANITO NATURAL CON BASE EN ESTRUCTURA DE HIERRO Y ACABADO  EN COLOR NEGRO CON DIMES', 'Sin Modelo', 'Sin Marca', 'Sin Serial', 'ZF-MESAS000029', 'YOIMA GOITIA-COMEDOR INDUSTRAL', '31-10-2017', 0, 0, 0, 0, '', 0),
(3302, 13, 29, 'MESAS CON TOPE DE GRANITO NATURAL CON BASE EN ESTRUCTURA DE HIERRO Y ACABADO  EN COLOR NEGRO CON DIMES', 'Sin Modelo', 'Sin Marca', 'Sin Serial', 'ZF-MESAS000030', 'YOIMA GOITIA-COMEDOR INDUSTRAL', '31-10-2017', 0, 0, 0, 0, '', 0),
(3303, 13, 29, 'MESAS CON TOPE DE GRANITO NATURAL CON BASE EN ESTRUCTURA DE HIERRO Y ACABADO  EN COLOR NEGRO CON DIMES', 'Sin Modelo', 'Sin Marca', 'Sin Serial', 'ZF-MESAS000031', 'YOIMA GOITIA-COMEDOR INDUSTRAL', '31-10-2017', 0, 0, 0, 0, '', 0),
(3304, 13, 29, 'MESAS CON TOPE DE GRANITO NATURAL CON BASE EN ESTRUCTURA DE HIERRO Y ACABADO  EN COLOR NEGRO CON DIMES', 'Sin Modelo', 'Sin Marca', 'Sin Serial', 'ZF-MESAS000032', 'YOIMA GOITIA-COMEDOR INDUSTRAL', '31-10-2017', 0, 0, 0, 0, '', 0),
(3305, 13, 29, 'MESAS CON TOPE DE GRANITO NATURAL CON BASE EN ESTRUCTURA DE HIERRO Y ACABADO  EN COLOR NEGRO CON DIMES', 'Sin Modelo', 'Sin Marca', 'Sin Serial', 'ZF-MESAS000033', 'YOIMA GOITIA-COMEDOR INDUSTRAL', '31-10-2017', 0, 0, 0, 0, '', 0),
(3306, 13, 29, 'MESAS CON TOPE DE GRANITO NATURAL CON BASE EN ESTRUCTURA DE HIERRO Y ACABADO  EN COLOR NEGRO CON DIMES', 'Sin Modelo', 'Sin Marca', 'Sin Serial', 'ZF-MESAS000034', 'YOIMA GOITIA-COMEDOR INDUSTRAL', '31-10-2017', 0, 0, 0, 0, '', 0),
(3307, 13, 29, 'MESAS CON TOPE DE GRANITO NATURAL CON BASE EN ESTRUCTURA DE HIERRO Y ACABADO  EN COLOR NEGRO CON DIMES', 'Sin Modelo', 'Sin Marca', 'Sin Serial', 'ZF-MESAS000035', 'YOIMA GOITIA-COMEDOR INDUSTRAL', '31-10-2017', 0, 0, 0, 0, '', 0),
(3308, 13, 29, 'MESAS CON TOPE DE GRANITO NATURAL CON BASE EN ESTRUCTURA DE HIERRO Y ACABADO  EN COLOR NEGRO CON DIMES', 'Sin Modelo', 'Sin Marca', 'Sin Serial', 'ZF-MESAS000036', 'YOIMA GOITIA-COMEDOR INDUSTRAL', '31-10-2017', 0, 0, 0, 0, '', 0),
(3309, 13, 29, 'MESAS CON TOPE DE GRANITO NATURAL CON BASE EN ESTRUCTURA DE HIERRO Y ACABADO  EN COLOR NEGRO CON DIMES', 'Sin Modelo', 'Sin Marca', 'Sin Serial', 'ZF-MESAS000037', 'YOIMA GOITIA-COMEDOR INDUSTRAL', '31-10-2017', 0, 0, 0, 0, '', 0),
(3310, 13, 29, 'MESAS CON TOPE DE GRANITO NATURAL CON BASE EN ESTRUCTURA DE HIERRO Y ACABADO  EN COLOR NEGRO CON DIMES', 'Sin Modelo', 'Sin Marca', 'Sin Serial', 'ZF-MESAS000038', 'YOIMA GOITIA-COMEDOR INDUSTRAL', '31-10-2017', 0, 0, 0, 0, '', 0),
(3311, 13, 29, 'MESAS CON TOPE DE GRANITO NATURAL CON BASE EN ESTRUCTURA DE HIERRO Y ACABADO  EN COLOR NEGRO CON DIMES', 'Sin Modelo', 'Sin Marca', 'Sin Serial', 'ZF-MESAS000039', 'YOIMA GOITIA-COMEDOR INDUSTRAL', '31-10-2017', 0, 0, 0, 0, '', 0),
(3312, 13, 29, 'MESAS CON TOPE DE GRANITO NATURAL CON BASE EN ESTRUCTURA DE HIERRO Y ACABADO  EN COLOR NEGRO CON DIMES', 'Sin Modelo', 'Sin Marca', 'Sin Serial', 'ZF-MESAS000040', 'YOIMA GOITIA-COMEDOR INDUSTRAL', '31-10-2017', 0, 0, 0, 0, '', 0),
(3313, 13, 29, 'MESAS CON TOPE DE GRANITO NATURAL CON BASE EN ESTRUCTURA DE HIERRO Y ACABADO  EN COLOR NEGRO CON DIMES', 'Sin Modelo', 'Sin Marca', 'Sin Serial', 'ZF-MESAS000041', 'YOIMA GOITIA-COMEDOR INDUSTRAL', '31-10-2017', 0, 0, 0, 0, '', 0),
(3314, 13, 29, 'MESAS CON TOPE DE GRANITO NATURAL CON BASE EN ESTRUCTURA DE HIERRO Y ACABADO  EN COLOR NEGRO CON DIMES', 'Sin Modelo', 'Sin Marca', 'Sin Serial', 'ZF-MESAS000042', 'YOIMA GOITIA-COMEDOR INDUSTRAL', '31-10-2017', 0, 0, 0, 0, '', 0),
(3315, 13, 29, 'MESAS CON TOPE DE GRANITO NATURAL CON BASE EN ESTRUCTURA DE HIERRO Y ACABADO  EN COLOR NEGRO CON DIMES', 'Sin Modelo', 'Sin Marca', 'Sin Serial', 'ZF-MESAS000043', 'YOIMA GOITIA-COMEDOR INDUSTRAL', '31-10-2017', 0, 0, 0, 0, '', 0),
(3316, 13, 29, 'MESAS CON TOPE DE GRANITO NATURAL CON BASE EN ESTRUCTURA DE HIERRO Y ACABADO  EN COLOR NEGRO CON DIMES', 'Sin Modelo', 'Sin Marca', 'Sin Serial', 'ZF-MESAS000044', 'YOIMA GOITIA-COMEDOR INDUSTRAL', '31-10-2017', 0, 0, 0, 0, '', 0),
(3317, 13, 29, 'MESAS CON TOPE DE GRANITO NATURAL CON BASE EN ESTRUCTURA DE HIERRO Y ACABADO  EN COLOR NEGRO CON DIMES', 'Sin Modelo', 'Sin Marca', 'Sin Serial', 'ZF-MESAS000045', 'YOIMA GOITIA-COMEDOR INDUSTRAL', '31-10-2017', 0, 0, 0, 0, '', 0),
(3318, 13, 29, 'MESAS CON TOPE DE GRANITO NATURAL CON BASE EN ESTRUCTURA DE HIERRO Y ACABADO  EN COLOR NEGRO CON DIMES', 'Sin Modelo', 'Sin Marca', 'Sin Serial', 'ZF-MESAS000046', 'YOIMA GOITIA-COMEDOR INDUSTRAL', '31-10-2017', 0, 0, 0, 0, '', 0),
(3319, 13, 29, 'MESAS CON TOPE DE GRANITO NATURAL CON BASE EN ESTRUCTURA DE HIERRO Y ACABADO  EN COLOR NEGRO CON DIMES', 'Sin Modelo', 'Sin Marca', 'Sin Serial', 'ZF-MESAS000047', 'YOIMA GOITIA-COMEDOR INDUSTRAL', '31-10-2017', 0, 0, 0, 0, '', 0),
(3320, 13, 29, 'MESAS CON TOPE DE GRANITO NATURAL CON BASE EN ESTRUCTURA DE HIERRO Y ACABADO  EN COLOR NEGRO CON DIMES', 'Sin Modelo', 'Sin Marca', 'Sin Serial', 'ZF-MESAS000048', 'YOIMA GOITIA-COMEDOR INDUSTRAL', '31-10-2017', 0, 0, 0, 0, '', 0),
(3321, 13, 29, 'MESAS CON TOPE DE GRANITO NATURAL CON BASE EN ESTRUCTURA DE HIERRO Y ACABADO  EN COLOR NEGRO CON DIMES', 'Sin Modelo', 'Sin Marca', 'Sin Serial', 'ZF-MESAS000049', 'YOIMA GOITIA-COMEDOR INDUSTRAL', '31-10-2017', 0, 0, 0, 0, '', 0),
(3322, 13, 29, 'MESAS CON TOPE DE GRANITO NATURAL CON BASE EN ESTRUCTURA DE HIERRO Y ACABADO  EN COLOR NEGRO CON DIMES', 'Sin Modelo', 'Sin Marca', 'Sin Serial', 'ZF-MESAS000050', 'YOIMA GOITIA-COMEDOR INDUSTRAL', '31-10-2017', 0, 0, 0, 0, '', 0),
(3323, 13, 29, 'MESAS CON TOPE DE GRANITO NATURAL CON BASE EN ESTRUCTURA DE HIERRO Y ACABADO  EN COLOR NEGRO CON DIMES', 'Sin Modelo', 'Sin Marca', 'Sin Serial', 'ZF-MESAS000051', 'YOIMA GOITIA-COMEDOR INDUSTRAL', '31-10-2017', 0, 0, 0, 0, '', 0),
(3324, 13, 29, 'MESAS CON TOPE DE GRANITO NATURAL CON BASE EN ESTRUCTURA DE HIERRO Y ACABADO  EN COLOR NEGRO CON DIMES', 'Sin Modelo', 'Sin Marca', 'Sin Serial', 'ZF-MESAS000052', 'YOIMA GOITIA-COMEDOR INDUSTRAL', '31-10-2017', 0, 0, 0, 0, '', 0),
(3325, 13, 29, 'MESAS CON TOPE DE GRANITO NATURAL CON BASE EN ESTRUCTURA DE HIERRO Y ACABADO  EN COLOR NEGRO CON DIMES', 'Sin Modelo', 'Sin Marca', 'Sin Serial', 'ZF-MESAS000053', 'YOIMA GOITIA-COMEDOR INDUSTRAL', '31-10-2017', 0, 0, 0, 0, '', 0),
(3326, 13, 29, 'MESAS CON TOPE DE GRANITO NATURAL CON BASE EN ESTRUCTURA DE HIERRO Y ACABADO  EN COLOR NEGRO CON DIMES', 'Sin Modelo', 'Sin Marca', 'Sin Serial', 'ZF-MESAS000054', 'YOIMA GOITIA-COMEDOR INDUSTRAL', '31-10-2017', 0, 0, 0, 0, '', 0),
(3327, 13, 29, 'MESAS CON TOPE DE GRANITO NATURAL CON BASE EN ESTRUCTURA DE HIERRO Y ACABADO  EN COLOR NEGRO CON DIMES', 'Sin Modelo', 'Sin Marca', 'Sin Serial', 'ZF-MESAS000055', 'YOIMA GOITIA-COMEDOR INDUSTRAL', '31-10-2017', 0, 0, 0, 0, '', 0),
(3328, 13, 29, 'MESAS CON TOPE DE GRANITO NATURAL CON BASE EN ESTRUCTURA DE HIERRO Y ACABADO  EN COLOR NEGRO CON DIMES', 'Sin Modelo', 'Sin Marca', 'Sin Serial', 'ZF-MESAS000056', 'YOIMA GOITIA-COMEDOR INDUSTRAL', '31-10-2017', 0, 0, 0, 0, '', 0),
(3329, 13, 29, 'MESAS CON TOPE DE GRANITO NATURAL CON BASE EN ESTRUCTURA DE HIERRO Y ACABADO  EN COLOR NEGRO CON DIMES', 'Sin Modelo', 'Sin Marca', 'Sin Serial', 'ZF-MESAS000057', 'YOIMA GOITIA-COMEDOR INDUSTRAL', '31-10-2017', 0, 0, 0, 0, '', 0),
(3330, 13, 29, 'MESAS CON TOPE DE GRANITO NATURAL CON BASE EN ESTRUCTURA DE HIERRO Y ACABADO  EN COLOR NEGRO CON DIMES', 'Sin Modelo', 'Sin Marca', 'Sin Serial', 'ZF-MESAS000058', 'YOIMA GOITIA-COMEDOR INDUSTRAL', '31-10-2017', 0, 0, 0, 0, '', 0),
(3331, 13, 29, 'SILLAS FIJAS', 'LENNO', 'Sin Marca', 'Sin Serial', 'ZF-SILLA000129', 'YOIMA GOITIA-COMEDOR INDUSTRAL', '31-10-2017', 0, 0, 0, 0, '', 0),
(3332, 13, 29, 'SILLAS FIJAS', 'LENNO', 'Sin Marca', 'Sin Serial', 'ZF-SILLA000130', 'YOIMA GOITIA-COMEDOR INDUSTRAL', '31-10-2017', 0, 0, 0, 0, '', 0),
(3333, 13, 29, 'SILLAS FIJAS', 'LENNO', 'Sin Marca', 'Sin Serial', 'ZF-SILLA000131', 'YOIMA GOITIA-COMEDOR INDUSTRAL', '31-10-2017', 0, 0, 0, 0, '', 0),
(3334, 13, 29, 'SILLAS FIJAS', 'LENNO', 'Sin Marca', 'Sin Serial', 'ZF-SILLA000132', 'YOIMA GOITIA-COMEDOR INDUSTRAL', '31-10-2017', 0, 0, 0, 0, '', 0),
(3335, 13, 29, 'SILLAS FIJAS', 'LENNO', 'Sin Marca', 'Sin Serial', 'ZF-SILLA000133', 'YOIMA GOITIA-COMEDOR INDUSTRAL', '31-10-2017', 0, 0, 0, 0, '', 0),
(3336, 13, 29, 'SILLAS FIJAS', 'LENNO', 'Sin Marca', 'Sin Serial', 'ZF-SILLA000134', 'YOIMA GOITIA-COMEDOR INDUSTRAL', '31-10-2017', 0, 0, 0, 0, '', 0),
(3337, 13, 29, 'SILLAS FIJAS', 'LENNO', 'Sin Marca', 'Sin Serial', 'ZF-SILLA000135', 'YOIMA GOITIA-COMEDOR INDUSTRAL', '31-10-2017', 0, 0, 0, 0, '', 0),
(3338, 13, 29, 'SILLAS FIJAS', 'LENNO', 'Sin Marca', 'Sin Serial', 'ZF-SILLA000136', 'YOIMA GOITIA-COMEDOR INDUSTRAL', '31-10-2017', 0, 0, 0, 0, '', 0),
(3339, 13, 29, 'SILLAS FIJAS', 'LENNO', 'Sin Marca', 'Sin Serial', 'ZF-SILLA000137', 'YOIMA GOITIA-COMEDOR INDUSTRAL', '31-10-2017', 0, 0, 0, 0, '', 0),
(3340, 13, 29, 'SILLAS FIJAS', 'LENNO', 'Sin Marca', 'Sin Serial', 'ZF-SILLA000138', 'YOIMA GOITIA-COMEDOR INDUSTRAL', '31-10-2017', 0, 0, 0, 0, '', 0),
(3341, 13, 29, 'SILLAS FIJAS', 'LENNO', 'Sin Marca', 'Sin Serial', 'ZF-SILLA000139', 'YOIMA GOITIA-COMEDOR INDUSTRAL', '31-10-2017', 0, 0, 0, 0, '', 0),
(3342, 13, 29, 'SILLAS FIJAS', 'LENNO', 'Sin Marca', 'Sin Serial', 'ZF-SILLA000140', 'YOIMA GOITIA-COMEDOR INDUSTRAL', '31-10-2017', 0, 0, 0, 0, '', 0),
(3343, 13, 29, 'SILLAS FIJAS', 'LENNO', 'Sin Marca', 'Sin Serial', 'ZF-SILLA000141', 'YOIMA GOITIA-COMEDOR INDUSTRAL', '31-10-2017', 0, 0, 0, 0, '', 0),
(3344, 13, 29, 'SILLAS FIJAS', 'LENNO', 'Sin Marca', 'Sin Serial', 'ZF-SILLA000142', 'YOIMA GOITIA-COMEDOR INDUSTRAL', '31-10-2017', 0, 0, 0, 0, '', 0),
(3345, 13, 29, 'SILLAS FIJAS', 'LENNO', 'Sin Marca', 'Sin Serial', 'ZF-SILLA000143', 'YOIMA GOITIA-COMEDOR INDUSTRAL', '31-10-2017', 0, 0, 0, 0, '', 0),
(3346, 13, 29, 'SILLAS FIJAS', 'LENNO', 'Sin Marca', 'Sin Serial', 'ZF-SILLA000144', 'YOIMA GOITIA-COMEDOR INDUSTRAL', '31-10-2017', 0, 0, 0, 0, '', 0),
(3347, 13, 29, 'SILLAS FIJAS', 'LENNO', 'Sin Marca', 'Sin Serial', 'ZF-SILLA000145', 'YOIMA GOITIA-COMEDOR INDUSTRAL', '31-10-2017', 0, 0, 0, 0, '', 0),
(3348, 13, 29, 'SILLAS FIJAS', 'LENNO', 'Sin Marca', 'Sin Serial', 'ZF-SILLA000146', 'YOIMA GOITIA-COMEDOR INDUSTRAL', '31-10-2017', 0, 0, 0, 0, '', 0),
(3349, 13, 29, 'SILLAS FIJAS', 'LENNO', 'Sin Marca', 'Sin Serial', 'ZF-SILLA000147', 'YOIMA GOITIA-COMEDOR INDUSTRAL', '31-10-2017', 0, 0, 0, 0, '', 0),
(3350, 13, 29, 'SILLAS FIJAS', 'LENNO', 'Sin Marca', 'Sin Serial', 'ZF-SILLA000148', 'YOIMA GOITIA-COMEDOR INDUSTRAL', '31-10-2017', 0, 0, 0, 0, '', 0),
(3351, 13, 29, 'SILLAS FIJAS', 'LENNO', 'Sin Marca', 'Sin Serial', 'ZF-SILLA000149', 'YOIMA GOITIA-COMEDOR INDUSTRAL', '31-10-2017', 0, 0, 0, 0, '', 0),
(3352, 13, 29, 'SILLAS FIJAS', 'LENNO', 'Sin Marca', 'Sin Serial', 'ZF-SILLA000150', 'YOIMA GOITIA-COMEDOR INDUSTRAL', '31-10-2017', 0, 0, 0, 0, '', 0),
(3353, 13, 29, 'SILLAS FIJAS', 'LENNO', 'Sin Marca', 'Sin Serial', 'ZF-SILLA000151', 'YOIMA GOITIA-COMEDOR INDUSTRAL', '31-10-2017', 0, 0, 0, 0, '', 0),
(3354, 13, 29, 'SILLAS FIJAS', 'LENNO', 'Sin Marca', 'Sin Serial', 'ZF-SILLA000152', 'YOIMA GOITIA-COMEDOR INDUSTRAL', '31-10-2017', 0, 0, 0, 0, '', 0),
(3355, 13, 29, 'SILLAS FIJAS', 'LENNO', 'Sin Marca', 'Sin Serial', 'ZF-SILLA000153', 'YOIMA GOITIA-COMEDOR INDUSTRAL', '31-10-2017', 0, 0, 0, 0, '', 0),
(3356, 13, 29, 'SILLAS FIJAS', 'LENNO', 'Sin Marca', 'Sin Serial', 'ZF-SILLA000154', 'YOIMA GOITIA-COMEDOR INDUSTRAL', '31-10-2017', 0, 0, 0, 0, '', 0),
(3357, 13, 29, 'SILLAS FIJAS', 'LENNO', 'Sin Marca', 'Sin Serial', 'ZF-SILLA000155', 'YOIMA GOITIA-COMEDOR INDUSTRAL', '31-10-2017', 0, 0, 0, 0, '', 0),
(3358, 13, 29, 'SILLAS FIJAS', 'LENNO', 'Sin Marca', 'Sin Serial', 'ZF-SILLA000156', 'YOIMA GOITIA-COMEDOR INDUSTRAL', '31-10-2017', 0, 0, 0, 0, '', 0),
(3359, 13, 29, 'SILLAS FIJAS', 'LENNO', 'Sin Marca', 'Sin Serial', 'ZF-SILLA000157', 'YOIMA GOITIA-COMEDOR INDUSTRAL', '31-10-2017', 0, 0, 0, 0, '', 0),
(3360, 13, 29, 'SILLAS FIJAS', 'LENNO', 'Sin Marca', 'Sin Serial', 'ZF-SILLA000158', 'YOIMA GOITIA-COMEDOR INDUSTRAL', '31-10-2017', 0, 0, 0, 0, '', 0),
(3361, 13, 29, 'SILLAS FIJAS', 'LENNO', 'Sin Marca', 'Sin Serial', 'ZF-SILLA000159', 'YOIMA GOITIA-COMEDOR INDUSTRAL', '31-10-2017', 0, 0, 0, 0, '', 0),
(3362, 13, 29, 'SILLAS FIJAS', 'LENNO', 'Sin Marca', 'Sin Serial', 'ZF-SILLA000160', 'YOIMA GOITIA-COMEDOR INDUSTRAL', '31-10-2017', 0, 0, 0, 0, '', 0),
(3363, 13, 29, 'SILLAS FIJAS', 'LENNO', 'Sin Marca', 'Sin Serial', 'ZF-SILLA000161', 'YOIMA GOITIA-COMEDOR INDUSTRAL', '31-10-2017', 0, 0, 0, 0, '', 0),
(3364, 13, 29, 'SILLAS FIJAS', 'LENNO', 'Sin Marca', 'Sin Serial', 'ZF-SILLA000162', 'YOIMA GOITIA-COMEDOR INDUSTRAL', '31-10-2017', 0, 0, 0, 0, '', 0),
(3365, 13, 29, 'SILLAS FIJAS', 'LENNO', 'Sin Marca', 'Sin Serial', 'ZF-SILLA000163', 'YOIMA GOITIA-COMEDOR INDUSTRAL', '31-10-2017', 0, 0, 0, 0, '', 0),
(3366, 13, 29, 'SILLAS FIJAS', 'LENNO', 'Sin Marca', 'Sin Serial', 'ZF-SILLA000164', 'YOIMA GOITIA-COMEDOR INDUSTRAL', '31-10-2017', 0, 0, 0, 0, '', 0),
(3367, 13, 29, 'SILLAS FIJAS', 'LENNO', 'Sin Marca', 'Sin Serial', 'ZF-SILLA000165', 'YOIMA GOITIA-COMEDOR INDUSTRAL', '31-10-2017', 0, 0, 0, 0, '', 0),
(3368, 13, 29, 'SILLAS FIJAS', 'LENNO', 'Sin Marca', 'Sin Serial', 'ZF-SILLA000166', 'YOIMA GOITIA-COMEDOR INDUSTRAL', '31-10-2017', 0, 0, 0, 0, '', 0),
(3369, 13, 29, 'SILLAS FIJAS', 'LENNO', 'Sin Marca', 'Sin Serial', 'ZF-SILLA000167', 'YOIMA GOITIA-COMEDOR INDUSTRAL', '31-10-2017', 0, 0, 0, 0, '', 0),
(3370, 13, 29, 'SILLAS FIJAS', 'LENNO', 'Sin Marca', 'Sin Serial', 'ZF-SILLA000168', 'YOIMA GOITIA-COMEDOR INDUSTRAL', '31-10-2017', 0, 0, 0, 0, '', 0),
(3371, 13, 29, 'SILLAS FIJAS', 'LENNO', 'Sin Marca', 'Sin Serial', 'ZF-SILLA000169', 'YOIMA GOITIA-COMEDOR INDUSTRAL', '31-10-2017', 0, 0, 0, 0, '', 0),
(3372, 13, 29, 'SILLAS FIJAS', 'LENNO', 'Sin Marca', 'Sin Serial', 'ZF-SILLA000170', 'YOIMA GOITIA-COMEDOR INDUSTRAL', '31-10-2017', 0, 0, 0, 0, '', 0),
(3373, 13, 29, 'SILLAS FIJAS', 'LENNO', 'Sin Marca', 'Sin Serial', 'ZF-SILLA000171', 'YOIMA GOITIA-COMEDOR INDUSTRAL', '31-10-2017', 0, 0, 0, 0, '', 0),
(3374, 13, 29, 'SILLAS FIJAS', 'LENNO', 'Sin Marca', 'Sin Serial', 'ZF-SILLA000172', 'YOIMA GOITIA-COMEDOR INDUSTRAL', '31-10-2017', 0, 0, 0, 0, '', 0),
(3375, 13, 29, 'SILLAS FIJAS', 'LENNO', 'Sin Marca', 'Sin Serial', 'ZF-SILLA000173', 'YOIMA GOITIA-COMEDOR INDUSTRAL', '31-10-2017', 0, 0, 0, 0, '', 0),
(3376, 13, 29, 'SILLAS FIJAS', 'LENNO', 'Sin Marca', 'Sin Serial', 'ZF-SILLA000174', 'YOIMA GOITIA-COMEDOR INDUSTRAL', '31-10-2017', 0, 0, 0, 0, '', 0),
(3377, 13, 29, 'SILLAS FIJAS', 'LENNO', 'Sin Marca', 'Sin Serial', 'ZF-SILLA000175', 'YOIMA GOITIA-COMEDOR INDUSTRAL', '31-10-2017', 0, 0, 0, 0, '', 0),
(3378, 13, 29, 'SILLAS FIJAS', 'LENNO', 'Sin Marca', 'Sin Serial', 'ZF-SILLA000176', 'YOIMA GOITIA-COMEDOR INDUSTRAL', '31-10-2017', 0, 0, 0, 0, '', 0),
(3379, 13, 29, 'SILLAS FIJAS', 'LENNO', 'Sin Marca', 'Sin Serial', 'ZF-SILLA000177', 'YOIMA GOITIA-COMEDOR INDUSTRAL', '31-10-2017', 0, 0, 0, 0, '', 0),
(3380, 13, 29, 'SILLAS FIJAS', 'LENNO', 'Sin Marca', 'Sin Serial', 'ZF-SILLA000178', 'YOIMA GOITIA-COMEDOR INDUSTRAL', '31-10-2017', 0, 0, 0, 0, '', 0),
(3381, 13, 29, 'SILLAS FIJAS', 'LENNO', 'Sin Marca', 'Sin Serial', 'ZF-SILLA000179', 'YOIMA GOITIA-COMEDOR INDUSTRAL', '31-10-2017', 0, 0, 0, 0, '', 0),
(3382, 13, 29, 'SILLAS FIJAS', 'LENNO', 'Sin Marca', 'Sin Serial', 'ZF-SILLA000180', 'YOIMA GOITIA-COMEDOR INDUSTRAL', '31-10-2017', 0, 0, 0, 0, '', 0),
(3383, 13, 29, 'SILLAS FIJAS', 'LENNO', 'Sin Marca', 'Sin Serial', 'ZF-SILLA000181', 'YOIMA GOITIA-COMEDOR INDUSTRAL', '31-10-2017', 0, 0, 0, 0, '', 0),
(3384, 13, 29, 'SILLAS FIJAS', 'LENNO', 'Sin Marca', 'Sin Serial', 'ZF-SILLA000182', 'YOIMA GOITIA-COMEDOR INDUSTRAL', '31-10-2017', 0, 0, 0, 0, '', 0),
(3385, 13, 29, 'SILLAS FIJAS', 'LENNO', 'Sin Marca', 'Sin Serial', 'ZF-SILLA000183', 'YOIMA GOITIA-COMEDOR INDUSTRAL', '31-10-2017', 0, 0, 0, 0, '', 0),
(3386, 13, 29, 'SILLAS FIJAS', 'LENNO', 'Sin Marca', 'Sin Serial', 'ZF-SILLA000184', 'YOIMA GOITIA-COMEDOR INDUSTRAL', '31-10-2017', 0, 0, 0, 0, '', 0),
(3387, 13, 29, 'SILLAS FIJAS', 'LENNO', 'Sin Marca', 'Sin Serial', 'ZF-SILLA000185', 'YOIMA GOITIA-COMEDOR INDUSTRAL', '31-10-2017', 0, 0, 0, 0, '', 0),
(3388, 13, 29, 'SILLAS FIJAS', 'LENNO', 'Sin Marca', 'Sin Serial', 'ZF-SILLA000186', 'YOIMA GOITIA-COMEDOR INDUSTRAL', '31-10-2017', 0, 0, 0, 0, '', 0),
(3389, 13, 29, 'SILLAS FIJAS', 'LENNO', 'Sin Marca', 'Sin Serial', 'ZF-SILLA000187', 'YOIMA GOITIA-COMEDOR INDUSTRAL', '31-10-2017', 0, 0, 0, 0, '', 0),
(3390, 13, 29, 'SILLAS FIJAS', 'LENNO', 'Sin Marca', 'Sin Serial', 'ZF-SILLA000188', 'YOIMA GOITIA-COMEDOR INDUSTRAL', '31-10-2017', 0, 0, 0, 0, '', 0),
(3391, 13, 29, 'SILLAS FIJAS', 'LENNO', 'Sin Marca', 'Sin Serial', 'ZF-SILLA000189', 'YOIMA GOITIA-COMEDOR INDUSTRAL', '31-10-2017', 0, 0, 0, 0, '', 0),
(3392, 13, 29, 'SILLAS FIJAS', 'LENNO', 'Sin Marca', 'Sin Serial', 'ZF-SILLA000190', 'YOIMA GOITIA-COMEDOR INDUSTRAL', '31-10-2017', 0, 0, 0, 0, '', 0),
(3393, 13, 29, 'SILLAS FIJAS', 'LENNO', 'Sin Marca', 'Sin Serial', 'ZF-SILLA000191', 'YOIMA GOITIA-COMEDOR INDUSTRAL', '31-10-2017', 0, 0, 0, 0, '', 0),
(3394, 13, 29, 'SILLAS FIJAS', 'LENNO', 'Sin Marca', 'Sin Serial', 'ZF-SILLA000192', 'YOIMA GOITIA-COMEDOR INDUSTRAL', '31-10-2017', 0, 0, 0, 0, '', 0),
(3395, 13, 29, 'SILLAS FIJAS', 'LENNO', 'Sin Marca', 'Sin Serial', 'ZF-SILLA000193', 'YOIMA GOITIA-COMEDOR INDUSTRAL', '31-10-2017', 0, 0, 0, 0, '', 0),
(3396, 13, 29, 'SILLAS FIJAS', 'LENNO', 'Sin Marca', 'Sin Serial', 'ZF-SILLA000194', 'YOIMA GOITIA-COMEDOR INDUSTRAL', '31-10-2017', 0, 0, 0, 0, '', 0),
(3397, 13, 29, 'SILLAS FIJAS', 'LENNO', 'Sin Marca', 'Sin Serial', 'ZF-SILLA000195', 'YOIMA GOITIA-COMEDOR INDUSTRAL', '31-10-2017', 0, 0, 0, 0, '', 0),
(3398, 13, 29, 'SILLAS FIJAS', 'LENNO', 'Sin Marca', 'Sin Serial', 'ZF-SILLA000196', 'YOIMA GOITIA-COMEDOR INDUSTRAL', '31-10-2017', 0, 0, 0, 0, '', 0),
(3399, 13, 29, 'SILLAS FIJAS', 'LENNO', 'Sin Marca', 'Sin Serial', 'ZF-SILLA000197', 'YOIMA GOITIA-COMEDOR INDUSTRAL', '31-10-2017', 0, 0, 0, 0, '', 0),
(3400, 13, 29, 'SILLAS FIJAS', 'LENNO', 'Sin Marca', 'Sin Serial', 'ZF-SILLA000198', 'YOIMA GOITIA-COMEDOR INDUSTRAL', '31-10-2017', 0, 0, 0, 0, '', 0),
(3401, 13, 29, 'SILLAS FIJAS', 'LENNO', 'Sin Marca', 'Sin Serial', 'ZF-SILLA000199', 'YOIMA GOITIA-COMEDOR INDUSTRAL', '31-10-2017', 0, 0, 0, 0, '', 0),
(3402, 13, 29, 'SILLAS FIJAS', 'LENNO', 'Sin Marca', 'Sin Serial', 'ZF-SILLA000200', 'YOIMA GOITIA-COMEDOR INDUSTRAL', '31-10-2017', 0, 0, 0, 0, '', 0),
(3403, 13, 29, 'SILLAS FIJAS', 'LENNO', 'Sin Marca', 'Sin Serial', 'ZF-SILLA000201', 'YOIMA GOITIA-COMEDOR INDUSTRAL', '31-10-2017', 0, 0, 0, 0, '', 0),
(3404, 13, 29, 'SILLAS FIJAS', 'LENNO', 'Sin Marca', 'Sin Serial', 'ZF-SILLA000202', 'YOIMA GOITIA-COMEDOR INDUSTRAL', '31-10-2017', 0, 0, 0, 0, '', 0),
(3405, 13, 29, 'SILLAS FIJAS', 'LENNO', 'Sin Marca', 'Sin Serial', 'ZF-SILLA000203', 'YOIMA GOITIA-COMEDOR INDUSTRAL', '31-10-2017', 0, 0, 0, 0, '', 0),
(3406, 13, 29, 'SILLAS FIJAS', 'LENNO', 'Sin Marca', 'Sin Serial', 'ZF-SILLA000204', 'YOIMA GOITIA-COMEDOR INDUSTRAL', '31-10-2017', 0, 0, 0, 0, '', 0),
(3407, 13, 29, 'SILLAS FIJAS', 'LENNO', 'Sin Marca', 'Sin Serial', 'ZF-SILLA000205', 'YOIMA GOITIA-COMEDOR INDUSTRAL', '31-10-2017', 0, 0, 0, 0, '', 0);
INSERT INTO `bienes` (`id`, `gerencia_id`, `unidad_id`, `descripcion`, `modelo`, `marca`, `serial`, `codigo_general`, `observacion`, `fecha`, `vida_util`, `eliminado`, `etiqueta`, `monto`, `factura`, `nota_entrega`) VALUES
(3408, 13, 29, 'SILLAS FIJAS', 'LENNO', 'Sin Marca', 'Sin Serial', 'ZF-SILLA000206', 'YOIMA GOITIA-COMEDOR INDUSTRAL', '31-10-2017', 0, 0, 0, 0, '', 0),
(3409, 13, 29, 'SILLAS FIJAS', 'LENNO', 'Sin Marca', 'Sin Serial', 'ZF-SILLA000207', 'YOIMA GOITIA-COMEDOR INDUSTRAL', '31-10-2017', 0, 0, 0, 0, '', 0),
(3410, 13, 29, 'SILLAS FIJAS', 'LENNO', 'Sin Marca', 'Sin Serial', 'ZF-SILLA000208', 'YOIMA GOITIA-COMEDOR INDUSTRAL', '31-10-2017', 0, 0, 0, 0, '', 0),
(3411, 13, 29, 'SILLAS FIJAS', 'LENNO', 'Sin Marca', 'Sin Serial', 'ZF-SILLA000209', 'YOIMA GOITIA-COMEDOR INDUSTRAL', '31-10-2017', 0, 0, 0, 0, '', 0),
(3412, 13, 29, 'SILLAS FIJAS', 'LENNO', 'Sin Marca', 'Sin Serial', 'ZF-SILLA000210', 'YOIMA GOITIA-COMEDOR INDUSTRAL', '31-10-2017', 0, 0, 0, 0, '', 0),
(3413, 13, 29, 'SILLAS FIJAS', 'LENNO', 'Sin Marca', 'Sin Serial', 'ZF-SILLA000211', 'YOIMA GOITIA-COMEDOR INDUSTRAL', '31-10-2017', 0, 0, 0, 0, '', 0),
(3414, 13, 29, 'SILLAS FIJAS', 'LENNO', 'Sin Marca', 'Sin Serial', 'ZF-SILLA000212', 'YOIMA GOITIA-COMEDOR INDUSTRAL', '31-10-2017', 0, 0, 0, 0, '', 0),
(3415, 13, 29, 'SILLAS FIJAS', 'LENNO', 'Sin Marca', 'Sin Serial', 'ZF-SILLA000213', 'YOIMA GOITIA-COMEDOR INDUSTRAL', '31-10-2017', 0, 0, 0, 0, '', 0),
(3416, 13, 29, 'SILLAS FIJAS', 'LENNO', 'Sin Marca', 'Sin Serial', 'ZF-SILLA000214', 'YOIMA GOITIA-COMEDOR INDUSTRAL', '31-10-2017', 0, 0, 0, 0, '', 0),
(3417, 13, 29, 'SILLAS FIJAS', 'LENNO', 'Sin Marca', 'Sin Serial', 'ZF-SILLA000215', 'YOIMA GOITIA-COMEDOR INDUSTRAL', '31-10-2017', 0, 0, 0, 0, '', 0),
(3418, 13, 29, 'SILLAS FIJAS', 'LENNO', 'Sin Marca', 'Sin Serial', 'ZF-SILLA000216', 'YOIMA GOITIA-COMEDOR INDUSTRAL', '31-10-2017', 0, 0, 0, 0, '', 0),
(3419, 13, 29, 'SILLAS FIJAS', 'LENNO', 'Sin Marca', 'Sin Serial', 'ZF-SILLA000217', 'YOIMA GOITIA-COMEDOR INDUSTRAL', '31-10-2017', 0, 0, 0, 0, '', 0),
(3420, 13, 29, 'SILLAS FIJAS', 'LENNO', 'Sin Marca', 'Sin Serial', 'ZF-SILLA000218', 'YOIMA GOITIA-COMEDOR INDUSTRAL', '31-10-2017', 0, 0, 0, 0, '', 0),
(3421, 13, 29, 'SILLAS FIJAS', 'LENNO', 'Sin Marca', 'Sin Serial', 'ZF-SILLA000219', 'YOIMA GOITIA-COMEDOR INDUSTRAL', '31-10-2017', 0, 0, 0, 0, '', 0),
(3422, 13, 29, 'SILLAS FIJAS', 'LENNO', 'Sin Marca', 'Sin Serial', 'ZF-SILLA000220', 'YOIMA GOITIA-COMEDOR INDUSTRAL', '31-10-2017', 0, 0, 0, 0, '', 0),
(3423, 13, 29, 'SILLAS FIJAS', 'LENNO', 'Sin Marca', 'Sin Serial', 'ZF-SILLA000221', 'YOIMA GOITIA-COMEDOR INDUSTRAL', '31-10-2017', 0, 0, 0, 0, '', 0),
(3424, 13, 29, 'SILLAS FIJAS', 'LENNO', 'Sin Marca', 'Sin Serial', 'ZF-SILLA000222', 'YOIMA GOITIA-COMEDOR INDUSTRAL', '31-10-2017', 0, 0, 0, 0, '', 0),
(3425, 13, 29, 'SILLAS FIJAS', 'LENNO', 'Sin Marca', 'Sin Serial', 'ZF-SILLA000223', 'YOIMA GOITIA-COMEDOR INDUSTRAL', '31-10-2017', 0, 0, 0, 0, '', 0),
(3426, 13, 29, 'SILLAS FIJAS', 'LENNO', 'Sin Marca', 'Sin Serial', 'ZF-SILLA000224', 'YOIMA GOITIA-COMEDOR INDUSTRAL', '31-10-2017', 0, 0, 0, 0, '', 0),
(3427, 13, 29, 'SILLAS FIJAS', 'LENNO', 'Sin Marca', 'Sin Serial', 'ZF-SILLA000225', 'YOIMA GOITIA-COMEDOR INDUSTRAL', '31-10-2017', 0, 0, 0, 0, '', 0),
(3428, 13, 29, 'SILLAS FIJAS', 'LENNO', 'Sin Marca', 'Sin Serial', 'ZF-SILLA000226', 'YOIMA GOITIA-COMEDOR INDUSTRAL', '31-10-2017', 0, 0, 0, 0, '', 0),
(3429, 13, 29, 'SILLAS FIJAS', 'LENNO', 'Sin Marca', 'Sin Serial', 'ZF-SILLA000227', 'YOIMA GOITIA-COMEDOR INDUSTRAL', '31-10-2017', 0, 0, 0, 0, '', 0),
(3430, 13, 29, 'SILLAS FIJAS', 'LENNO', 'Sin Marca', 'Sin Serial', 'ZF-SILLA000228', 'YOIMA GOITIA-COMEDOR INDUSTRAL', '31-10-2017', 0, 0, 0, 0, '', 0),
(3431, 13, 29, 'SILLAS FIJAS', 'LENNO', 'Sin Marca', 'Sin Serial', 'ZF-SILLA000229', 'YOIMA GOITIA-COMEDOR INDUSTRAL', '31-10-2017', 0, 0, 0, 0, '', 0),
(3432, 13, 29, 'SILLAS FIJAS', 'LENNO', 'Sin Marca', 'Sin Serial', 'ZF-SILLA000230', 'YOIMA GOITIA-COMEDOR INDUSTRAL', '31-10-2017', 0, 0, 0, 0, '', 0),
(3433, 13, 29, 'SILLAS FIJAS', 'LENNO', 'Sin Marca', 'Sin Serial', 'ZF-SILLA000231', 'YOIMA GOITIA-COMEDOR INDUSTRAL', '31-10-2017', 0, 0, 0, 0, '', 0),
(3434, 13, 29, 'SILLAS FIJAS', 'LENNO', 'Sin Marca', 'Sin Serial', 'ZF-SILLA000232', 'YOIMA GOITIA-COMEDOR INDUSTRAL', '31-10-2017', 0, 0, 0, 0, '', 0),
(3435, 13, 29, 'SILLAS FIJAS', 'LENNO', 'Sin Marca', 'Sin Serial', 'ZF-SILLA000233', 'YOIMA GOITIA-COMEDOR INDUSTRAL', '31-10-2017', 0, 0, 0, 0, '', 0),
(3436, 13, 29, 'SILLAS FIJAS', 'LENNO', 'Sin Marca', 'Sin Serial', 'ZF-SILLA000234', 'YOIMA GOITIA-COMEDOR INDUSTRAL', '31-10-2017', 0, 0, 0, 0, '', 0),
(3437, 13, 29, 'SILLAS FIJAS', 'LENNO', 'Sin Marca', 'Sin Serial', 'ZF-SILLA000235', 'YOIMA GOITIA-COMEDOR INDUSTRAL', '31-10-2017', 0, 0, 0, 0, '', 0),
(3438, 13, 29, 'SILLAS FIJAS', 'LENNO', 'Sin Marca', 'Sin Serial', 'ZF-SILLA000236', 'YOIMA GOITIA-COMEDOR INDUSTRAL', '31-10-2017', 0, 0, 0, 0, '', 0),
(3439, 13, 29, 'SILLAS FIJAS', 'LENNO', 'Sin Marca', 'Sin Serial', 'ZF-SILLA000237', 'YOIMA GOITIA-COMEDOR INDUSTRAL', '31-10-2017', 0, 0, 0, 0, '', 0),
(3440, 13, 29, 'SILLAS FIJAS', 'LENNO', 'Sin Marca', 'Sin Serial', 'ZF-SILLA000238', 'YOIMA GOITIA-COMEDOR INDUSTRAL', '31-10-2017', 0, 0, 0, 0, '', 0),
(3441, 13, 29, 'SILLAS FIJAS', 'LENNO', 'Sin Marca', 'Sin Serial', 'ZF-SILLA000239', 'YOIMA GOITIA-COMEDOR INDUSTRAL', '31-10-2017', 0, 0, 0, 0, '', 0),
(3442, 13, 29, 'SILLAS FIJAS', 'LENNO', 'Sin Marca', 'Sin Serial', 'ZF-SILLA000240', 'YOIMA GOITIA-COMEDOR INDUSTRAL', '31-10-2017', 0, 0, 0, 0, '', 0),
(3443, 13, 29, 'SILLAS FIJAS', 'LENNO', 'Sin Marca', 'Sin Serial', 'ZF-SILLA000241', 'YOIMA GOITIA-COMEDOR INDUSTRAL', '31-10-2017', 0, 0, 0, 0, '', 0),
(3444, 13, 29, 'SILLAS FIJAS', 'LENNO', 'Sin Marca', 'Sin Serial', 'ZF-SILLA000242', 'YOIMA GOITIA-COMEDOR INDUSTRAL', '31-10-2017', 0, 0, 0, 0, '', 0),
(3445, 13, 29, 'SILLAS FIJAS', 'LENNO', 'Sin Marca', 'Sin Serial', 'ZF-SILLA000243', 'YOIMA GOITIA-COMEDOR INDUSTRAL', '31-10-2017', 0, 0, 0, 0, '', 0),
(3446, 13, 29, 'SILLAS FIJAS', 'LENNO', 'Sin Marca', 'Sin Serial', 'ZF-SILLA000244', 'YOIMA GOITIA-COMEDOR INDUSTRAL', '31-10-2017', 0, 0, 0, 0, '', 0),
(3447, 13, 29, 'SILLAS FIJAS', 'LENNO', 'Sin Marca', 'Sin Serial', 'ZF-SILLA000245', 'YOIMA GOITIA-COMEDOR INDUSTRAL', '31-10-2017', 0, 0, 0, 0, '', 0),
(3448, 13, 29, 'SILLAS FIJAS', 'LENNO', 'Sin Marca', 'Sin Serial', 'ZF-SILLA000246', 'YOIMA GOITIA-COMEDOR INDUSTRAL', '31-10-2017', 0, 0, 0, 0, '', 0),
(3449, 13, 29, 'SILLAS FIJAS', 'LENNO', 'Sin Marca', 'Sin Serial', 'ZF-SILLA000247', 'YOIMA GOITIA-COMEDOR INDUSTRAL', '31-10-2017', 0, 0, 0, 0, '', 0),
(3450, 13, 29, 'SILLAS FIJAS', 'LENNO', 'Sin Marca', 'Sin Serial', 'ZF-SILLA000248', 'YOIMA GOITIA-COMEDOR INDUSTRAL', '31-10-2017', 0, 0, 0, 0, '', 0),
(3451, 13, 29, 'SILLAS FIJAS', 'LENNO', 'Sin Marca', 'Sin Serial', 'ZF-SILLA000249', 'YOIMA GOITIA-COMEDOR INDUSTRAL', '31-10-2017', 0, 0, 0, 0, '', 0),
(3452, 13, 29, 'SILLAS FIJAS', 'LENNO', 'Sin Marca', 'Sin Serial', 'ZF-SILLA000250', 'YOIMA GOITIA-COMEDOR INDUSTRAL', '31-10-2017', 0, 0, 0, 0, '', 0),
(3453, 13, 29, 'SILLAS FIJAS', 'LENNO', 'Sin Marca', 'Sin Serial', 'ZF-SILLA000251', 'YOIMA GOITIA-COMEDOR INDUSTRAL', '31-10-2017', 0, 0, 0, 0, '', 0),
(3454, 13, 29, 'SILLAS FIJAS', 'LENNO', 'Sin Marca', 'Sin Serial', 'ZF-SILLA000252', 'YOIMA GOITIA-COMEDOR INDUSTRAL', '31-10-2017', 0, 0, 0, 0, '', 0),
(3455, 13, 29, 'SILLAS FIJAS', 'LENNO', 'Sin Marca', 'Sin Serial', 'ZF-SILLA000253', 'YOIMA GOITIA-COMEDOR INDUSTRAL', '31-10-2017', 0, 0, 0, 0, '', 0),
(3456, 13, 29, 'SILLAS FIJAS', 'LENNO', 'Sin Marca', 'Sin Serial', 'ZF-SILLA000254', 'YOIMA GOITIA-COMEDOR INDUSTRAL', '31-10-2017', 0, 0, 0, 0, '', 0),
(3457, 13, 29, 'SILLAS FIJAS', 'LENNO', 'Sin Marca', 'Sin Serial', 'ZF-SILLA000255', 'YOIMA GOITIA-COMEDOR INDUSTRAL', '31-10-2017', 0, 0, 0, 0, '', 0),
(3458, 13, 29, 'SILLAS FIJAS', 'LENNO', 'Sin Marca', 'Sin Serial', 'ZF-SILLA000256', 'YOIMA GOITIA-COMEDOR INDUSTRAL', '31-10-2017', 0, 0, 0, 0, '', 0),
(3459, 13, 29, 'SILLAS FIJAS', 'LENNO', 'Sin Marca', 'Sin Serial', 'ZF-SILLA000257', 'YOIMA GOITIA-COMEDOR INDUSTRAL', '31-10-2017', 0, 0, 0, 0, '', 0),
(3460, 13, 29, 'SILLAS FIJAS', 'LENNO', 'Sin Marca', 'Sin Serial', 'ZF-SILLA000258', 'YOIMA GOITIA-COMEDOR INDUSTRAL', '31-10-2017', 0, 0, 0, 0, '', 0),
(3461, 13, 29, 'SILLAS FIJAS', 'LENNO', 'Sin Marca', 'Sin Serial', 'ZF-SILLA000259', 'YOIMA GOITIA-COMEDOR INDUSTRAL', '31-10-2017', 0, 0, 0, 0, '', 0),
(3462, 13, 29, 'SILLAS FIJAS', 'LENNO', 'Sin Marca', 'Sin Serial', 'ZF-SILLA000260', 'YOIMA GOITIA-COMEDOR INDUSTRAL', '31-10-2017', 0, 0, 0, 0, '', 0),
(3463, 13, 29, 'SILLAS FIJAS', 'LENNO', 'Sin Marca', 'Sin Serial', 'ZF-SILLA000261', 'YOIMA GOITIA-COMEDOR INDUSTRAL', '31-10-2017', 0, 0, 0, 0, '', 0),
(3464, 13, 29, 'SILLAS FIJAS', 'LENNO', 'Sin Marca', 'Sin Serial', 'ZF-SILLA000262', 'YOIMA GOITIA-COMEDOR INDUSTRAL', '31-10-2017', 0, 0, 0, 0, '', 0),
(3465, 13, 29, 'SILLAS FIJAS', 'LENNO', 'Sin Marca', 'Sin Serial', 'ZF-SILLA000263', 'YOIMA GOITIA-COMEDOR INDUSTRAL', '31-10-2017', 0, 0, 0, 0, '', 0),
(3466, 13, 29, 'SILLAS FIJAS', 'LENNO', 'Sin Marca', 'Sin Serial', 'ZF-SILLA000264', 'YOIMA GOITIA-COMEDOR INDUSTRAL', '31-10-2017', 0, 0, 0, 0, '', 0),
(3467, 13, 29, 'SILLAS FIJAS', 'LENNO', 'Sin Marca', 'Sin Serial', 'ZF-SILLA000265', 'YOIMA GOITIA-COMEDOR INDUSTRAL', '31-10-2017', 0, 0, 0, 0, '', 0),
(3468, 13, 29, 'SILLAS FIJAS', 'LENNO', 'Sin Marca', 'Sin Serial', 'ZF-SILLA000266', 'YOIMA GOITIA-COMEDOR INDUSTRAL', '31-10-2017', 0, 0, 0, 0, '', 0),
(3469, 13, 29, 'SILLAS FIJAS', 'LENNO', 'Sin Marca', 'Sin Serial', 'ZF-SILLA000267', 'YOIMA GOITIA-COMEDOR INDUSTRAL', '31-10-2017', 0, 0, 0, 0, '', 0),
(3470, 13, 29, 'SILLAS FIJAS', 'LENNO', 'Sin Marca', 'Sin Serial', 'ZF-SILLA000268', 'YOIMA GOITIA-COMEDOR INDUSTRAL', '31-10-2017', 0, 0, 0, 0, '', 0),
(3471, 13, 29, 'SILLAS FIJAS', 'LENNO', 'Sin Marca', 'Sin Serial', 'ZF-SILLA000269', 'YOIMA GOITIA-COMEDOR INDUSTRAL', '31-10-2017', 0, 0, 0, 0, '', 0),
(3472, 13, 29, 'SILLAS FIJAS', 'LENNO', 'Sin Marca', 'Sin Serial', 'ZF-SILLA000270', 'YOIMA GOITIA-COMEDOR INDUSTRAL', '31-10-2017', 0, 0, 0, 0, '', 0),
(3473, 13, 29, 'SILLAS FIJAS', 'LENNO', 'Sin Marca', 'Sin Serial', 'ZF-SILLA000271', 'YOIMA GOITIA-COMEDOR INDUSTRAL', '31-10-2017', 0, 0, 0, 0, '', 0),
(3474, 13, 29, 'SILLAS FIJAS', 'LENNO', 'Sin Marca', 'Sin Serial', 'ZF-SILLA000272', 'YOIMA GOITIA-COMEDOR INDUSTRAL', '31-10-2017', 0, 0, 0, 0, '', 0),
(3475, 13, 29, 'SILLAS FIJAS', 'LENNO', 'Sin Marca', 'Sin Serial', 'ZF-SILLA000273', 'YOIMA GOITIA-COMEDOR INDUSTRAL', '31-10-2017', 0, 0, 0, 0, '', 0),
(3476, 13, 29, 'SILLAS FIJAS', 'LENNO', 'Sin Marca', 'Sin Serial', 'ZF-SILLA000274', 'YOIMA GOITIA-COMEDOR INDUSTRAL', '31-10-2017', 0, 0, 0, 0, '', 0),
(3477, 13, 29, 'SILLAS FIJAS', 'LENNO', 'Sin Marca', 'Sin Serial', 'ZF-SILLA000275', 'YOIMA GOITIA-COMEDOR INDUSTRAL', '31-10-2017', 0, 0, 0, 0, '', 0),
(3478, 13, 29, 'SILLAS FIJAS', 'LENNO', 'Sin Marca', 'Sin Serial', 'ZF-SILLA000276', 'YOIMA GOITIA-COMEDOR INDUSTRAL', '31-10-2017', 0, 0, 0, 0, '', 0),
(3479, 13, 29, 'SILLAS FIJAS', 'LENNO', 'Sin Marca', 'Sin Serial', 'ZF-SILLA000277', 'YOIMA GOITIA-COMEDOR INDUSTRAL', '31-10-2017', 0, 0, 0, 0, '', 0),
(3480, 13, 29, 'SILLAS FIJAS', 'LENNO', 'Sin Marca', 'Sin Serial', 'ZF-SILLA000278', 'YOIMA GOITIA-COMEDOR INDUSTRAL', '31-10-2017', 0, 0, 0, 0, '', 0),
(3481, 13, 29, 'SILLAS FIJAS', 'LENNO', 'Sin Marca', 'Sin Serial', 'ZF-SILLA000279', 'YOIMA GOITIA-COMEDOR INDUSTRAL', '31-10-2017', 0, 0, 0, 0, '', 0),
(3482, 13, 29, 'SILLAS FIJAS', 'LENNO', 'Sin Marca', 'Sin Serial', 'ZF-SILLA000280', 'YOIMA GOITIA-COMEDOR INDUSTRAL', '31-10-2017', 0, 0, 0, 0, '', 0),
(3483, 13, 29, 'SILLAS FIJAS', 'LENNO', 'Sin Marca', 'Sin Serial', 'ZF-SILLA000281', 'YOIMA GOITIA-COMEDOR INDUSTRAL', '31-10-2017', 0, 0, 0, 0, '', 0),
(3484, 13, 29, 'SILLAS FIJAS', 'LENNO', 'Sin Marca', 'Sin Serial', 'ZF-SILLA000282', 'YOIMA GOITIA-COMEDOR INDUSTRAL', '31-10-2017', 0, 0, 0, 0, '', 0),
(3485, 13, 29, 'SILLAS FIJAS', 'LENNO', 'Sin Marca', 'Sin Serial', 'ZF-SILLA000283', 'YOIMA GOITIA-COMEDOR INDUSTRAL', '31-10-2017', 0, 0, 0, 0, '', 0),
(3486, 13, 29, 'SILLAS FIJAS', 'LENNO', 'Sin Marca', 'Sin Serial', 'ZF-SILLA000284', 'YOIMA GOITIA-COMEDOR INDUSTRAL', '31-10-2017', 0, 0, 0, 0, '', 0),
(3487, 13, 29, 'SILLAS FIJAS', 'LENNO', 'Sin Marca', 'Sin Serial', 'ZF-SILLA000285', 'YOIMA GOITIA-COMEDOR INDUSTRAL', '31-10-2017', 0, 0, 0, 0, '', 0),
(3488, 13, 29, 'SILLAS FIJAS', 'LENNO', 'Sin Marca', 'Sin Serial', 'ZF-SILLA000286', 'YOIMA GOITIA-COMEDOR INDUSTRAL', '31-10-2017', 0, 0, 0, 0, '', 0),
(3489, 13, 29, 'SILLAS FIJAS', 'LENNO', 'Sin Marca', 'Sin Serial', 'ZF-SILLA000287', 'YOIMA GOITIA-COMEDOR INDUSTRAL', '31-10-2017', 0, 0, 0, 0, '', 0),
(3490, 13, 29, 'SILLAS FIJAS', 'LENNO', 'Sin Marca', 'Sin Serial', 'ZF-SILLA000288', 'YOIMA GOITIA-COMEDOR INDUSTRAL', '31-10-2017', 0, 0, 0, 0, '', 0),
(3491, 13, 29, 'SILLAS FIJAS', 'LENNO', 'Sin Marca', 'Sin Serial', 'ZF-SILLA000289', 'YOIMA GOITIA-COMEDOR INDUSTRAL', '31-10-2017', 0, 0, 0, 0, '', 0),
(3492, 13, 29, 'SILLAS FIJAS', 'LENNO', 'Sin Marca', 'Sin Serial', 'ZF-SILLA000290', 'YOIMA GOITIA-COMEDOR INDUSTRAL', '31-10-2017', 0, 0, 0, 0, '', 0),
(3493, 13, 29, 'SILLAS FIJAS', 'LENNO', 'Sin Marca', 'Sin Serial', 'ZF-SILLA000291', 'YOIMA GOITIA-COMEDOR INDUSTRAL', '31-10-2017', 0, 0, 0, 0, '', 0),
(3494, 13, 29, 'SILLAS FIJAS', 'LENNO', 'Sin Marca', 'Sin Serial', 'ZF-SILLA000292', 'YOIMA GOITIA-COMEDOR INDUSTRAL', '31-10-2017', 0, 0, 0, 0, '', 0),
(3495, 13, 29, 'SILLAS FIJAS', 'LENNO', 'Sin Marca', 'Sin Serial', 'ZF-SILLA000293', 'YOIMA GOITIA-COMEDOR INDUSTRAL', '31-10-2017', 0, 0, 0, 0, '', 0),
(3496, 13, 29, 'SILLAS FIJAS', 'LENNO', 'Sin Marca', 'Sin Serial', 'ZF-SILLA000294', 'YOIMA GOITIA-COMEDOR INDUSTRAL', '31-10-2017', 0, 0, 0, 0, '', 0),
(3497, 13, 29, 'SILLAS FIJAS', 'LENNO', 'Sin Marca', 'Sin Serial', 'ZF-SILLA000295', 'YOIMA GOITIA-COMEDOR INDUSTRAL', '31-10-2017', 0, 0, 0, 0, '', 0),
(3498, 13, 29, 'SILLAS FIJAS', 'LENNO', 'Sin Marca', 'Sin Serial', 'ZF-SILLA000296', 'YOIMA GOITIA-COMEDOR INDUSTRAL', '31-10-2017', 0, 0, 0, 0, '', 0),
(3499, 13, 29, 'SILLAS FIJAS', 'LENNO', 'Sin Marca', 'Sin Serial', 'ZF-SILLA000297', 'YOIMA GOITIA-COMEDOR INDUSTRAL', '31-10-2017', 0, 0, 0, 0, '', 0),
(3500, 13, 29, 'SACAPUNTA ELECTRICO', 'Sin Modelo', 'NATIONAL', 'Sin Serial', 'ZF-SACAP000006', 'YOIMA GOITIA-COMEDOR INDUSTRAL', '31-10-2017', 0, 0, 0, 0, '', 0),
(3501, 13, 29, 'MAQUINA PARA CAFE', 'EPU/2TVI ITALIANA', 'WEGA', '463318', 'ZF-MAQUI000004', 'YOIMA GOITIA-COMEDOR INDUSTRAL', '31-10-2017', 0, 0, 0, 0, '', 0),
(3502, 13, 29, 'NEVERA DE 4 PUERTAS', 'Sin Modelo', 'INVITREL', 'Sin Serial', 'ZF-NEVER000013', 'YOIMA GOITIA-COMEDOR INDUSTRAL', '31-10-2017', 0, 0, 0, 0, '', 0),
(3503, 13, 29, 'MOSTRADOR CON TOPES DE MARMOL DE 4 DIVISIONES 2 PUERTAS ', 'Sin Modelo', 'Sin Marca', 'Sin Serial', 'ZF-MOSTR000001', 'YOIMA GOITIA-COMEDOR INDUSTRAL', '31-10-2017', 0, 0, 0, 0, '', 0),
(3504, 13, 29, 'MOSTRADOR CON TOPES DE MARMOL DE 4 DIVISIONES 2 PUERTAS ', 'Sin Modelo', 'Sin Marca', 'Sin Serial', 'ZF-MOSTR000002', 'YOIMA GOITIA-COMEDOR INDUSTRAL', '31-10-2017', 0, 0, 0, 0, '', 0),
(3505, 13, 29, 'MESA EN FORMICA DE 2 DIVISIONES, 2 GAVETAS', 'Sin Modelo', 'Sin Marca', 'Sin Serial', 'ZF-MESA_000059', 'YOIMA GOITIA-COMEDOR INDUSTRAL', '31-10-2017', 0, 0, 0, 0, '', 0),
(3506, 13, 29, 'MESA EN FORMICA DE 2 DIVISIONES, 2 GAVETAS', 'Sin Modelo', 'Sin Marca', 'Sin Serial', 'ZF-MESA_000060', 'YOIMA GOITIA-COMEDOR INDUSTRAL', '31-10-2017', 0, 0, 0, 0, '', 0),
(3507, 13, 29, 'FABRICACION DE DISPENSADORES DE PANES EN FORMICA, 2 PUERTAS', 'Sin Modelo', 'Sin Marca', 'Sin Serial', 'ZF-FABRI000016', 'YOIMA GOITIA-COMEDOR INDUSTRAL', '31-10-2017', 0, 0, 0, 0, '', 0),
(3508, 13, 29, 'MESAS CON TOPE DE GRANITO NATURAL CON BASE EN ESTRUCTURA DE HIERRO Y ACABADO  EN COLOR NEGRO CON DIMES', 'Sin Modelo', 'Sin Marca', 'Sin Serial', 'ZF-MESAS000061', '', '31-10-2017', 0, 0, 0, 0, '', 0),
(3509, 15, 38, 'POLTRONA', 'Sin Modelo', 'Sin Marca', 'Sin Serial', 'ZF-POLTR000002', ' ANDREINA DIAZ-CASA PETROCASA 3(PRESIDENCIA)', '06-11-2017', 0, 0, 0, 0, '', 0),
(3510, 15, 38, 'MUEBLE EN TELA DE DOS PUESTOS', 'Sin Modelo', 'Sin Marca', 'Sin Serial', 'ZF-MUEBL000015', ' ANDREINA DIAZ-CASA PETROCASA 3(PRESIDENCIA)', '06-11-2017', 0, 0, 0, 0, '', 0),
(3511, 15, 38, 'MUEBLE EN TELA DE UN PUESTO', 'Sin Modelo', 'Sin Marca', 'Sin Serial', 'ZF-MUEBL000016', ' ANDREINA DIAZ-CASA PETROCASA 3(PRESIDENCIA)', '06-11-2017', 0, 0, 0, 0, '', 0),
(3512, 15, 38, 'TELEVISOR 32”', 'ZC32D44U', 'SHARP', '801812563', 'ZF-TELEV000011', ' ANDREINA DIAZ-CASA PETROCASA 3(PRESIDENCIA)', '06-11-2017', 0, 0, 0, 0, '', 0),
(3513, 15, 38, 'DECODIFICADOR DIRECTV', '26LAN287TE7DH', 'DIRECTV', '1412053371', 'ZF-DECOD000006', ' ANDREINA DIAZ-CASA PETROCASA 3(PRESIDENCIA)', '06-11-2017', 0, 0, 0, 0, '', 0),
(3514, 15, 38, 'AIRE ACONDICIONADO TIPO SPLIT', 'DES24DD20VECD', 'DIGITAL ELECTRIC', 'Sin Serial', 'ZF-AIRE_000037', ' ANDREINA DIAZ-CASA PETROCASA 3(PRESIDENCIA)', '06-11-2017', 0, 0, 0, 0, '', 0),
(3515, 15, 38, 'AIRE ACONDICIONADO TIPO SPLIT', 'HSU12C13', 'HAIER', 'Sin Serial', 'ZF-AIRE_000038', ' ANDREINA DIAZ-CASA PETROCASA 3(PRESIDENCIA)', '06-11-2017', 0, 0, 0, 0, '', 0),
(3516, 15, 38, 'BOX INDIVIDUAL', 'Sin Modelo', 'Sin Marca', 'Sin Serial', 'ZF-BOX_I000009', ' ANDREINA DIAZ-CASA PETROCASA 3(PRESIDENCIA)', '06-11-2017', 0, 0, 0, 0, '', 0),
(3517, 15, 38, 'COLCHON INDIVIDUAL', 'Sin Modelo', 'Sin Marca', 'Sin Serial', 'ZF-COLCH000013', ' ANDREINA DIAZ-CASA PETROCASA 3(PRESIDENCIA)', '06-11-2017', 0, 0, 0, 0, '', 0),
(3518, 15, 38, 'BOX INDIVIDUAL', 'Sin Modelo', 'Sin Marca', 'Sin Serial', 'ZF-BOX_I000010', ' ANDREINA DIAZ-CASA PETROCASA 3(PRESIDENCIA)', '06-11-2017', 0, 0, 0, 0, '', 0),
(3519, 15, 38, 'COLCHON INDIVIDUAL', 'Sin Modelo', 'Sin Marca', 'Sin Serial', 'ZF-COLCH000014', ' ANDREINA DIAZ-CASA PETROCASA 3(PRESIDENCIA)', '06-11-2017', 0, 0, 0, 0, '', 0),
(3520, 15, 38, 'COLCHON QUEEN SAY', 'Sin Modelo', 'Sin Marca', 'Sin Serial', 'ZF-COLCH000015', ' ANDREINA DIAZ-CASA PETROCASA 3(PRESIDENCIA)', '06-11-2017', 0, 0, 0, 0, '', 0),
(3521, 15, 38, 'BOX INDIVIDUAL', 'Sin Modelo', 'Sin Marca', 'Sin Serial', 'ZF-BOX_I000011', ' ANDREINA DIAZ-CASA PETROCASA 3(PRESIDENCIA)', '06-11-2017', 0, 0, 0, 0, '', 0),
(3522, 15, 38, 'BOX INDIVIDUAL', 'Sin Modelo', 'Sin Marca', 'Sin Serial', 'ZF-BOX_I000012', ' ANDREINA DIAZ-CASA PETROCASA 3(PRESIDENCIA)', '06-11-2017', 0, 0, 0, 0, '', 0),
(3523, 15, 38, 'BOMBONA DE GAS', 'Sin Modelo', 'PDV COMUNAL', 'Sin Serial', 'ZF-BOMBO000005', ' ANDREINA DIAZ-CASA PETROCASA 3(PRESIDENCIA)', '06-11-2017', 0, 0, 0, 0, '', 0),
(3524, 15, 38, 'BOMBONA DE GAS', 'Sin Modelo', 'PDV COMUNAL', 'Sin Serial', 'ZF-BOMBO000006', ' ANDREINA DIAZ-CASA PETROCASA 3(PRESIDENCIA)', '06-11-2017', 0, 0, 0, 0, '', 0),
(3525, 15, 38, 'BOMBONA DE GAS', 'Sin Modelo', 'PDV COMUNAL', 'Sin Serial', 'ZF-BOMBO000007', ' ANDREINA DIAZ-CASA PETROCASA 3(PRESIDENCIA)', '06-11-2017', 0, 0, 0, 0, '', 0),
(3526, 15, 38, 'AIRE ACONDICIONADO TIPO SPLIT', 'ES-12085ER', 'SANKEY', 'Sin Serial', 'ZF-AIRE_000039', ' ANDREINA DIAZ-CASA PETROCASA 3(PRESIDENCIA)', '06-11-2017', 0, 0, 0, 0, '', 0),
(3527, 15, 38, 'AIRE ACONDICIONADO TIPO SPLIT', 'GP-S122C', 'GPLUS', 'Sin Serial', 'ZF-AIRE_000040', ' ANDREINA DIAZ-CASA PETROCASA 3(PRESIDENCIA)', '06-11-2017', 0, 0, 0, 0, '', 0),
(3528, 15, 38, 'ARMARIO', 'Sin Modelo', 'Sin Marca', 'Sin Serial', 'ZF-ARMAR000002', ' ANDREINA DIAZ-CASA PETROCASA 3(PRESIDENCIA)', '06-11-2017', 0, 0, 0, 0, '', 0),
(3529, 15, 38, 'GAVETERO PLASTICO CONTENTIVA DE TRES GAVETAS', 'Sin Modelo', 'Sin Marca', 'Sin Serial', 'ZF-GAVET000004', ' ANDREINA DIAZ-CASA PETROCASA 3(PRESIDENCIA)', '06-11-2017', 0, 0, 0, 0, '', 0),
(3530, 15, 38, 'GAVETERO PLASTICO CONTENTIVA DE TRES GAVETAS', 'Sin Modelo', 'Sin Marca', 'Sin Serial', 'ZF-GAVET000005', ' ANDREINA DIAZ-CASA PETROCASA 3(PRESIDENCIA)', '06-11-2017', 0, 0, 0, 0, '', 0),
(3531, 15, 38, 'DISPENSADOR DE AGUA', 'YLR2-5-V760CW(LED)', 'GPLUS', '11235660', 'ZF-DISPE000013', ' ANDREINA DIAZ-CASA PETROCASA 3(PRESIDENCIA)', '06-11-2017', 0, 0, 0, 0, '', 0),
(3532, 15, 38, 'SANDWICHERA', '4895814', 'OSTER', 'PN109171', 'ZF-SANDW000005', ' ANDREINA DIAZ-CASA PETROCASA 3(PRESIDENCIA)', '06-11-2017', 0, 0, 0, 0, '', 0),
(3533, 15, 38, 'SANDWICHERA', 'CG41', 'BLACK&DECKER', 'Sin Serial', 'ZF-SANDW000006', ' ANDREINA DIAZ-CASA PETROCASA 3(PRESIDENCIA)', '06-11-2017', 0, 0, 0, 0, '', 0),
(3534, 15, 38, 'NEVERA', 'NFRC345', 'FRIGILUX', '071209-0002', 'ZF-NEVER000014', ' ANDREINA DIAZ-CASA PETROCASA 3(PRESIDENCIA)', '06-11-2017', 0, 0, 0, 0, '', 0),
(3535, 15, 38, 'LICUADORA CON VASO', 'PN110820', 'OSTER', 'Sin Serial', 'ZF-LICUA000004', ' ANDREINA DIAZ-CASA PETROCASA 3(PRESIDENCIA)', '06-11-2017', 0, 0, 0, 0, '', 0),
(3536, 15, 38, 'MESA PEQUEÑA EN MADERA', 'Sin Modelo', 'Sin Marca', 'Sin Serial', 'ZF-MESA_000062', ' ANDREINA DIAZ-CASA PETROCASA 3(PRESIDENCIA)', '06-11-2017', 0, 0, 0, 0, '', 0),
(3537, 15, 38, 'MESAS CON TOPE DE GRANITO NATURAL CON BASE EN ESTRUCTURA DE HIERRO Y ACABADO  EN COLOR NEGRO CON DIMES', 'Sin Modelo', 'Sin Marca', 'Sin Serial', 'ZF-MESAS000062', ' ANDREINA DIAZ-CASA PETROCASA 3(PRESIDENCIA)', '06-11-2017', 0, 0, 0, 0, '', 0),
(3538, 15, 38, 'ESMERIL (GRANDE)', 'Sin Modelo', 'Dewalt', 'Sin Serial', 'ZF-ESMER000004', ' ANDREINA DIAZ-TOOL ROOM', '06-11-2017', 0, 0, 0, 0, '', 0),
(3539, 15, 38, 'TROZADORA', 'Sin Modelo', 'Dewalt', '532424', 'ZF-TROZA000002', ' ANDREINA DIAZ-TOOL ROOM', '06-11-2017', 0, 0, 0, 0, '', 0),
(3540, 15, 38, 'MAQUINA DE SOLDAR', 'Sin Modelo', 'Lincoln', '10420', 'ZF-MAQUI000005', ' ANDREINA DIAZ-TOOL ROOM', '06-11-2017', 0, 0, 0, 0, '', 0),
(3541, 15, 38, 'DESMALEZADORA ', 'Sin Modelo', 'Domopower', 'Sin Serial', 'ZF-DESMA000002', ' ANDREINA DIAZ-TOOL ROOM', '06-11-2017', 0, 0, 0, 0, '', 0),
(3542, 15, 38, 'TALADRO', 'Sin Modelo', 'Dewalt', 'Sin Serial', 'ZF-TALAD000004', ' ANDREINA DIAZ-TOOL ROOM', '06-11-2017', 0, 0, 0, 0, '', 0),
(3543, 15, 38, 'FUMIGADOR( ELECTRICO)', 'Sin Modelo', 'Domopower', 'Sin Serial', 'ZF-FUMIG000005', ' ANDREINA DIAZ-TOOL ROOM', '06-11-2017', 0, 0, 0, 0, '', 0),
(3544, 15, 38, 'FUMIGADORA (MANUAL)', 'Sin Modelo', 'Bayer', '01235H3 ', 'ZF-FUMIG000006', ' ANDREINA DIAZ-TOOL ROOM', '06-11-2017', 0, 0, 0, 0, '', 0),
(3545, 15, 38, 'FUMIGADORA (MANUAL)', 'Sin Modelo', 'Magna', 'Dañado ', 'ZF-FUMIG000007', ' ANDREINA DIAZ-TOOL ROOM', '06-11-2017', 0, 0, 0, 0, '', 0),
(3546, 15, 38, 'ESMERIL (PEQUEÑO)', 'Sin Modelo', 'Dewalt', 'Sin Serial', 'ZF-ESMER000005', ' ANDREINA DIAZ-TOOL ROOM', '06-11-2017', 0, 0, 0, 0, '', 0),
(3547, 15, 38, 'TALADRO', 'Sin Modelo', 'Truper', 'Sin Serial', 'ZF-TALAD000005', ' ANDREINA DIAZ-TOOL ROOM', '06-11-2017', 0, 0, 0, 0, '', 0),
(3548, 15, 38, 'TALADRO', 'Sin Modelo', 'Black&Decker', 'Sin Serial', 'ZF-TALAD000006', ' ANDREINA DIAZ-TOOL ROOM', '06-11-2017', 0, 0, 0, 0, '', 0),
(3549, 15, 38, 'HIDROJET', 'Sin Modelo', 'Tucson', 'Sin Serial', 'ZF-HIDRO000002', ' ANDREINA DIAZ-TOOL ROOM', '06-11-2017', 0, 0, 0, 0, '', 0),
(3550, 15, 38, 'MAQUINA DE CERAMICA', 'Sin Modelo', 'Sin Marca', 'Sin Serial', 'ZF-MAQUI000006', ' ANDREINA DIAZ-TOOL ROOM', '06-11-2017', 0, 0, 0, 0, '', 0),
(3551, 15, 38, 'FUMIGADORA (MANUAL)', 'Sin Modelo', 'Bayer', '031651M3', 'ZF-FUMIG000008', ' ANDREINA DIAZ-TOOL ROOM', '06-11-2017', 0, 0, 0, 0, '', 0),
(3552, 15, 38, 'MUEBLE EN TELA TIPO SOFA', 'Sin Modelo', 'Sin Marca', 'Sin Serial', 'ZF-MUEBL000017', ' ANDREINA DIAZ-CASA PETROCASA 4 ', '06-11-2017', 0, 0, 0, 0, '', 0),
(3553, 15, 38, 'AIRE ACONDICIONADO TIPO SPLIT 12000 BTU', 'HSU12C13', 'HAIER', '10561764', 'ZF-AIRE_000041', ' ANDREINA DIAZ-CASA PETROCASA 4 ', '06-11-2017', 0, 0, 0, 0, '', 0),
(3554, 15, 38, 'PLANCHA ELECTRICA', 'IM220', 'BLACK&DECKER', 'Sin Serial', 'ZF-PLANC000004', ' ANDREINA DIAZ-CASA PETROCASA 4 ', '06-11-2017', 0, 0, 0, 0, '', 0),
(3555, 15, 38, 'BOX INDIVIDUAL', 'Sin Modelo', 'Sin Marca', 'Sin Serial', 'ZF-BOX_I000013', ' ANDREINA DIAZ-CASA PETROCASA 4 ', '06-11-2017', 0, 0, 0, 0, '', 0),
(3556, 15, 38, 'COLCHON INDIVIDUAL', 'Sin Modelo', 'Sin Marca', 'Sin Serial', 'ZF-COLCH000016', ' ANDREINA DIAZ-CASA PETROCASA 4 ', '06-11-2017', 0, 0, 0, 0, '', 0),
(3557, 15, 38, 'BOX INDIVIDUAL', 'Sin Modelo', 'Sin Marca', 'Sin Serial', 'ZF-BOX_I000014', ' ANDREINA DIAZ-CASA PETROCASA 4 ', '06-11-2017', 0, 0, 0, 0, '', 0),
(3558, 15, 38, 'COLCHON INDIVIDUAL', 'Sin Modelo', 'Sin Marca', 'Sin Serial', 'ZF-COLCH000017', ' ANDREINA DIAZ-CASA PETROCASA 4 ', '06-11-2017', 0, 0, 0, 0, '', 0),
(3559, 15, 38, 'BOX INDIVIDUAL', 'Sin Modelo', 'Sin Marca', 'Sin Serial', 'ZF-BOX_I000015', ' ANDREINA DIAZ-CASA PETROCASA 4 ', '06-11-2017', 0, 0, 0, 0, '', 0),
(3560, 15, 38, 'COLCHON INDIVIDUAL', 'Sin Modelo', 'Sin Marca', 'Sin Serial', 'ZF-COLCH000018', ' ANDREINA DIAZ-CASA PETROCASA 4 ', '06-11-2017', 0, 0, 0, 0, '', 0),
(3561, 15, 38, 'BOX INDIVIDUAL', 'Sin Modelo', 'Sin Marca', 'Sin Serial', 'ZF-BOX_I000016', ' ANDREINA DIAZ-CASA PETROCASA 4 ', '06-11-2017', 0, 0, 0, 0, '', 0),
(3562, 15, 38, 'COLCHON INDIVIDUAL', 'Sin Modelo', 'Sin Marca', 'Sin Serial', 'ZF-COLCH000019', ' ANDREINA DIAZ-CASA PETROCASA 4 ', '06-11-2017', 0, 0, 0, 0, '', 0),
(3563, 15, 38, 'MESA DE MADERA', 'Sin Modelo', 'Sin Marca', 'Sin Serial', 'ZF-MESA_000063', ' ANDREINA DIAZ-CASA PETROCASA 4 ', '06-11-2017', 0, 0, 0, 0, '', 0),
(3564, 15, 38, 'MESA DE MADERA CON TRES COMPARTIMIENTOS', 'Sin Modelo', 'Sin Marca', 'Sin Serial', 'ZF-MESA_000064', ' ANDREINA DIAZ-CASA PETROCASA 4 ', '06-11-2017', 0, 0, 0, 0, '', 0),
(3565, 15, 38, 'DISPENSADOR DE AGUA', 'TY-DA23C/R', 'RANIA', 'DW-06-2012-01176', 'ZF-DISPE000014', ' ANDREINA DIAZ-CASA PETROCASA 4 ', '06-11-2017', 0, 0, 0, 0, '', 0),
(3566, 15, 38, 'MICROONDA', 'SP-MW07', 'SILVER POINT', '2651/4400', 'ZF-MICRO000016', ' ANDREINA DIAZ-CASA PETROCASA 4 ', '06-11-2017', 0, 0, 0, 0, '', 0),
(3567, 15, 38, 'AIRE ACONDICIONADO TIPO SPLIT', 'Sin Modelo', 'PREMIUM', '163621330700', 'ZF-AIRE_000042', ' ANDREINA DIAZ-CASA PETROCASA 4 ', '06-11-2017', 0, 0, 0, 0, '', 0),
(3568, 15, 38, 'SANDWICHERA', '3858-12', 'OSTER', '103146-12', 'ZF-SANDW000007', ' ANDREINA DIAZ-CASA PETROCASA 4 ', '06-11-2017', 0, 0, 0, 0, '', 0),
(3569, 15, 38, 'SANDWICHERA', '4896-814', 'OSTER', 'Sin Serial', 'ZF-SANDW000008', ' ANDREINA DIAZ-CASA PETROCASA 4 ', '06-11-2017', 0, 0, 0, 0, '', 0),
(3570, 15, 38, 'LICUADORA CON VASO', 'Sin Modelo', 'OSTERIZER', 'Sin Serial', 'ZF-LICUA000005', ' ANDREINA DIAZ-CASA PETROCASA 4 ', '06-11-2017', 0, 0, 0, 0, '', 0),
(3571, 15, 38, 'CAFETERA ELECTRICA SIN VASO', 'Sin Modelo', 'BLACK&DECKER', 'Sin Serial', 'ZF-CAFET000011', ' ANDREINA DIAZ-CASA PETROCASA 4 ', '06-11-2017', 0, 0, 0, 0, '', 0),
(3572, 15, 38, 'NEVERA', 'NFRC345', 'FRIGILUX', '071209-00029', 'ZF-NEVER000015', ' ANDREINA DIAZ-CASA PETROCASA 4 ', '06-11-2017', 0, 0, 0, 0, '', 0),
(3573, 15, 38, 'CAFETERA ELECTRICA CON VASO', 'Sin Modelo', 'BLACK&DECKER', 'Sin Serial', 'ZF-CAFET000012', ' ANDREINA DIAZ-CASA PETROCASA 4 ', '06-11-2017', 0, 0, 0, 0, '', 0),
(3574, 15, 38, 'TELEVISOR ', 'HDMI', 'DAEWOO', 'Z0089064620213', 'ZF-TELEV000012', ' ANDREINA DIAZ-CASA PETROCASA 4 ', '06-11-2017', 0, 0, 0, 0, '', 0),
(3575, 15, 38, 'MESA PARA TV', 'Sin Modelo', 'Sin Marca', 'Sin Serial', 'ZF-MESA_000065', ' ANDREINA DIAZ-CASA PETROCASA 4 ', '06-11-2017', 0, 0, 0, 0, '', 0),
(3576, 15, 38, 'DECODIFICADOR DIRECTV STB CON ROMODULADOR POWER BOX', 'DECS08014808068', 'DIRECTV', '10108000868', 'ZF-DECOD000007', ' ANDREINA DIAZ-CASA PETROCASA 4 ', '06-11-2017', 0, 0, 0, 0, '', 0),
(3577, 15, 38, 'CAMA MATRIMONIAL', 'Sin Modelo', 'Sin Marca', 'Sin Serial', 'ZF-CAMA_000015', ' ANDREINA DIAZ-CASA PETROCASA 4 ', '06-11-2017', 0, 0, 0, 0, '', 0),
(3578, 15, 38, 'MESA DE NOCHE', 'Sin Modelo', 'Sin Marca', 'Sin Serial', 'ZF-MESA_000066', ' ANDREINA DIAZ-CASA PETROCASA 4 ', '06-11-2017', 0, 0, 0, 0, '', 0),
(3579, 15, 38, 'MESA DE NOCHE', 'Sin Modelo', 'Sin Marca', 'Sin Serial', 'ZF-MESA_000067', ' ANDREINA DIAZ-CASA PETROCASA 4 ', '06-11-2017', 0, 0, 0, 0, '', 0),
(3580, 15, 38, 'PEINADORA EN MADERA', 'Sin Modelo', 'Sin Marca', 'Sin Serial', 'ZF-PEINA000002', ' ANDREINA DIAZ-CASA PETROCASA 4 ', '06-11-2017', 0, 0, 0, 0, '', 0),
(3581, 15, 38, 'BANQUITO PARA PEINADORA', 'Sin Modelo', 'Sin Marca', 'Sin Serial', 'ZF-BANQU000002', ' ANDREINA DIAZ-CASA PETROCASA 4 ', '06-11-2017', 0, 0, 0, 0, '', 0),
(3582, 15, 38, 'AIRE ACONDICIONADO TIPO SPLIT', 'HSU-12C13', 'HAIER', 'AA12E03000AC811F0536', 'ZF-AIRE_000043', ' ANDREINA DIAZ-CASA PETROCASA 4 ', '06-11-2017', 0, 0, 0, 0, '', 0),
(3583, 15, 38, 'MESA DE PLANCHAR', 'Sin Modelo', 'Sin Marca', 'Sin Serial', 'ZF-MESA_000068', ' ANDREINA DIAZ-CASA PETROCASA 4 ', '06-11-2017', 0, 0, 0, 0, '', 0),
(3584, 15, 38, 'DECODIFICADOR DIRECTV', 'L12', 'DIRECTV', 'EA058J4466E10WU', 'ZF-DECOD000008', ' ANDREINA DIAZ-CASA PETROCASA 4 ', '06-11-2017', 0, 0, 0, 0, '', 0),
(3585, 15, 38, 'LAVADORA DE 7KG (15.6 LBS)', 'WA89V3PDQ/XAP', 'SAMSUNG', '17435DBC9021021', 'ZF-LAVAD000003', ' ANDREINA DIAZ-CASA PETROCASA 4 ', '06-11-2017', 0, 0, 0, 0, '', 0),
(3586, 15, 38, 'LAVADORA DE 16.0 KG', 'WFS1638EKD', 'DIRECT DRIVE', '206KWJU64372', 'ZF-LAVAD000004', ' ANDREINA DIAZ-CASA PETROCASA 4 ', '06-11-2017', 0, 0, 0, 0, '', 0),
(3587, 15, 38, 'MOTO', 'Sin Modelo', 'Sin Marca', 'Sin Serial', 'ZF-MOTO000004', ' ANDREINA DIAZ -GALPON DEPOSITO ', '06-11-2017', 0, 0, 0, 0, '', 0),
(3588, 15, 38, 'MOTO', 'Sin Modelo', 'Sin Marca', 'Sin Serial', 'ZF-MOTO000005', ' ANDREINA DIAZ -GALPON DEPOSITO ', '06-11-2017', 0, 0, 0, 0, '', 0),
(3589, 15, 38, 'MOTO', 'Sin Modelo', 'Sin Marca', 'Sin Serial', 'ZF-MOTO000006', ' ANDREINA DIAZ -GALPON DEPOSITO ', '06-11-2017', 0, 0, 0, 0, '', 0),
(3590, 15, 38, 'RUSTICO ECO SPORT – PLACA IAL57R – COLOR AZUL –', 'ECOSPORT', 'FORD', 'SERIAL CARROCERIA 98FZE13F358687164 – SERIAL MOTOR CJJA58687164', 'ZF-RUSTI000002', 'ANDREINA DIAZ-UNIDAD VEHICULAR', '06-11-2017', 0, 0, 0, 0, '', 0),
(3591, 15, 38, 'CAMION PLATAFORMA / BARANDA – PLACA A67BA2V – COLOR BLANCO – ', 'HFC 1040K', 'JAC', 'SERIAL CARROCERIA 8XR1SCD14DU000176 – SERIAL MOTOR C4045333', 'ZF-CAMIO000005', 'ANDREINA DIAZ-UNIDAD VEHICULAR', '06-11-2017', 0, 0, 0, 0, '', 0),
(3592, 15, 38, 'CAMIONETA CHEROKEE SPORT  - PLACA AG003DA – COLOR BLANCO PIEDRA –  ', 'CHEROKEE SPORT AUTO 4X2 (GNV)', 'JEEP', 'SERIAL CARROCERIA 8Y4PJ1AK5CGOO2796 – SERIAL MOTOR 6CIL', 'ZF-CAMIO000006', 'ANDREINA DIAZ-UNIDAD VEHICULAR', '06-11-2017', 0, 0, 0, 0, '', 0),
(3593, 15, 38, 'CAMIONETA DOBLE CABINA LUV D MAX 4X4   - PLACA A13AVOV – COLOR BLANCO  – ', 'LUV D MAX DOBLE CABINA 4X4 AUT', 'CHEVROLET', ' SERIAL CARROCERIA 8ZCPSSCZ78V403166 – SERIAL MOTOR 289590', 'ZF-CAMIO000007', 'ANDREINA DIAZ-UNIDAD VEHICULAR', '06-11-2017', 0, 0, 0, 261759.82, '11390', 0),
(3594, 15, 38, 'AUTOMOVIL SEDAN CENTAURO LX XU7 – PLACA AF336LG – COLOR BLANCO – ', 'CENTAURO LX XU7', 'VENIRAUTO', 'SERIAL CARROCERIA 8Y5C91CC0DD000109 – SERIAL MOTOR 1249D292962', 'ZF-AUTOM000003', 'ANDREINA DIAZ-UNIDAD VEHICULAR', '06-11-2017', 0, 0, 0, 0, '', 0),
(3595, 15, 38, 'AUTOMOVIL SEDAN CENTAURO LX  PLACA AI330XA – COLOR GRIS – ', 'CENTAURO LX', 'VENIRAUTO', 'SERIAL CARROCERIA 8Y5C91CC5FD000321 – SERIAL MOTOR 124KD509865', 'ZF-AUTOM000004', 'ANDREINA DIAZ-UNIDAD VEHICULAR', '06-11-2017', 0, 0, 0, 0, '', 0),
(3596, 15, 38, 'AUTOBUS. MODELO ENT 3000-50 PUESTOS AUTOMATICO, TIPO VAN COLOR BLANCO', 'ENT 3000-50', 'Sin Marca', 'SERIAL CARROCERIA 8XL3HN21D8E001008 – SERIAL MOTOR 30582714', 'ZF-AUTOB000003', 'ANDREINA DIAZ-UNIDAD VEHICULAR', '06-11-2017', 0, 0, 0, 0, '', 0),
(3597, 15, 38, 'AUTOBUS. COLOR ROJO', 'MAZ', 'Sin Marca', 'Sin Serial', 'ZF-AUTOB000004', 'ANDREINA DIAZ-UNIDAD VEHICULAR', '06-11-2017', 0, 0, 0, 0, '', 0),
(3598, 15, 38, 'CAMIONETA PICK-UP – CARGA', 'C-10 PICKUP STD', 'CHEVROLET', 'SERIAL CARROCERIA C1R4TLV50888 – SERIAL MOTOR TLV350888', 'ZF-CAMIO000008', 'ANDREINA DIAZ-UNIDAD VEHICULAR', '06-11-2017', 0, 0, 0, 0, '', 0),
(3599, 15, 38, 'PLANTA ELECTRICA  (ASI) CIP/L:3.9  CPL/L:006', '4BTA3.9-G2', 'CUMMINS', '69772394', 'ZF-PLANT000004', 'ANDREINA DIAZ-UNIDAD VEHICULAR', '06-11-2017', 0, 0, 0, 0, '', 0),
(3600, 15, 38, 'PLANTA ELECTRICA  (COMEDOR INDUSTRIAL)  GRUPO GENERADOR No. ST 0110402106.  GRUPO GENERADOR NEWAGE. POTENCIA: 110/100KVA, TENSION 220V, FECHA DE FABRICACION: OCT 06', 'MS4-1TA UC1274D', 'STEMAC', ' ST 0110402106', 'ZF-PLANT000005', 'ANDREINA DIAZ-UNIDAD VEHICULAR', '06-11-2017', 0, 0, 0, 0, '', 0),
(3601, 15, 38, 'PLANTA ELECTRICA  (EDIFICIO ADMINISTRATIVO) ', 'NT-250', 'MAQUIGERAL, S.A.', '30109498', 'ZF-PLANT000006', 'ANDREINA DIAZ-UNIDAD VEHICULAR', '06-11-2017', 0, 0, 0, 0, '', 0),
(3602, 15, 38, 'RADIO MOTOROLA', 'EP450', 'MOTOROLLA', '442TFQL560', 'ZF-RADIO000007', 'ANDREINA DIAZ-RADIOS MOTOROLA', '06-11-2017', 0, 0, 0, 0, '', 0),
(3603, 15, 38, 'RADIO MOTOROLA', 'EP450', 'MOTOROLLA', '442TFQK431', 'ZF-RADIO000008', 'ANDREINA DIAZ-RADIOS MOTOROLA', '06-11-2017', 0, 0, 0, 0, '', 0),
(3604, 15, 38, 'RADIO MOTOROLA', 'GP300', 'MOTOROLLA', '188TXSO664', 'ZF-RADIO000009', 'ANDREINA DIAZ-RADIOS MOTOROLA', '06-11-2017', 0, 0, 0, 0, '', 0),
(3605, 15, 38, 'AIRE ACONDICIONADO TIPO SPLIT', 'NO TIENE', 'PREMIUM', '20070912-163621330700008', 'ZF-AIRE_000044', 'ANDREINA DIAZ-CASA PETROCASA 1', '06-11-2017', 0, 0, 0, 0, '', 0),
(3606, 15, 38, 'AIRE ACONDICIONADO TIPO SPLIT', 'SAP-KC1205S6', 'SANYO', 'Sin Serial', 'ZF-AIRE_000045', 'ANDREINA DIAZ-CASA PETROCASA 2', '06-11-2017', 0, 0, 0, 0, '', 0),
(3607, 15, 38, 'AIRE ACONDICIONADO TIPO SPLIT', 'FS09CM6J/FSE09CM6J', 'FRIGIDAIRE', 'PNC9290200139', 'ZF-AIRE_000046', 'ANDREINA DIAZ-CASA PETROCASA 3', '06-11-2017', 0, 0, 0, 0, '', 0),
(3608, 15, 38, 'AIRE ACONDICIONADO TIPO SPLIT', 'AS-12K', 'SUPPLY', 'G83500496', 'ZF-AIRE_000047', 'ANDREINA DIAZ-CASA PETROCASA 4', '06-11-2017', 0, 0, 0, 0, '', 0),
(3609, 15, 38, 'JUEGO DE COMEDOR EN MADERA CON FIERRO FORJADO REDONDO CON 4 SILLAS DEL MISMO MATERIAL', 'Sin Modelo', 'Sin Marca', 'Sin Serial', 'ZF-JUEGO000011', 'ANDREINA DIAZ-CASA PETROCASA 5', '06-11-2017', 0, 0, 0, 0, '', 0),
(3610, 15, 38, 'MUEBLE EN MADERA E HIERRO FORJADODE 2 PUESTOS, Y DOS INDIVIDUALES IGUAL MATERIAL', 'Sin Modelo', 'Sin Marca', 'Sin Serial', 'ZF-MUEBL000018', 'ANDREINA DIAZ-CASA PETROCASA 6', '06-11-2017', 0, 0, 0, 0, '', 0),
(3611, 15, 38, 'EQUIPO DE SONIDO CONTENTIVO DE 2 CORNETAS', 'SAAK370', 'PANASONIC', 'RNBHA021874   LE8KA005097', 'ZF-EQUIP000002', 'ANDREINA DIAZ-CASA PETROCASA 7', '06-11-2017', 0, 0, 0, 0, '', 0),
(3612, 10, 15, 'MONITOR', 'VITA3300', 'VIT', 'NP: A10501040403001   NC: UP2754010391A', 'ZF-MONIT000048', 'JEHNNY GOMEZ', '06-11-2017', 0, 0, 0, 0, '', 0),
(3613, 10, 15, 'TECLADO', 'DOCK-KH18IW', 'VIT', 'KBD523K10203A', 'ZF-TECLA000040', 'JEHNNY GOMEZ', '06-11-2017', 0, 0, 0, 0, '', 0),
(3614, 10, 15, 'ESCRITORIO DE MADERA CONTENTIVA DE 2 GAVETAS TIPO L', 'Sin Modelo', 'Sin Marca', 'Sin Serial', 'ZF-ESCRI000038', 'JEHNNY GOMEZ', '06-11-2017', 0, 0, 0, 0, '', 0),
(3615, 10, 15, 'CARTELERA GRANDE EN CORCHO', 'Sin Modelo', 'Sin Marca', 'Sin Serial', 'ZF-CARTE000003', 'JEHNNY GOMEZ', '06-11-2017', 0, 0, 0, 0, '', 0),
(3616, 10, 15, 'TELEFONO', 'ESPACE 6805', 'HUAWEI', '210213603465Q4B000018', 'ZF-TELEF000032', 'JEHNNY GOMEZ', '06-11-2017', 0, 0, 0, 0, '', 0),
(3617, 10, 15, 'MOUSE', 'DOK M158W', 'VIT', 'MSD523K10203A', 'ZF-MOUSE000031', 'JEHNNY GOMEZ', '06-11-2017', 0, 0, 0, 0, '', 0),
(3618, 10, 15, 'ARCHIVO CONTENTIVO DE 4 GAVETAS', 'Sin Modelo', 'Sin Marca', 'Sin Serial', 'ZF-ARCHI000015', 'JEHNNY GOMEZ', '06-11-2017', 0, 0, 0, 0, '', 0),
(3619, 10, 15, 'SILLA EJECUTIVA CON BRAZO Y RUEDAS, GIRATORIA EN TELA', 'Sin Modelo', 'Sin Marca', 'Sin Serial', 'ZF-SILLA000298', 'JEHNNY GOMEZ', '06-11-2017', 0, 0, 0, 0, '', 0),
(3620, 10, 15, 'AIRE ACONDICIONADO DE VENTANA', 'Sin Modelo', 'Sin Marca', 'Sin Serial', 'ZF-AIRE_000048', 'JEHNNY GOMEZ', '06-11-2017', 0, 0, 0, 0, '', 0),
(3621, 10, 15, 'SILLA SECRETARIALES EN TELA SIN BRAZO', 'Sin Modelo', 'Sin Marca', 'Sin Serial', 'ZF-SILLA000299', 'JEHNNY GOMEZ', '06-11-2017', 0, 0, 0, 0, '', 0),
(3622, 10, 15, 'SILLA SECRETARIALES EN TELA SIN BRAZO', 'Sin Modelo', 'Sin Marca', 'Sin Serial', 'ZF-SILLA000300', 'JEHNNY GOMEZ', '06-11-2017', 0, 0, 0, 0, '', 0),
(3623, 10, 15, 'UPS', 'SL-761', 'FORZA', '4111700811', 'ZF-UPS000008', 'JEHNNY GOMEZ', '06-11-2017', 0, 0, 0, 0, '', 0),
(3624, 10, 15, 'CARGADOR DEL MONITOR', 'Sin Modelo', 'VIT', 'YC35513825004468900', 'ZF-CARGA000007', 'JEHNNY GOMEZ', '06-11-2017', 0, 0, 0, 0, '', 0),
(3625, 10, 15, 'CARTELERA ACRILICA', 'Sin Modelo', 'Sin Marca', 'Sin Serial', 'ZF-CARTE000004', 'JEHNNY GOMEZ', '06-11-2017', 0, 0, 0, 0, '', 0),
(3626, 15, 38, 'Monitor', 'TFT19W80PS', 'VIT', '778BBBA005928', 'ZF-MONIT000049', '', '07-11-2017', 0, 0, 0, 0, '', 0),
(3627, 15, 38, 'Mouse', 'Sin Modelo', 'Sin Marca', 'A000020331', 'ZF-MOUSE000032', '', '07-11-2017', 0, 0, 0, 0, '', 0),
(3628, 11, 17, 'Telefono', 'eSpace 6805', 'huawei', '21021603465q4b000022', 'ZF-TELEF000033', '', '09-11-2017', 0, 0, 0, 0, '', 0),
(3629, 11, 17, 'ups', 'at-500', 'forza', '*319c11627*', 'ZF-UPS000009', '', '09-11-2017', 0, 0, 0, 0, '', 0),
(3630, 7, 41, 'Router', 'tp link', 'TL_WR940N', '2142196005526', 'ZF-ROUTE000009', '', '21-11-2017', 0, 0, 0, 0, '', 0),
(3631, 13, 22, 'ups', 'SL-761', 'forza', '4111700818', 'ZF-UPS000010', 'Responsable Armandina Di Franco', '22-11-2017', 0, 0, 0, 0, '', 0),
(3632, 13, 26, 'SILLA CON POSA MANOS NEGRA', 'Sin Modelo', 'Sin Marca', 'Sin Serial', 'ZF-SILLA000301', 'ELIZABETH VARGAS', '01-12-2017', 0, 0, 0, 0, '', 0),
(3633, 13, 26, 'MOUSE', 'MSU0718T', 'VIT', 'MSB512Q10205A', 'ZF-MOUSE000033', 'ELIZABETH VARGAS', '01-12-2017', 0, 0, 0, 0, '', 0),
(3634, 13, 23, 'cpu', 'M2100-01-01', 'VIT', 'a001222318', 'ZF-CPU000009', 'Resp. Andrys Manaure', '18-12-2017', 0, 0, 0, 0, '', 0),
(3635, 13, 23, 'teclado', 'DOK-K5318U', 'VIT', 'KBH504K10554A', 'ZF-TECLA000041', 'Resp. Andrys Manaure', '18-12-2017', 0, 0, 0, 0, '', 0),
(3636, 13, 23, 'Mouse', 'DOK-M696', 'VIT', 'MSE707K13417A', 'ZF-MOUSE000034', 'Resp. Andrys Manaure', '18-12-2017', 0, 0, 0, 0, '', 0),
(3637, 13, 23, 'Cornetas', 'LC-B118', 'VIT', '11841222008344', 'ZF-CORNE000022', 'Resp. Andrys Manaure', '18-12-2017', 0, 0, 0, 0, '', 0),
(3638, 13, 23, 'Mointor', 'TFT20W90PS1', 'VIT', 'FSEF6HA086671', 'ZF-MOINT000001', 'Resp. Andrys Manaure', '18-12-2017', 0, 0, 0, 0, '', 0),
(3639, 18, 44, 'CPU', 'VITM2100-01-01', 'VIT', 'A001222399', 'ZF-CPU000010', 'Resp. María Lugo', '22-12-2017', 0, 0, 0, 0, '', 0),
(3640, 18, 44, 'Monitor', 'TFT20W90PS1', 'VIT', 'FSEF6HA086669', 'ZF-MONIT000050', 'Resp. María Lugo', '22-12-2017', 0, 0, 0, 0, '', 0),
(3641, 18, 44, 'Teclado', 'DOK-K5318U', 'VIT', 'KBH504K10975A', 'ZF-TECLA000042', 'Resp. María Lugo', '22-12-2017', 0, 0, 0, 0, '', 0),
(3642, 18, 44, 'Mouse', 'DOK-M696', 'VIT', 'MSE707K13443A', 'ZF-MOUSE000035', 'Resp. María Lugo', '22-12-2017', 0, 0, 0, 0, '', 0),
(3643, 8, 11, 'CPU', 'VITM2100-01-01', 'VIT', 'A001222381', 'ZF-CPU000001', 'Resp. Ruben Avila', '22-12-2017', 0, 0, 0, 0, '', 0),
(3644, 8, 11, 'Monitor', 'TFT20W90PS1', 'VIT', 'FSEF6HA086672', 'ZF-MONIT000051', 'Resp. Ruben Avila', '22-12-2017', 0, 0, 0, 0, '', 0),
(3645, 8, 11, 'Teclado', 'DOK-K5318U', 'VIT', 'KBH504K10989A', 'ZF-TECLA000043', 'Resp. Ruben Avila', '22-12-2017', 0, 0, 0, 0, '', 0),
(3646, 8, 11, 'Mouse', 'DOK-M696', 'VIT', 'MSE707K13410A', 'ZF-MOUSE000036', 'Resp. Ruben Avila', '22-12-2017', 0, 0, 0, 0, '', 0),
(3647, 8, 11, 'Cornetas', 'LC-B118', 'VIT', '11861226007365', 'ZF-CORNE000023', 'Resp. Ruben Avila (no instaladas)', '22-12-2017', 0, 0, 0, 0, '', 0),
(3648, 14, 35, 'CPU', 'VITM2100-01-01', 'VIT', 'A001222322', 'ZF-CPU000002', 'Resp. Yeniree Lugo', '22-12-2017', 0, 0, 0, 0, '', 0),
(3649, 14, 35, 'Teclado', 'DOK-K5318U', 'VIT', 'KBH504K10789A', 'ZF-TECLA000044', 'Resp. Yeniree Lugo', '22-12-2017', 0, 0, 0, 0, '', 0),
(3650, 14, 35, 'Cornetas', 'LC-B118', 'VIT', '11841222009508', 'ZF-CORNE000024', 'Resp. Yeniree Lugo', '22-12-2017', 0, 0, 0, 0, '', 0),
(3651, 14, 35, 'Mouse', 'DOK-K5318U', 'VIT', 'MSE707K13403A', 'ZF-MOUSE000037', 'Resp. Yeniree Lugo', '22-12-2017', 0, 0, 0, 0, '', 0),
(3652, 14, 35, 'Monitor', 'TFT20W90PS1', 'VIT', 'FSEF6HA086677', 'ZF-MONIT000052', 'Resp. Yeniree Lugo', '22-12-2017', 0, 0, 0, 0, '', 0),
(3653, 17, 43, 'CPU', 'VITM2100-01-01', 'VIT', 'A001222325', 'ZF-CPU000003', 'Resp. Franny Colina', '22-12-2017', 0, 0, 0, 0, '', 0),
(3654, 17, 43, 'Teclado', 'DOK-K5318U', 'VIT', 'KBH504K10979A', 'ZF-TECLA000045', 'Resp. Franny Colina', '22-12-2017', 0, 0, 0, 0, '', 0),
(3655, 17, 43, 'Mouse', 'DOK-M696', 'VIT', 'MSE707K13437A', 'ZF-MOUSE000038', 'Resp. Franny Colina', '22-12-2017', 0, 0, 0, 0, '', 0),
(3656, 17, 43, 'Cornetas', 'LC-B118', 'VIT', '11861226007375', 'ZF-CORNE000025', 'Resp. Franny Colina', '22-12-2017', 0, 0, 0, 0, '', 0),
(3657, 17, 43, 'Monitor', 'TFT20W90PS1', 'VIT', 'FSEF6HA086695', 'ZF-MONIT000053', 'Resp. Franny Colina', '22-12-2017', 0, 0, 0, 0, '', 0),
(3658, 13, 29, 'VERGATARIO 5', 'L-110', 'VTELCA', '1172490101900493', 'ZF-VERGA000001', 'Responsable Yoima Goitia', '09-02-2018', 0, 0, 0, 0, '', 1),
(3659, 13, 22, 'VERGATARIO 5', 'L-110', 'VTELCA', '1172490101900575', 'ZF-VERGA000002', 'Responsable Armandina Di Franco', '09-02-2018', 0, 0, 0, 0, '', 1),
(3660, 17, 43, 'VERGATARIO 5', 'L-110', 'VTELCA', '1172490101900459', 'ZF-VERGA000003', 'Responsable Franny Colina', '09-02-2018', 0, 0, 0, 0, '', 1),
(3661, 8, 12, 'VERGATARIO 5', 'L-110', 'VTELCA', '1172490101900458', 'ZF-VERGA000004', 'Responsable Josefina Romero', '09-02-2018', 0, 0, 0, 0, '', 1),
(3662, 12, 21, 'VERGATARIO 5', 'L-110', 'VTELCA', '1172490101900196', 'ZF-VERGA000005', 'Responsable Erika Sánchez', '09-02-2018', 0, 0, 0, 0, '', 1),
(3663, 14, 31, 'VERGATARIO 5', 'L-110', 'VTELCA', '1172490101900203', 'ZF-VERGA000006', 'Responsable Lisbeth Martínez ', '09-02-2018', 0, 0, 0, 0, '', 1),
(3664, 13, 23, 'VERGATARIO 5', 'L-110', 'VTELCA', '1172490101900184', 'ZF-VERGA000007', 'Responsable Andrys Manaure', '09-02-2018', 0, 0, 0, 0, '', 1),
(3665, 10, 15, 'VERGATARIO 5', 'L-110', 'VTELCA', '1172490101900582', 'ZF-VERGA000008', 'Responsable Jhenny Gomez', '09-02-2018', 0, 0, 0, 0, '', 1),
(3666, 8, 12, 'TARJETA SIMCARD', 'SIMCARD', 'SIMCARD', '8958060001267427645', 'ZF-TARJE000001', 'Responsable Mariela García', '15-02-2018', 0, 0, 0, 0, '', 1),
(3667, 18, 44, 'SIMCARD', 'SIMCARD', 'SIMCARD', '8958060001267427702', 'ZF-SIMCA000001', 'Resp. María Lugo', '15-02-2018', 0, 0, 0, 0, '', 1),
(3668, 9, 13, 'SIMCARD', 'SIMCARD', 'SIMCARD', '8958060001267427710', 'ZF-SIMCA000002', 'Responsable Sarah Ferrer', '15-02-2018', 0, 0, 0, 0, '', 0),
(3669, 10, 15, 'SIMCARD', 'SIMCARD', 'SIMCARD', '8958060001267427728', 'ZF-SIMCA000003', 'Responsable Jehnny Gomez', '15-02-2018', 0, 0, 0, 0, '', 1),
(3670, 13, 29, 'SIMCARD', 'SIMCARD', 'SIMCAR', '8958060001267427736', 'ZF-SIMCA000004', 'Responsable Yoyma Goitía', '15-02-2018', 0, 0, 0, 0, '', 1),
(3671, 13, 22, 'SIMCARD', 'SIMCARD', 'SIMCARD', '8958060001267427744', 'ZF-SIMCA000005', 'Responsable Armandina Di Franco', '15-02-2018', 0, 0, 0, 0, '', 1),
(3672, 17, 43, 'SIMCARD', 'SIMCARD', 'SIMCARD', '8958060001267427751', 'ZF-SIMCA000006', 'Responsable Franny Colina', '15-02-2018', 0, 0, 0, 0, '', 1),
(3673, 16, 42, 'SIMCARD', 'SIMCARD', 'SIMCARD', '8958060001267427751', 'ZF-SIMCA000007', 'Responsable Josefina Romero', '15-02-2018', 0, 0, 0, 0, '', 1),
(3674, 12, 21, 'SIMCARD', 'SIMCARD', 'SIMCARD', '8958060001267427777', 'ZF-SIMCA000008', 'Responsable Erika Sánchez', '15-02-2018', 0, 0, 0, 0, '', 1),
(3675, 14, 31, 'SIMCARD', 'SIMCARD', 'SIMCARD', '8958060001267427785', 'ZF-SIMCA000009', 'Responsable Lisbeth Martínez', '15-02-2018', 0, 0, 0, 0, '', 1),
(3676, 13, 23, 'SIMCARD', 'SIMCARD', 'SIMCARD', '8958060001267427793', 'ZF-SIMCA000010', 'Responsable Andrys Manaure', '15-02-2018', 0, 0, 0, 0, '', 1),
(3677, 8, 11, 'BASE PARA TV LCD PLASMA 25"', 'ELLCDM-07', 'SIN MARCA', 'SIN SERIAL', 'ZF-BASE_000003', 'PRESIDENCIA', '19-02-2018', 0, 0, 0, 435000, '00258779', 0),
(3683, 7, 41, 'GENERADOR Y DETECTOR DE TONOS GRILIS', 'Sin Modelo', 'Sin Marca', 'Sin Serial', 'ZF-GENER000001', '', '21-02-2018', 0, 0, 0, 1467, '004541', 0),
(3684, 7, 41, 'UPS APC PRO1300', 'Sin Modelo', 'Sin Marca', 'Sin Serial', 'ZF-UPS_A000005', 'CUARTO SERVIDORES', '21-02-2018', 0, 0, 0, 2615, '004541', 0),
(3685, 7, 41, 'UPS APC 550VA', 'Sin Modelo', 'Sin Marca', 'Sin Serial', 'ZF-UPS_A000006', 'CUARTO SERVIDORES', '21-02-2018', 0, 0, 0, 920, '004541', 0),
(3686, 7, 41, 'SPLITTER 8 PUERTOS VGA', 'Sin Modelo', 'Sin Marca', 'Sin Serial', 'ZF-SPLIT000001', 'OFICINA GERENCIA TIC DESINCORPORAR', '21-02-2018', 0, 0, 0, 180, '004541', 0),
(3687, 7, 41, 'CAMARA IP TENVIS PTZ IP ROBOT WIFI 1280X720 5X', 'Sin Modelo', 'Sin Marca', 'Sin Serial', 'ZF-CAMAR000014', 'PUNTO DE CONTROL', '21-02-2018', 0, 0, 0, 2890, '004541', 0),
(3688, 7, 41, 'CAMARA IP TENVIS PTZ IP ROBOT WIFI 1280X720 5X', 'Sin Modelo', 'Sin Marca', 'Sin Serial', 'ZF-CAMAR000015', 'COCINA', '21-02-2018', 0, 0, 0, 2890, '004541', 0),
(3689, 7, 41, 'CAMARA IP TENVIS PTZ IP ROBOT WIFI 1280X720 5X', 'Sin Modelo', 'Sin Marca', 'Sin Serial', 'ZF-CAMAR000016', 'CAFETIN ASI', '21-02-2018', 0, 0, 0, 2890, '004541', 0),
(3690, 7, 41, 'CAMARA IP TENVIS PTZ IP ROBOT WIFI 1280X720 5X', 'Sin Modelo', 'Sin Marca', 'Sin Serial', 'ZF-CAMAR000017', 'GERENCIA DE ADMINISTRACION', '21-02-2018', 0, 0, 0, 2890, '004541', 0),
(3691, 7, 41, 'CAMARA IP TENVIS PTZ IP ROBOT WIFI 1280X720 5X', 'Sin Modelo', 'Sin Marca', 'Sin Serial', 'ZF-CAMAR000018', '', '21-02-2018', 0, 0, 0, 2890, '004541', 0),
(3692, 7, 41, 'CAMARA IP TENVIS PTZ IP ROBOT WIFI 1280X720 5X', 'Sin Modelo', 'Sin Marca', 'Sin Serial', 'ZF-CAMAR000019', '', '21-02-2018', 0, 0, 0, 2890, '004541', 0),
(3693, 7, 41, 'CAMARA IP TENVIS PTZ IP ROBOT WIFI 1280X720 5X', 'Sin Modelo', 'Sin Marca', 'Sin Serial', 'ZF-CAMAR000020', '', '21-02-2018', 0, 0, 0, 2890, '004541', 0),
(3694, 7, 41, 'ROUTER MIKROTIK RB751U/ WIFI', 'RB751U', 'Sin Marca', 'Sin Serial', 'ZF-ROUTE000010', 'OFICINA GERENCIA TIC', '21-02-2018', 0, 0, 0, 1740, '004541', 0),
(3695, 7, 41, 'KIT WTS AP+ANTENA 17 DBI 1000MW UBIQUITI', 'Sin Modelo', 'Sin Marca', 'Sin Serial', 'ZF-KIT_W000001', 'OFICINA GERENCIA TIC', '21-02-2018', 0, 0, 0, 2390, '004541', 0),
(3696, 15, 38, 'BOMBA 1 HP PERIFERICA ', 'Sin Modelo', 'TRUPER', 'Sin Serial', 'ZF-BOMBA000001', 'INFRAESTRUCTURA', '21-02-2018', 0, 0, 0, 14299, '00002744', 0),
(3697, 15, 38, 'BOMBA 1.2 HP 110V', 'Sin Modelo', 'KRAFFMAN', 'Sin Serial', 'ZF-BOMBA000002', 'INFRAESTRUCTURA', '21-02-2018', 0, 0, 0, 865, '00039811', 0),
(3698, 13, 29, 'REGULADOR DE 1.2 KVA', 'Sin Modelo', 'FORZA', 'Sin Serial', 'ZF-REGUL000010', 'COMEDOR INDUSTRIAL', '21-02-2018', 0, 0, 0, 40, '30361243', 0),
(3699, 7, 41, 'TEATRO EN CASA', 'Sin Modelo', 'PHILIPS', 'KX1A1212212483', 'ZF-TEATR000001', 'OFICINA GERENCIA TIC', '21-02-2018', 0, 0, 0, 4500, '00051375', 0),
(3700, 7, 41, 'ROUTER WITH S LINKSYS ', 'E1200', 'Sin Marca', 'Sin Serial', 'ZF-ROUTE000011', 'OFICINA GERENCIA TIC', '21-02-2018', 0, 0, 0, 1770, '00015807', 0),
(3701, 8, 11, 'TELEFONO', 'KXTG2931', 'PANASONIC', 'Sin Serial', 'ZF-TELEF000034', 'PRESIDENCIA', '21-02-2018', 0, 0, 0, 159000, '00002645', 0),
(3702, 15, 38, 'BOMBA 1/2', 'HP', 'PEDROLLO', 'Sin Serial', 'ZF-BOMBA000003', 'INFRAESTRUCTURA', '21-02-2018', 0, 0, 0, 229, '1681', 0),
(3703, 7, 41, 'MOUSE', 'MSU0718T', 'VIT', 'MSB224Q11160A', 'ZF-MOUSE000039', 'RESP. JOAN DELEONES', '22-02-2018', 0, 0, 0, 0, '', 0),
(3704, 15, 38, 'BOMBA 1/2', 'HP', 'LINCE', 'Sin Serial', 'ZF-BOMBA000004', 'INFRAESTRUCTURA', '22-02-2018', 0, 0, 0, 36960, '00004017', 0),
(3705, 7, 10, 'BIOMETRICO', 'BLR-OC', 'SUPREMA INC.', '71261(V03B)', 'ZF-BIOME000001', 'DESINCORPORAR', '22-02-2018', 0, 0, 0, 0, '', 0),
(3706, 11, 17, 'DISPENSADOR DE AGUA', 'PWC215T', 'Sin Marca', 'WM40047160706', 'ZF-DISPE000015', 'OPERACIONES', '22-02-2018', 0, 0, 0, 990, '00001880', 0),
(3707, 7, 9, 'TECLADO', 'KG-1005', 'VIT', 'MMCB30Q12887A', 'ZF-TECLA000046', 'DESINCORPORAR', '22-02-2018', 0, 0, 0, 0, '', 0),
(3708, 7, 9, 'TECLADO', 'KKS-050S', 'VIT', 'KKS61613120501111', 'ZF-TECLA000047', 'RESP. ENDER RAMIREZ', '22-02-2018', 0, 0, 0, 0, '', 0),
(3709, 11, 19, 'TELEVISOR LCD 19"', 'Sin Modelo', 'SANKEY', 'Sin Serial', 'ZF-TELEV000013', 'PUNTO DE CONTROL', '22-02-2018', 0, 0, 0, 1275, '00000585', 0),
(3710, 7, 9, 'Antena', 'NanoStation loco M5', 'Ubiquiti', '44D9E7C478C7', 'ZF-ANTEN000001', 'Antena ubicada en Cafetin', '23-02-2018', 0, 0, 0, 0, '', 0),
(3711, 7, 9, 'ANTENA', 'NanoStation loco M5', 'UBIQUITI', '0027228E8BBB', 'ZF-ANTEN000002', 'RESP. ENDER RAMIREZ', '23-02-2018', 0, 0, 0, 0, '', 0),
(3712, 10, 16, 'VERGATARIO 5', 'L-110', 'VTELCA', '1172490101900455', 'ZF-VERGA000009', 'RESP. MARIELA GARCÍA', '23-02-2018', 0, 0, 0, 0, '', 1),
(3713, 18, 44, 'VERGATARIO 5', 'L-110', 'VTELCA', '1172490101900220', 'ZF-VERGA000010', 'Resp. María Lugo', '23-02-2018', 0, 0, 0, 0, '', 1),
(3714, 11, 17, 'ARCHIVO DE 2 GAVETAS PEQUEÑO', 'Sin Modelo', 'Sin Marca', 'Sin Serial', 'ZF-ARCHI000016', 'OPERACIONES', '23-02-2018', 0, 0, 0, 870, '00047795', 0),
(3715, 11, 17, 'ARCHIVO DE 2 GAVETAS PEQUEÑO', 'Sin Modelo', 'Sin Marca', 'Sin Serial', 'ZF-ARCHI000017', 'OPERACIONES', '23-02-2018', 0, 0, 0, 870, '00047795', 0),
(3716, 11, 17, 'ARCHIVO DE 2 GAVETAS PEQUEÑO', 'Sin Modelo', 'Sin Marca', 'Sin Serial', 'ZF-ARCHI000018', 'OPERACIONES', '23-02-2018', 0, 0, 0, 870, '00047795', 0),
(3717, 11, 17, 'ARCHIVO DE 2 GAVETAS PEQUEÑO', 'Sin Modelo', 'Sin Marca', 'Sin Serial', 'ZF-ARCHI000019', 'OPERACIONES', '23-02-2018', 0, 0, 0, 870, '00047795', 0),
(3718, 11, 17, 'ARCHIVO DE 2 GAVETAS PEQUEÑO', 'Sin Modelo', 'Sin Marca', 'Sin Serial', 'ZF-ARCHI000020', 'OPERACIONES', '23-02-2018', 0, 0, 0, 870, '00047795', 0),
(3722, 9, 14, 'PREAMPLIFICADOR', 'BW-1608', 'Sin Marca', 'N206-200701223', 'ZF-PREAM000001', '', '28-02-2018', 0, 0, 0, 0, '', 0),
(3723, 18, 44, 'ESCRITORIO EN MADERA TIPO L', 'Sin Modelo', 'Sin Marca', 'Sin Serial', 'ZF-ESCRI000039', 'Resp. María Lugo', '28-02-2018', 0, 0, 0, 0, '', 0),
(3724, 18, 44, 'SILLA EJECUTIVA GIRATORIA CON MALLA  CON BRAZOS, RUEDAS Y PATAS CROMADAS', 'Sin Modelo', 'Sin Marca', 'Sin Serial', 'ZF-SILLA000302', 'Resp. María Lugo', '28-02-2018', 0, 0, 0, 0, '', 0),
(3725, 18, 44, 'SILLA SECRETARIAL TAPIZADA EN TELA, GIRATORIA CON BRAZOS Y RUEDAS', 'Sin Modelo', 'Sin Marca', 'Sin Serial', 'ZF-SILLA000303', 'Resp. María Lugo', '28-02-2018', 0, 0, 0, 0, '', 0);
INSERT INTO `bienes` (`id`, `gerencia_id`, `unidad_id`, `descripcion`, `modelo`, `marca`, `serial`, `codigo_general`, `observacion`, `fecha`, `vida_util`, `eliminado`, `etiqueta`, `monto`, `factura`, `nota_entrega`) VALUES
(3726, 18, 44, 'SILLA VISITANTE FIJA TAPIZADA EN TELA', 'Sin Modelo', 'Sin Marca', 'Sin Serial', 'ZF-SILLA000304', 'Resp. María Lugo', '28-02-2018', 0, 0, 0, 0, '', 0),
(3727, 18, 44, 'SILLA VISITANTE FIJA PLASTICA', 'Sin Modelo', 'Sin Marca', 'Sin Serial', 'ZF-SILLA000305', 'Resp. María Lugo', '28-02-2018', 0, 0, 0, 0, '', 0),
(3728, 18, 44, 'MONITOR MINI PC', 'TFT20W90PS1', 'VIT', 'TSEF6HA086669', 'ZF-MONIT000054', 'Resp. María Lugo', '28-02-2018', 0, 0, 0, 0, '', 0),
(3729, 18, 44, 'TECLADO', 'DOK K5318U', 'VIT', 'KB504K1097A', 'ZF-TECLA000048', 'Resp. María Lugo', '28-02-2018', 0, 0, 0, 0, '', 0),
(3730, 18, 44, 'MOUSE', 'DOK M696', 'VIT', 'MSE707K13443A', 'ZF-MOUSE000040', 'Resp. María Lugo', '28-02-2018', 0, 0, 0, 0, '', 0),
(3731, 18, 44, 'CORNETA', 'LCB118', 'VIT', '11841222008345', 'ZF-CORNE000026', 'Resp. María Lugo', '28-02-2018', 0, 0, 0, 0, '', 0),
(3732, 18, 44, 'CPU', 'MS2100-01-01', 'VIT', 'A001222399', 'ZF-CPU000004', 'Resp. María Lugo', '28-02-2018', 0, 0, 0, 0, '', 0),
(3733, 18, 44, 'TELEFONO INTERNO', 'ESPACE 6805', 'HUAWEI', '2102163465QB000004', 'ZF-TELEF000035', 'Resp. María Lugo', '28-02-2018', 0, 0, 0, 0, '', 0),
(3734, 18, 44, 'ESCRITORIO EN MADERA PEQUEÑO CONTENTIVO DE DOS GAVETAS', 'Sin Modelo', 'Sin Marca', 'Sin Serial', 'ZF-ESCRI000040', 'Resp. María Lugo', '28-02-2018', 0, 0, 0, 0, '', 0),
(3735, 18, 44, 'ARCHIVO METALICO CONTENTIVO DE CUATRO GAVETAS', 'Sin Modelo', 'Sin Marca', 'Sin Serial', 'ZF-ARCHI000021', 'Resp. María Lugo', '28-02-2018', 0, 0, 0, 0, '', 0),
(3736, 18, 44, 'CARTELERA ACRILICA PEQUEÑA', 'Sin Modelo', 'Sin Marca', 'Sin Serial', 'ZF-CARTE000005', 'Resp. María Lugo', '28-02-2018', 0, 0, 0, 0, '', 0),
(3737, 18, 44, 'LAPTO', 'P3300', 'VIT', 'A001114733', 'ZF-LAPTO000010', 'Resp. María Lugo', '28-02-2018', 0, 0, 0, 0, '', 0);

-- --------------------------------------------------------

--
-- Estructura de tabla para la tabla `bienes_nota_entrega`
--

CREATE TABLE IF NOT EXISTS `bienes_nota_entrega` (
  `id` bigint(20) unsigned NOT NULL AUTO_INCREMENT,
  `bien_id` int(11) NOT NULL,
  `nota_entrega_id` int(11) NOT NULL,
  UNIQUE KEY `id` (`id`)
) ENGINE=InnoDB  DEFAULT CHARSET=latin1 AUTO_INCREMENT=25 ;

--
-- Volcado de datos para la tabla `bienes_nota_entrega`
--

INSERT INTO `bienes_nota_entrega` (`id`, `bien_id`, `nota_entrega_id`) VALUES
(3, 3658, 7),
(4, 3670, 7),
(5, 3658, 8),
(6, 3670, 8),
(7, 3659, 9),
(8, 3671, 9),
(9, 3660, 10),
(10, 3672, 10),
(11, 3661, 11),
(12, 3673, 11),
(13, 3662, 12),
(14, 3674, 12),
(15, 3663, 13),
(16, 3675, 13),
(17, 3664, 14),
(18, 3676, 14),
(19, 3665, 15),
(20, 3669, 15),
(21, 3712, 16),
(22, 3666, 16),
(23, 3713, 17),
(24, 3667, 17);

-- --------------------------------------------------------

--
-- Estructura de tabla para la tabla `gerencias`
--

CREATE TABLE IF NOT EXISTS `gerencias` (
  `id` bigint(20) unsigned NOT NULL AUTO_INCREMENT,
  `nombre` varchar(200) NOT NULL,
  `prefijo` varchar(50) NOT NULL,
  UNIQUE KEY `id` (`id`)
) ENGINE=InnoDB  DEFAULT CHARSET=latin1 AUTO_INCREMENT=19 ;

--
-- Volcado de datos para la tabla `gerencias`
--

INSERT INTO `gerencias` (`id`, `nombre`, `prefijo`) VALUES
(7, 'TIC', 'GTIC'),
(8, 'Presidencia', 'GP'),
(9, 'Informacion y comunicacion', 'GIC'),
(10, 'Gerencia General', 'GG'),
(11, 'Operaciones', 'OP'),
(12, 'Auditoria Interna', 'AI'),
(13, 'Administracion', 'A'),
(14, 'Recursos humanos', 'RRHH'),
(15, 'Infraestructura', 'IF'),
(16, 'Asuntos publicos', 'AP'),
(17, 'Planificacion y presupuesto', 'PP'),
(18, 'Consultoría jurídica', 'CJ');

-- --------------------------------------------------------

--
-- Estructura de tabla para la tabla `historiales`
--

CREATE TABLE IF NOT EXISTS `historiales` (
  `id` bigint(20) unsigned NOT NULL AUTO_INCREMENT,
  `bien_id` int(11) NOT NULL,
  `fecha` varchar(10) NOT NULL,
  `observacion` text NOT NULL,
  `unidad_id` int(11) NOT NULL,
  UNIQUE KEY `id` (`id`)
) ENGINE=InnoDB  DEFAULT CHARSET=latin1 AUTO_INCREMENT=15 ;

--
-- Volcado de datos para la tabla `historiales`
--

INSERT INTO `historiales` (`id`, `bien_id`, `fecha`, `observacion`, `unidad_id`) VALUES
(3, 2240, '09-11-2017', 'Debido a fallas con el equipo de aire acondicionado se tuvieron que mover los equipos de la oficina de gerencia de operaciones a la oficina de identificación', 17),
(4, 2279, '09-11-2017', 'Debido a fallas con el equipo de aire acondicionado se tuvieron que mover los equipos de la oficina de gerencia de operaciones a la oficina de identificación', 17),
(5, 2242, '09-11-2017', 'Debido a fallas con el equipo de aire acondicionado se tuvieron que mover los equipos de la oficina de gerencia de operaciones a la oficina de identificación', 17),
(6, 2241, '09-11-2017', 'Debido a fallas con el equipo de aire acondicionado se tuvieron que mover los equipos de la oficina de gerencia de operaciones a la oficina de identificación', 17),
(7, 2240, '10-11-2017', 'Los artículos fueron devueltos a su sitio original ya que el aire acondicionado fue reparado ', 17),
(8, 2279, '10-11-2017', 'Los artículos fueron devueltos a su sitio original ya que el aire acondicionado fue reparado ', 17),
(9, 2242, '10-11-2017', 'Los artículos fueron devueltos a su sitio original ya que el aire acondicionado fue reparado ', 17),
(10, 2241, '10-11-2017', 'Los artículos fueron devueltos a su sitio original ya que el aire acondicionado fue reparado ', 17),
(11, 2781, '21-11-2017', 'Router reubicado a la oficina de sistemas automatizados', 9),
(12, 3630, '21-11-2017', 'Router reubicado en la oficina de bienes', 9),
(13, 2770, '12-12-2017', 'Préstamo a pasante de compras', 9),
(14, 2772, '12-12-2017', 'Préstamo a consultoria juridica', 9);

-- --------------------------------------------------------

--
-- Estructura de tabla para la tabla `metas-poa`
--

CREATE TABLE IF NOT EXISTS `metas-poa` (
  `id` bigint(20) unsigned NOT NULL AUTO_INCREMENT,
  `titulo` varchar(250) NOT NULL,
  `poa_id` int(11) NOT NULL,
  UNIQUE KEY `id` (`id`)
) ENGINE=InnoDB DEFAULT CHARSET=latin1 AUTO_INCREMENT=1 ;

-- --------------------------------------------------------

--
-- Estructura de tabla para la tabla `notas_entrega`
--

CREATE TABLE IF NOT EXISTS `notas_entrega` (
  `id` bigint(20) unsigned NOT NULL AUTO_INCREMENT,
  `unidad_fin` int(11) NOT NULL,
  `fecha` varchar(10) NOT NULL,
  `gerencia_id` int(11) NOT NULL,
  `responsable` varchar(100) NOT NULL,
  UNIQUE KEY `id` (`id`)
) ENGINE=InnoDB  DEFAULT CHARSET=latin1 AUTO_INCREMENT=18 ;

--
-- Volcado de datos para la tabla `notas_entrega`
--

INSERT INTO `notas_entrega` (`id`, `unidad_fin`, `fecha`, `gerencia_id`, `responsable`) VALUES
(7, 29, '15-02-2018', 13, 'Yoyma Goitia'),
(8, 29, '22-02-2018', 13, 'YOIMA GOITIA'),
(9, 22, '22-02-2018', 13, 'ARMANDINA DI FRANCO'),
(10, 43, '22-02-2018', 17, 'FRANNY COLINA'),
(11, 42, '22-02-2018', 16, 'JOSEFINA ROMERO'),
(12, 21, '22-02-2018', 12, 'ERIKA SANCHEZ'),
(13, 31, '22-02-2018', 14, 'LISBETH MARTINEZ'),
(14, 23, '22-02-2018', 13, 'ANDRYS MANAURE'),
(15, 15, '22-02-2018', 10, 'JEHNNY GOMEZ'),
(16, 16, '23-02-2018', 10, 'MARIELA GARCÍA'),
(17, 44, '28-02-2018', 18, 'MARÍA LUGO');

-- --------------------------------------------------------

--
-- Estructura de tabla para la tabla `ordenes_compra`
--

CREATE TABLE IF NOT EXISTS `ordenes_compra` (
  `id` bigint(20) unsigned NOT NULL AUTO_INCREMENT,
  `requisicion_id` int(11) NOT NULL,
  `fecha` varchar(10) NOT NULL,
  `proveedor_id` int(11) NOT NULL,
  `correlativo` int(11) NOT NULL,
  `factura` varchar(50) NOT NULL,
  UNIQUE KEY `id` (`id`)
) ENGINE=InnoDB  DEFAULT CHARSET=latin1 AUTO_INCREMENT=47 ;

--
-- Volcado de datos para la tabla `ordenes_compra`
--

INSERT INTO `ordenes_compra` (`id`, `requisicion_id`, `fecha`, `proveedor_id`, `correlativo`, `factura`) VALUES
(26, 21, '13-11-2017', 5, 1, ''),
(27, 21, '13-11-2017', 6, 2, ''),
(28, 28, '16-01-2018', 5, 3, ''),
(29, 28, '16-01-2018', 5, 4, ''),
(31, 64, '26-01-2018', 5, 5, ''),
(32, 68, '29-01-2018', 7, 6, ''),
(33, 67, '29-01-2018', 7, 7, ''),
(34, 67, '02-02-2018', 7, 8, ''),
(44, 70, '06-02-2018', 15, 18, '085'),
(45, 74, '06-02-2018', 16, 19, '35092'),
(46, 76, '14-02-2018', 17, 20, '5148');

-- --------------------------------------------------------

--
-- Estructura de tabla para la tabla `panel_control`
--

CREATE TABLE IF NOT EXISTS `panel_control` (
  `id` bigint(20) unsigned NOT NULL AUTO_INCREMENT,
  `iva` int(11) NOT NULL,
  UNIQUE KEY `id` (`id`)
) ENGINE=InnoDB  DEFAULT CHARSET=latin1 AUTO_INCREMENT=2 ;

--
-- Volcado de datos para la tabla `panel_control`
--

INSERT INTO `panel_control` (`id`, `iva`) VALUES
(1, 12);

-- --------------------------------------------------------

--
-- Estructura de tabla para la tabla `partidas`
--

CREATE TABLE IF NOT EXISTS `partidas` (
  `id` bigint(20) unsigned NOT NULL AUTO_INCREMENT,
  `numero` varchar(13) NOT NULL,
  `partida_raiz_id` int(11) NOT NULL,
  `descripcion` varchar(150) NOT NULL,
  UNIQUE KEY `id` (`id`)
) ENGINE=InnoDB  DEFAULT CHARSET=latin1 AUTO_INCREMENT=60 ;

--
-- Volcado de datos para la tabla `partidas`
--

INSERT INTO `partidas` (`id`, `numero`, `partida_raiz_id`, `descripcion`) VALUES
(1, '4.02.01.00.01', 1, 'Alimentos y bebidas para personas'),
(3, '4.02.01.03.00', 1, 'Productos agricolas y pecuarios'),
(4, '4.02.02.04.00', 2, 'Mineral no ferroso'),
(5, '4.02.02.05.00', 2, 'Piedra, arcilla, arena y tierra'),
(6, '4.02.03.01.00', 3, 'Textiles'),
(7, '4.02.03.99.00', 3, 'Otros productos textiles y vestuarios'),
(8, '4.02.04.03.00', 4, 'Cauchos y tripas para vehiculos'),
(9, '4.02.05.01.00', 5, 'Pulpa de madera, papel y carton'),
(10, '4.02.05.03.00', 5, 'Productos de papel y carton para oficina'),
(11, '4.02.05.04.00', 5, 'Libros, revistas y periodicos'),
(12, '4.02.05.06.00', 5, 'Productos de papel y carton para computacion'),
(13, '4.02.05.07.00', 5, 'Productos de papel y carton para la imprenta y reproduccion'),
(14, '4.02.05.99.00', 5, 'Otros productos de pulpa, papel y carton'),
(15, '4.02.06.03.00', 6, 'Tintas, pinturas y colorantes'),
(16, '4.02.06.06.00', 6, 'Combustibles y lubricantes'),
(17, '4.02.06.08.00', 6, 'Productos plasticos'),
(18, '4.02.07.04.00', 7, 'Cemento, cal y yeso'),
(19, '4.02.08.01.00', 8, 'Productos primarios de hierro y acero'),
(20, '4.02.08.03.00', 8, 'Herramientas menores, cuchilleria y articulos generales de ferrteria'),
(21, '4.02.08.09.00', 8, 'Repuestos y accesorios para equipos de transporte'),
(22, '4.02.08.10.00', 8, 'Repuesto y accesorios para otros equipos'),
(23, '4.02.10.01.00', 10, 'Articulos de deporte recreacion y juguetes'),
(24, '4.02.10.02.00', 10, 'Materiales y utiles de limpieza y aseo'),
(25, '4.02.10.05.00', 10, 'Utiles de escritorio, oficina y materiales de instruccion'),
(26, '4.02.10.06.00', 10, 'Condecoraciones, ofrendas y similares'),
(27, '4.02.10.07.00', 10, 'Productos de seguridad en el trabajo'),
(28, '4.02.10.08.00', 10, 'Materiales para equipos de computacion'),
(29, '4.02.10.11.00', 10, 'Materiales electricos'),
(30, '4.02.10.13.00', 10, 'Materiales fotograficos'),
(31, '4.02.10.99.00', 10, 'Otros productos y utiles diversos'),
(32, '4.02.99.01.00', 21, 'Otros materiales y suministros'),
(33, '4.03.04.01.00', 11, 'Electricidad'),
(34, '4.03.04.02.00', 11, 'Gas'),
(35, '4.03.04.03.00', 11, 'Agua'),
(36, '4.03.04.04.00', 11, 'Telefonos'),
(37, '4.03.04.05.00', 11, 'Servicio de comunicaciones'),
(38, '4.03.04.06.00', 11, 'Servicio de aseo urbano y domiciliario'),
(39, '4.03.06.01.00', 12, 'Fletes y embalajes'),
(40, '4.03.07.01.00', 13, 'Publicidad y propaganda'),
(41, '4.03.07.03.00', 13, 'Relaciones sociales'),
(42, '4.03.07.04.00', 13, 'Avisos'),
(43, '4.03.08.01.00', 14, 'Primas y gastos seguros'),
(44, '4.03.08.02.00', 14, 'Comisiones y gastos bancarios'),
(45, '4.03.09.01.00', 15, 'Viaticos y pasajes dentro del pais'),
(46, '4.03.10.02.00', 16, 'Servicios de compatibilidad y auditoria'),
(47, '4.03.10.99.00', 16, 'Otros servicios profesionales y tecnicos'),
(48, '4.03.18.01.00', 22, 'Impuestos al valor agregado'),
(49, '4.03.18.99.00', 22, 'Otros impuestos indirectos'),
(50, '4.03.99.01.00', 23, 'Otros servicios no personales'),
(51, '4.04.01.01.00', 17, 'Repuestos mayores'),
(52, '4.04.01.01.02', 23, 'Repuestos mayores para equipos de transporte, traccion y elevacion'),
(53, '4.04.02.01.00', 25, 'Conservacion, ampliaciones y mejoras mayores de obras en bienes del dominio privado'),
(54, '4.04.02.02.00', 25, 'Conservacion, ampliaciones y mejoras mayores de obras en bienes del dominio publico'),
(55, '4.04.04.01.00', 26, 'Vehiculos automotores terrestres'),
(56, '4.04.05.00.00', 18, 'Equipos de telecomunicaciones'),
(57, '4.04.09.01.00', 19, 'Mobiliario y equipos de oficina'),
(58, '4.04.09.02.00', 19, 'Equipos de computacion'),
(59, '4.04.12.00.00', 20, 'Otros activos intangibles');

-- --------------------------------------------------------

--
-- Estructura de tabla para la tabla `partidas_raiz`
--

CREATE TABLE IF NOT EXISTS `partidas_raiz` (
  `numero` varchar(13) NOT NULL,
  `descripcion` varchar(150) NOT NULL,
  `id` bigint(20) unsigned NOT NULL AUTO_INCREMENT,
  UNIQUE KEY `id` (`id`)
) ENGINE=InnoDB  DEFAULT CHARSET=latin1 AUTO_INCREMENT=27 ;

--
-- Volcado de datos para la tabla `partidas_raiz`
--

INSERT INTO `partidas_raiz` (`numero`, `descripcion`, `id`) VALUES
('4.02.01.00.00', 'Productos Alimenticios', 1),
('4.02.02.00.00', 'Productos de minas, canteras y yacimientos', 2),
('4.02.03.00.00', 'Textiles y vestuarios', 3),
('4.02.04.00.00', 'Productos de cuero y caucho', 4),
('4.02.05.00.00', 'Productos de papel, cartón e impresos', 5),
('4.02.06.00.00', 'Productos químicos y derivados', 6),
('4.02.07.00.00', 'Productos minerales no metálicos', 7),
('4.02.08.00.00', 'Productos metálicos', 8),
('4.02.09.00.00', 'Productos de madera', 9),
('4.02.10.00.00', 'Productos varios y utiles diversos', 10),
('4.03.04.00.00', 'servicios básicos', 11),
('4.03.06.00.00', 'Servicios de transporte y almacenaje', 12),
('4.03.07.00.00', 'Servicios de informacion, impresion y relaciones publicas', 13),
('4.03.08.00.00', 'Primas y otros gastos de seguros y comisiones bancarias ', 14),
('4.03.09.00.00', 'Viaticos y pasajes', 15),
('4.03.10.00.00', 'Servicios profesionales y tecnicos', 16),
('4.04.01.00.00', 'Respuesto y reparaciones mayores', 17),
('4.04.05.00.00', 'Equipos de comunicaciones y señalamiento', 18),
('4.04.09.00.00', 'Maquinas, muebles y dempas equipos de oficina y alojamiento', 19),
('4.04.12.00.00', 'Activos intangibles', 20),
('4.02.99.00.00', 'Otros materiales y suministros', 21),
('4.03.18.00.00', 'Impuestos indirectos', 22),
('4.03.99.00.00', 'Otros servicios no personales', 23),
('4.04.02.00.00', 'Conservacion, ampliaciones y mejoras mayores de obras', 25),
('4.04.04.00.00', 'Equipos de transporte, traccion y elevacion', 26);

-- --------------------------------------------------------

--
-- Estructura de tabla para la tabla `poa`
--

CREATE TABLE IF NOT EXISTS `poa` (
  `id` bigint(20) unsigned NOT NULL AUTO_INCREMENT,
  `titulo` varchar(200) NOT NULL,
  `descripcion` text NOT NULL,
  `gerencia_id` int(11) NOT NULL,
  UNIQUE KEY `id` (`id`)
) ENGINE=InnoDB  DEFAULT CHARSET=latin1 AUTO_INCREMENT=2 ;

--
-- Volcado de datos para la tabla `poa`
--

INSERT INTO `poa` (`id`, `titulo`, `descripcion`, `gerencia_id`) VALUES
(1, 'prueba', 'esto es una prueba', 7);

-- --------------------------------------------------------

--
-- Estructura de tabla para la tabla `proveedores`
--

CREATE TABLE IF NOT EXISTS `proveedores` (
  `id` bigint(20) unsigned NOT NULL AUTO_INCREMENT,
  `nombre` varchar(100) NOT NULL,
  `rif` varchar(20) NOT NULL,
  `direccion` text NOT NULL,
  `telefono` varchar(20) NOT NULL,
  UNIQUE KEY `id` (`id`)
) ENGINE=InnoDB  DEFAULT CHARSET=latin1 AUTO_INCREMENT=18 ;

--
-- Volcado de datos para la tabla `proveedores`
--

INSERT INTO `proveedores` (`id`, `nombre`, `rif`, `direccion`, `telefono`) VALUES
(5, 'EPA', '12341234', 'Maraven', '123123123'),
(6, 'Ferrefrio Arismendi', '123123123', '123123123', '123123123'),
(7, 'Color Punto Fijo, C.A.', 'J085282653', 'Calle Comercio cruce con esquina Peru local 40 Punto Fijo', '02692465984'),
(14, 'SERTEPCO, R.L.', 'J293531128', 'Urb. Jorge Hernandez, Vda. 06, Casa N° 2', '02695116250'),
(15, 'SERTEPCO, R.L.', 'J293531128', 'Urb. Jorge Hernandez, Vda. 06, Casa N° 2', '02695116250'),
(16, 'Super Cauchos Molina C.A.', 'J-31273499-0', 'Calla san roman con general pelayo. Punta Cardon', '02692492990'),
(17, 'Mundo Visual, C.A.', 'J314198041', 'Calle las flores, cruce con la quina av principal de cujicana', '02692465996');

-- --------------------------------------------------------

--
-- Estructura de tabla para la tabla `requisiciones`
--

CREATE TABLE IF NOT EXISTS `requisiciones` (
  `id` bigint(20) unsigned NOT NULL AUTO_INCREMENT,
  `unidad_id` int(11) NOT NULL,
  `bienes` int(11) NOT NULL,
  `servicios` int(11) NOT NULL,
  `otros` int(11) NOT NULL,
  `observacion` text NOT NULL,
  `funcionario` varchar(50) NOT NULL,
  `fecha` varchar(11) NOT NULL,
  `usuario_id` int(11) NOT NULL,
  `control` int(11) NOT NULL,
  `codigo` varchar(20) NOT NULL,
  `visto` int(11) NOT NULL DEFAULT '1',
  `status` varchar(10) NOT NULL DEFAULT 'abierta',
  UNIQUE KEY `id` (`id`)
) ENGINE=InnoDB  DEFAULT CHARSET=latin1 AUTO_INCREMENT=95 ;

--
-- Volcado de datos para la tabla `requisiciones`
--

INSERT INTO `requisiciones` (`id`, `unidad_id`, `bienes`, `servicios`, `otros`, `observacion`, `funcionario`, `fecha`, `usuario_id`, `control`, `codigo`, `visto`, `status`) VALUES
(31, 38, 1, 0, 0, 'Para uso de limpieza en diferentes áreas', 'Andreina Díaz', '19-01-2018', 14, 4, 'IF-4-2018', 1, 'abierta'),
(32, 38, 1, 0, 0, 'Esto fue remitido desde el dia 31/10/2017,por la coordinación para ser instalado en el generador eléctrico del comedor,de acuerdo al mantenimiento planificado para ejecutar,se solicita nuevamente en forma URGENTE,de manera no que no se presente fallas de forma grave en el generador', 'Andreina Díaz', '19-01-2018', 14, 5, 'IF-5-2018', 1, 'abierta'),
(33, 38, 0, 0, 0, 'La misma fue solicitada desde el 21/11/2017,para utilizarse en las limpiezas y mantenimientos en general', 'Andreina Díaz', '19-01-2018', 14, 6, 'IF-6-2018', 1, 'abierta'),
(35, 38, 0, 1, 0, 'Se solicito la revisión de las mismas desde la fecha 21/11/2017.', 'Andreina Díaz', '19-01-2018', 14, 8, 'IF-8-2018', 1, 'abierta'),
(36, 38, 1, 0, 0, 'Solicitados desde la  fecha 11/12/2017 para la culminación de los trabajos de sistema de encendido en acondicionadores de aire de las petrocasas', 'Andreina Díaz', '19-01-2018', 14, 9, 'IF-9-2018', 1, 'abierta'),
(38, 38, 1, 0, 0, 'Para trabajos de en general, se estan solicitando nuevamente', 'Andreina Díaz', '19-01-2018', 14, 11, 'IF-11-2018', 1, 'abierta'),
(40, 38, 0, 0, 0, 'Para la pintura de protectores de puertas y ventanas,fue solicitado la fecha 11/0/18,(5) galones de cada uno y se entregaron (2),por tanto queda pendiente la entrega de (3) galones de cada tipo.', 'Andreina Díaz', '19-01-2018', 14, 13, 'IF-13-2018', 1, 'abierta'),
(44, 38, 0, 0, 0, 'Para ser utilizada en la fabricación de protectores para puertas que se ubicaran en petrocasa.', 'Andreina Díaz', '19-01-2018', 14, 17, 'IF-17-2018', 1, 'abierta'),
(47, 38, 1, 0, 0, 'Para utilizarse en las áreas de edificio administrativo (todas las plantas),petrocasas 1,2,3,Asís,Punto de control,Área de descanso y comedor del personal (Esto es el consumo mensual)', 'Andreina Díaz', '22-01-2018', 14, 20, 'IF-20-2018', 1, 'abierta'),
(48, 38, 1, 0, 0, 'Para las diferentes áreas (ESTE ES CONSUMO MENSUAL)', 'Andreina Díaz', '22-01-2018', 14, 21, 'IF-21-2018', 1, 'abierta'),
(49, 38, 1, 0, 0, 'Para las diferentes áreas (ESTE ES CONSUMO MENSUAL)', 'Andreina Díaz', '22-01-2018', 14, 22, 'IF-22-2018', 1, 'abierta'),
(50, 38, 1, 0, 0, 'Para las diferentes áreas (ESTE ES CONSUMO MENSUAL)', 'Andreina Díaz', '22-01-2018', 14, 23, 'IF-23-2018', 1, 'abierta'),
(51, 38, 0, 0, 0, 'Para las diferentes áreas (ESTE ES CONSUMO MENSUAL)', 'Andreina Díaz', '22-01-2018', 14, 24, 'IF-24-2018', 1, 'abierta'),
(52, 38, 1, 0, 0, 'Para las diferentes áreas (ESTE ES CONSUMO MENSUAL)', 'Andreina Díaz', '22-01-2018', 14, 25, 'IF-25-2018', 1, 'abierta'),
(53, 38, 1, 0, 0, 'Para las diferentes áreas (ESTE ES CONSUMO MENSUAL)', 'Andreina Díaz', '22-01-2018', 14, 26, 'IF-26-2018', 1, 'abierta'),
(55, 38, 1, 0, 0, 'Para las diferentes áreas (ESTE ES CONSUMO MENSUAL)', 'Andreina Díaz', '22-01-2018', 14, 28, 'IF-28-2018', 1, 'abierta'),
(57, 38, 1, 0, 0, 'Para las diferente areas( CONSUMO MENSUAL)', 'Andreina Díaz', '23-01-2018', 14, 30, 'IF-30-2018', 1, 'abierta'),
(58, 38, 1, 0, 0, 'Para las diferentes áreas (CONSUMO MENSUAL)', 'Andreina Díaz', '23-01-2018', 14, 31, 'IF-31-2018', 1, 'abierta'),
(59, 38, 1, 0, 0, 'Para las diferentes areas (CONSUMO MENSUAL)', 'Andreina Díaz', '23-01-2018', 14, 32, 'IF-32-2018', 1, 'abierta'),
(61, 38, 1, 0, 0, 'Para área de gerencia General ', 'Andreina Díaz', '23-01-2018', 14, 34, 'IF-34-2018', 1, 'abierta'),
(62, 38, 1, 0, 0, 'Para ser utilizada en el area de comedor', 'Andreina Díaz', '25-01-2018', 14, 35, 'IF-35-2018', 1, 'abierta'),
(63, 38, 1, 0, 0, 'Para ser utilizado en area de tanques de agua pertenecientes al comedor.', 'Andreina Díaz', '25-01-2018', 14, 36, 'IF-36-2018', 1, 'abierta'),
(64, 38, 1, 0, 0, 'Para ser utilizada en los diferentes trabajos en el area', 'Andreina Díaz', '25-01-2018', 14, 37, 'IF-37-2018', 1, 'abierta'),
(67, 38, 1, 0, 0, 'Para ser utilizado en el comedor', 'Andreina Díaz', '26-01-2018', 14, 38, 'IF-38-2018', 1, 'cerrada'),
(68, 38, 1, 0, 0, 'Para ser utilizado en el comedor', 'Andreina Díaz', '26-01-2018', 14, 39, 'IF-39-2018', 1, 'cerrada'),
(69, 38, 1, 0, 0, 'Para ser utilizado en Teste Eléctrico de la empresa', 'Andreina Díaz', '02-02-2018', 14, 40, 'IF-40-2018', 1, 'abierta'),
(70, 38, 0, 1, 0, 'Se requiere el servicio de limpieza y calibración de inyectores para motor NT 855,en generador eléctrico del edificio administrativo.', 'Andreina Díaz', '05-02-2018', 14, 41, 'IF-41-2018', 1, 'cerrada'),
(71, 38, 1, 0, 0, 'Orin para base de filtro,que sera utilizada en el generador eléctrico del edificio administrativo.', 'Andreina Díaz', '06-02-2018', 14, 42, 'IF-42-2018', 1, 'abierta'),
(72, 38, 1, 0, 0, 'Para ser utilizado en generador eléctrico,se solicito verbalmente el día 01/02/18', 'Andreina Díaz', '06-02-2018', 14, 43, 'IF-43-2018', 1, 'abierta'),
(73, 38, 1, 0, 0, 'Para ser utilizado en generador eléctrico,se solicito verbalmente el día 01/02/18', 'Andreina Díaz', '06-02-2018', 14, 44, 'IF-44-2018', 1, 'abierta'),
(74, 38, 1, 0, 0, 'Reparación,montura,balanceo y alineación de neumático.', 'Andreina Díaz', '06-02-2018', 14, 45, 'IF-45-2018', 1, 'cerrada'),
(75, 38, 0, 1, 0, 'Se requiere con caracter de urgencia la reparacion del mismo peteneciente al generador electrico del comedor URGENTE', 'Andreina Díaz', '08-02-2018', 14, 46, 'IF-46-2018', 1, 'abierta'),
(76, 38, 0, 1, 0, '', 'Andreina Díaz', '14-02-2018', 14, 47, 'IF-47-2018', 1, 'cerrada'),
(77, 0, 0, 0, 0, '', 'Andrys Manaure', '14-02-2018', 13, 48, '-48-2018', 1, 'abierta'),
(78, 38, 0, 1, 0, 'Se requiere el servicio de chequeo de (3) unidades de acondicionadoras de aire y su recarga de gas.Una de las unidades requiere de Gas 134,se solicita con carácter de urgencia el servicio.', 'Andreina Díaz', '16-02-2018', 14, 49, 'IF-49-2018', 1, 'abierta'),
(79, 38, 0, 0, 1, 'Se requiere para la puerta de área de inventario en el comedor y para emisora bicentenaria. Nota : Que sea resistente de buena calidad.', 'Andreina Díaz', '19-02-2018', 14, 50, 'IF-50-2018', 1, 'abierta'),
(80, 0, 1, 0, 0, '', 'Administrador', '19-02-2018', 8, 51, '-51-2018', 1, 'abierta'),
(81, 38, 0, 0, 1, 'Se requiere con carácter de urgencia para el desmantelamiento de estructuras metálicas solicitas por la gerencia general.', 'Andreina Díaz', '21-02-2018', 14, 52, 'IF-52-2018', 1, 'abierta'),
(82, 38, 0, 0, 1, 'Para trabajos de fabricacion en general', 'Andreina Díaz', '21-02-2018', 14, 53, 'IF-53-2018', 1, 'abierta'),
(83, 38, 0, 0, 1, 'Para la maquina de soldar', 'Andreina Díaz', '21-02-2018', 14, 54, 'IF-54-2018', 1, 'abierta'),
(84, 38, 0, 0, 1, 'Para se utilizada en maquina de soldar', 'Andreina Díaz', '21-02-2018', 14, 55, 'IF-55-2018', 1, 'abierta'),
(85, 38, 0, 0, 1, 'Se requiere para los diferentes trabajos de Electricidad y otros', 'Andreina Díaz', '21-02-2018', 14, 56, 'IF-56-2018', 1, 'abierta'),
(86, 38, 0, 0, 1, 'Para trabajos varios', 'Andreina Díaz', '21-02-2018', 14, 57, 'IF-57-2018', 1, 'abierta'),
(87, 38, 0, 0, 1, 'Para ser utilizado en ventana del cafetin del asís y en camión Jac.', 'Andreina Díaz', '26-02-2018', 14, 58, 'IF-58-2018', 1, 'abierta'),
(88, 38, 0, 0, 1, 'Para reparaciones menores en general', 'Andreina Díaz', '26-02-2018', 14, 59, 'IF-59-2018', 1, 'abierta'),
(89, 38, 0, 1, 0, 'Para la batería del generador eléctrico del edificio,esta solicitud fue informada verbalmente el jueves 22/02/18,para ser ejecutada.', 'Andreina Díaz', '26-02-2018', 14, 60, 'IF-60-2018', 1, 'abierta'),
(90, 38, 0, 0, 1, 'Se necesitan con carácter de urgencia para trabajos de desmontaje de estructuras metálicas', 'Andreina Díaz', '26-02-2018', 14, 61, 'IF-61-2018', 1, 'abierta'),
(91, 38, 0, 0, 1, 'Se requiere para trabajos de herrería y fabricacion', 'Andreina Díaz', '26-02-2018', 14, 62, 'IF-62-2018', 1, 'abierta'),
(92, 38, 0, 0, 1, 'Se requiere para los trabajos de medición del Amperimetro/Voltimetro.', 'Andreina Díaz', '26-02-2018', 14, 63, 'IF-63-2018', 1, 'abierta'),
(93, 0, 1, 1, 0, '', 'Administrador', '28-02-2018', 8, 64, '-64-2018', 1, 'abierta'),
(94, 38, 0, 1, 0, 'Se solicita la revisión y corrección de poste de alumbrado eléctrico en acceso a áreas primarias. Instalación de circuito para bomba del comedor.Suministro e instalación de fotocelda.', 'Andreina Díaz', '28-02-2018', 14, 65, 'IF-65-2018', 1, 'abierta');

-- --------------------------------------------------------

--
-- Estructura de tabla para la tabla `roles`
--

CREATE TABLE IF NOT EXISTS `roles` (
  `id` bigint(20) unsigned NOT NULL AUTO_INCREMENT,
  `descripcion` varchar(50) NOT NULL,
  UNIQUE KEY `id` (`id`)
) ENGINE=InnoDB  DEFAULT CHARSET=latin1 AUTO_INCREMENT=301 ;

--
-- Volcado de datos para la tabla `roles`
--

INSERT INTO `roles` (`id`, `descripcion`) VALUES
(1, 'Administrador'),
(145, 'Gerente General'),
(245, 'usuario'),
(280, 'gerente'),
(300, 'Administrador de Compras');

-- --------------------------------------------------------

--
-- Estructura de tabla para la tabla `traslados`
--

CREATE TABLE IF NOT EXISTS `traslados` (
  `id` bigint(20) unsigned NOT NULL AUTO_INCREMENT,
  `unidad_fin` int(11) NOT NULL,
  `status` enum('aprobado','rechazado','En espera') NOT NULL,
  `motivo` text NOT NULL,
  `fecha` varchar(10) NOT NULL,
  `gerencia_id` int(11) NOT NULL,
  `gerencia_fin` int(11) NOT NULL,
  `motivo_rechazo` text NOT NULL,
  `visto_inicio` int(11) NOT NULL DEFAULT '0',
  `visto_fin` int(11) NOT NULL,
  `responsable` varchar(20) NOT NULL,
  UNIQUE KEY `id` (`id`)
) ENGINE=InnoDB  DEFAULT CHARSET=latin1 AUTO_INCREMENT=13 ;

--
-- Volcado de datos para la tabla `traslados`
--

INSERT INTO `traslados` (`id`, `unidad_fin`, `status`, `motivo`, `fecha`, `gerencia_id`, `gerencia_fin`, `motivo_rechazo`, `visto_inicio`, `visto_fin`, `responsable`) VALUES
(1, 38, 'aprobado', 'SOLICITUD DE EQUIPO PARA REALIZACIÓN DE ACTIVIDADES DE PASANTES', '07-11-2017', 7, 15, '', 1, 1, 'Andreina Díaz'),
(2, 23, 'aprobado', 'UPS restaurado con batería nueva', '21-11-2017', 7, 13, '', 1, 0, 'Armandina Di Franco'),
(3, 26, 'aprobado', 'Ups restaurado con batería nueva', '22-11-2017', 7, 13, '', 1, 0, 'Armandina Di Franco'),
(4, 23, 'aprobado', 'Asignación de nuevos equipos', '22-12-2017', 7, 13, '', 1, 0, 'Armandina Di Franco'),
(5, 11, 'aprobado', 'Asignación de nuevos equipos', '22-12-2017', 7, 8, '', 1, 0, 'Ruben Avila'),
(6, 44, 'aprobado', 'Asignación de nuevos equipos', '22-12-2017', 7, 18, '', 1, 0, 'María Lugo'),
(7, 35, 'aprobado', 'Asignación de nuevos equipos', '22-12-2017', 7, 14, '', 1, 0, 'Lisbeth Martinez'),
(8, 43, 'aprobado', 'Asignación de nuevos equipos', '22-12-2017', 7, 17, '', 1, 0, 'Franny Colina'),
(9, 10, 'aprobado', 'Cambio de equipo debido a fallas técnicas', '16-02-2018', 10, 7, '', 0, 0, 'Ender Ramirez'),
(10, 38, 'aprobado', 'Teléfono asignado a asistente de infraestructura', '16-02-2018', 7, 15, '', 0, 1, 'Andreina Díaz'),
(11, 31, 'aprobado', 'Para asistente de RRHH', '19-02-2018', 7, 14, '', 0, 0, 'Lisbeth Martinez'),
(12, 22, 'En espera', 'Asignación realizada para el mejoramiento de las funciones del Gerente de Administración', '28-02-2018', 13, 13, '', 0, 0, 'Armandina Di Franco');

-- --------------------------------------------------------

--
-- Estructura de tabla para la tabla `unidades`
--

CREATE TABLE IF NOT EXISTS `unidades` (
  `id` bigint(20) unsigned NOT NULL AUTO_INCREMENT,
  `gerencia_id` int(11) NOT NULL,
  `nombre` varchar(100) NOT NULL,
  UNIQUE KEY `id` (`id`)
) ENGINE=InnoDB  DEFAULT CHARSET=latin1 AUTO_INCREMENT=45 ;

--
-- Volcado de datos para la tabla `unidades`
--

INSERT INTO `unidades` (`id`, `gerencia_id`, `nombre`) VALUES
(9, 7, 'Oficina Gerencia TIC'),
(10, 7, 'Sistemas Automatizados'),
(11, 8, 'Oficina Gerencia Presidencia'),
(12, 8, 'Asistente Presidencia'),
(13, 9, 'Oficina Gerencia INFORMACION Y COMUNICACION'),
(14, 9, 'Emisora'),
(15, 10, 'Oficina Gerencia Gerencia General'),
(16, 10, 'Asistente de Gerencia General'),
(17, 11, 'Oficina Gerencia Operaciones'),
(18, 11, 'Inspectores Operaciones'),
(19, 11, 'Punto de Control'),
(20, 11, 'Identificacion'),
(21, 12, 'Oficina Gerencia Auditoria Interna'),
(22, 13, 'Oficina Gerencia Administracion'),
(23, 13, 'compras'),
(24, 13, 'reproduccion'),
(25, 13, 'tramitacion y caja'),
(26, 13, 'bienes'),
(27, 13, 'asistente administrativo'),
(28, 13, 'analista administracion'),
(29, 13, 'comedor industrial'),
(30, 13, 'centro de distribucion directa'),
(31, 14, 'Oficina Gerencia Recursos humanos'),
(32, 14, 'recepcion'),
(33, 14, 'SHA'),
(34, 14, 'analista 1'),
(35, 14, 'Coordinacion de recursos humanos'),
(36, 14, 'analista 2'),
(37, 13, 'cafetin asi'),
(38, 15, 'Oficina Gerencia Infraestructura'),
(39, 15, 'barberia'),
(40, 14, 'Oficina instructores deportivos'),
(41, 7, 'Soporte tecnico y telecomunicaicones'),
(42, 16, 'Oficina Gerencia Asuntos publicos'),
(43, 17, 'Oficina Gerencia Planificacion y presupuesto'),
(44, 18, 'Oficina Gerencia Consultoría jurídica');

-- --------------------------------------------------------

--
-- Estructura de tabla para la tabla `usuarios`
--

CREATE TABLE IF NOT EXISTS `usuarios` (
  `id` bigint(20) unsigned NOT NULL AUTO_INCREMENT,
  `role_id` int(11) NOT NULL,
  `nombre` varchar(200) NOT NULL,
  `email` varchar(200) NOT NULL,
  `password` varchar(200) NOT NULL,
  `unidad_id` int(11) NOT NULL,
  `created_at` date NOT NULL,
  `updated_at` date NOT NULL,
  UNIQUE KEY `id` (`id`)
) ENGINE=InnoDB  DEFAULT CHARSET=latin1 AUTO_INCREMENT=23 ;

--
-- Volcado de datos para la tabla `usuarios`
--

INSERT INTO `usuarios` (`id`, `role_id`, `nombre`, `email`, `password`, `unidad_id`, `created_at`, `updated_at`) VALUES
(8, 1, 'Administrador', 'tic.sistemas@zonfipca.gob.ve', '$2y$10$we2bMsKu9IVcQBtU1LjT4u2SpHIAMdlMA/bRbuTL/71W5qAJI/40i', 0, '0000-00-00', '0000-00-00'),
(9, 1, 'Elizabeth Díaz', 'bienes@zonfipca.gob.ve', '$2y$10$GXD/ey7vDbdX6JNPiO7iqu/9vwcEehrOi/1I99WY9jjc92/NYMwCa', 0, '0000-00-00', '0000-00-00'),
(10, 280, 'Ender Ramirez', 'tic@zonfipca.gob.ve', '$2y$10$7ASrTGDT/T/vfV/Fu/xLIO.X3xLWp5yTjXizyEuVos2iEO9iHo1ka', 9, '0000-00-00', '0000-00-00'),
(13, 300, 'Andrys Manaure', 'compras@zonfipca.gob.ve', '$2y$10$00MJDr0X5YvgoxQ0dNT92eCQsiacBHFbjFVrHpcMn/vVD.ITQVRha', 0, '0000-00-00', '0000-00-00'),
(14, 280, 'Andreina Díaz', 'infraestructura@zonfipca.gob.ve', '$2y$10$00MJDr0X5YvgoxQ0dNT92eCQsiacBHFbjFVrHpcMn/vVD.ITQVRha', 38, '0000-00-00', '0000-00-00'),
(15, 280, 'Yanira Martinez', 'gerenciaoperaciones@zonfipca.gob.ve', '$2y$10$tupq5KFOtvyN/uKddbDcFOPL3FyStGljbv.aZjEQn1Po/yPbLcGfW', 17, '0000-00-00', '0000-00-00'),
(16, 280, 'Lisbeth Martinez', 'recursoshumanos@zonfipca.gob.ve', '$2y$10$fkW9FDato3bIZDsk3m6rYux2uuzyntot9d3P4X2X6POLyTNmR/p0K', 31, '0000-00-00', '0000-00-00'),
(18, 280, 'Armandina Di Franco', 'administracion@zonfipca.gob.ve', '$2y$10$JOQOruzcyp8dv6jqdQ9uOudIX/108gV0rJb60M1ytp2oE/.MfRGu.', 22, '0000-00-00', '0000-00-00'),
(19, 280, 'Ruben Avila', 'presidencia@zonfipca.gob.ve', '$2y$10$rhhA5ZBQcIfhD0myDZYknunQZQkt8zKcxt0yMEpgySZcy9kmpsfge', 11, '0000-00-00', '0000-00-00'),
(20, 280, 'María Lugo', 'consultoriajuridica@zonfipca.gob.ve', '$2y$10$TfCA8pqnYUgduOrNnyTvMeZHy.c0Yb34iCivMbwyaQvRJXICREkty', 44, '0000-00-00', '0000-00-00'),
(21, 280, 'Franny Colina', 'planificacion@zonfipca.gob.ve', '$2y$10$7/hXJdKE4pg0ux6ux88WEONQnE0LzDRo9CnrgfAWPbxAuNyQ.w4Dy', 43, '0000-00-00', '0000-00-00'),
(22, 145, 'Jehnny Gomez', 'gerenciageneral@zonfipca.gob.ve', '$2y$10$eudTtn9b7Q6tVVR8Um0VqeX1z.J24OoTstp/XnvabGpw2vus7WKd2', 15, '2018-02-04', '2018-02-04');

/*!40101 SET CHARACTER_SET_CLIENT=@OLD_CHARACTER_SET_CLIENT */;
/*!40101 SET CHARACTER_SET_RESULTS=@OLD_CHARACTER_SET_RESULTS */;
/*!40101 SET COLLATION_CONNECTION=@OLD_COLLATION_CONNECTION */;
